open_time,open,high,low,close,volume,macd,signal,hist
2017-08-17,4261.48,4485.39,4200.74,4285.08,795.150377,0.0,0.0,0.0
2017-08-18,4285.08,4371.52,3938.77,4108.37,1199.888264,-14.096524216523903,-2.819304843304781,-11.277219373219122
2017-08-19,4108.37,4184.69,3850.0,4139.98,381.309763,-22.45856997913961,-6.747157870471748,-15.711412108667863
2017-08-20,4120.98,4211.08,4032.62,4086.29,467.083022,-33.037055178007904,-12.005137331978979,-21.031917846028925
2017-08-21,4069.13,4119.62,3911.79,4016.0,691.74306,-46.55573098705827,-18.915256062994835,-27.640474924063433
2017-08-22,4016.0,4104.82,3400.0,4040.0,966.684858,-54.70220655270168,-26.072646160936205,-28.629560391765477
2017-08-23,4040.0,4265.8,4013.89,4114.01,1001.136565,-54.5574542858667,-31.769607785922307,-22.78784649994439
2017-08-24,4147.0,4371.68,4085.01,4316.01,787.418753,-37.70834690545962,-32.957355609829776,-4.750991295629845
2017-08-25,4316.01,4453.91,4247.48,4280.68,573.61274,-26.896102127015183,-31.74510491326686,4.849002786251678
2017-08-26,4280.71,4367.0,4212.41,4337.44,228.108068,-13.590598643880185,-28.114203659389528,14.523605015509343
2017-08-27,4332.51,4400.0,4285.54,4310.01,350.692585,-5.199328409015834,-23.53122860931479,18.331900200298957
2017-08-28,4310.01,4399.82,4124.54,4386.69,603.841616,7.551203295326559,-17.314742228386525,24.865945523713084
2017-08-29,4353.65,4625.85,4313.55,4587.48,603.545028,33.47231841074699,-7.157330100559822,40.62964851130681
2017-08-30,4564.52,4647.51,4416.01,4555.14,808.468771,50.819604402478035,4.43805680004775,46.38154760243029
2017-08-31,4555.14,4745.42,4555.14,4724.89,556.956802,77.37295263642773,19.025035967323745,58.34791666910398
2017-09-01,4689.89,4885.55,4654.88,4834.91,560.666366,106.07163911446332,36.43435659675166,69.63728251771167
2017-09-02,4796.16,4939.19,4286.87,4472.14,929.148595,98.40865400050916,48.82921607750316,49.579437923006
2017-09-03,4508.5,4714.76,4298.33,4509.08,691.216198,94.23020521891522,57.90941390578557,36.32079131312965
2017-09-04,4505.0,4527.49,3972.51,4100.11,1394.644614,57.258255829132395,57.77918229045494,-0.5209264613225457
2017-09-05,4106.97,4484.99,3603.0,4366.47,1228.938157,48.88720424649091,56.000786681662134,-7.1135824351712245
2017-09-06,4366.49,4662.87,4335.26,4619.77,807.363726,61.97783671882098,57.19619668909391,4.781640029727072
2017-09-07,4619.77,4788.59,4438.19,4691.61,500.429975,77.2585563285511,61.20866861698535,16.049887711565745
2017-09-08,4691.66,4735.39,4028.93,4282.8,1132.255046,55.738566776874904,60.11464824896326,-4.376081472088359
2017-09-09,4282.8,4426.62,4150.06,4258.81,658.782952,36.329246566565416,55.357567912483695,-19.02832134591828
2017-09-10,4258.81,4283.0,3801.0,4130.37,660.373275,10.462579774254664,46.37857028483789,-35.91599051058323
2017-09-11,4153.62,4334.43,4098.91,4208.47,699.989065,-3.6923595048974676,36.36438432689082,-40.05674383178829
2017-09-12,4208.6,4394.59,4040.8,4163.72,879.630319,-18.310134045488667,25.429480652414924,-43.73961469790359
2017-09-13,4159.72,4165.38,3760.0,3944.69,913.462545,-47.02662254258394,10.938260013415153,-57.96488255599909
2017-09-14,3944.0,3993.0,3165.13,3189.02,1665.021543,-129.27074746147537,-17.103541481562953,-112.16720597991241
2017-09-15,3188.01,3856.0,2817.0,3700.0,1968.866492,-151.47191943540565,-43.9772170723315,-107.49470236307415
2017-09-16,3674.01,3950.0,3470.66,3714.95,1297.563953,-165.94723172910653,-68.37122000368652,-97.57601172542002
2017-09-17,3685.23,3748.21,3499.02,3699.99,682.17121,-176.59054213893978,-90.01508443073718,-86.5754577082026
2017-09-18,3690.0,4123.2,3690.0,4035.01,1030.006455,-156.19164810517395,-103.25039716562453,-52.94125093954942
2017-09-19,4060.0,4089.97,3830.91,3910.04,902.332129,-148.39876362737823,-112.28007045797528,-36.118693169402945
2017-09-20,3910.04,4046.08,3820.0,3900.0,720.935076,-141.4029850350612,-118.10465337339247,-23.298331661668726
2017-09-21,3889.99,3910.0,3567.0,3609.99,1001.654084,-157.4452327472336,-125.9727692481607,-31.4724634990729
2017-09-22,3592.84,3750.0,3505.55,3595.87,838.966425,-169.3460794419875,-134.64743128692606,-34.69864815506145
2017-09-23,3595.88,3817.19,3542.91,3780.0,752.792791,-162.05180173056124,-140.1283053756531,-21.92349635490814
2017-09-24,3779.54,3789.99,3622.76,3660.02,661.63639,-164.0612217375001,-144.9148886480225,-19.146333089477594
2017-09-25,3660.02,3979.87,3653.69,3920.75,727.994713,-142.96693574022993,-144.525298066464,1.558362326234061
2017-09-26,3928.0,3976.99,3850.05,3882.35,526.727987,-127.87406852595586,-141.1950521583624,13.320983632406524
2017-09-27,3882.36,4249.94,3872.81,4193.0,628.170966,-89.810721636984,-130.91818605408673,41.10746441710273
2017-09-28,4192.11,4300.0,4101.0,4174.5,849.785325,-60.44131057996083,-116.82281095926156,56.38150037930073
2017-09-29,4178.98,4263.86,3952.01,4174.69,1602.309565,-36.727141682520596,-100.80367710391337,64.07653542139278
2017-09-30,4175.0,4380.0,4138.1,4378.51,720.353183,-1.469976401819622,-80.93693696349463,79.46696056167501
2017-10-01,4378.49,4406.52,4240.04,4378.48,726.963685,26.167517495046923,-59.51604607178632,85.68356356683324
2017-10-02,4400.0,4561.63,4360.0,4380.0,655.756974,47.64387291287676,-38.08406227485371,85.72793518773047
2017-10-03,4380.0,4467.33,4180.8,4310.0,1082.323563,58.343081597354285,-18.79863350041211,77.1417150977664
2017-10-04,4314.9,4373.0,4142.0,4208.59,868.465101,57.971087471547435,-3.4446893060201997,61.415776777567636
2017-10-05,4208.59,4355.0,4110.0,4292.43,779.138638,63.707091077008045,9.98566677058545,53.72142430642259
2017-10-06,4318.99,4417.0,4292.0,4369.0,506.529176,73.58325240804425,22.70518389807721,50.87806850996704
2017-10-07,4369.0,4479.5,4312.56,4423.0,297.5975,84.79012236930521,35.12217159232281,49.6679507769824
2017-10-08,4425.0,4658.0,4425.0,4640.0,518.462004,109.91470570226738,50.08067841431172,59.834027287955664
2017-10-09,4640.0,4889.98,4550.0,4786.95,646.463145,140.06912619729792,68.07836797090897,71.99075822638895
2017-10-10,4786.95,4960.0,4680.59,4783.06,1043.221773,161.78784167121285,86.82026271096976,74.96757896024309
2017-10-11,4783.06,4881.61,4710.0,4821.43,753.429396,180.02104790665908,105.46041975010763,74.56062815655145
2017-10-12,4821.43,5439.99,4810.16,5430.0,1276.701482,240.8016961206804,132.5286750242222,108.2730210964582
2017-10-13,5439.99,5846.17,5379.84,5649.98,1879.82762,303.22594533541724,166.6681290864612,136.55781624895604
2017-10-14,5650.0,5900.0,5580.01,5869.99,970.759046,366.2289218388678,206.5802876369425,159.6486342019253
2017-10-15,5855.03,5922.3,5400.01,5709.99,1343.523375,398.6531464858581,244.99485940672562,153.65828707913246
2017-10-16,5710.0,5788.91,5585.19,5760.02,1528.996462,423.50468264534175,280.6968240544489,142.80785859089286
2017-10-17,5760.0,5774.98,5508.63,5595.0,1429.869376,424.985006614791,309.5544605665173,115.4305460482737
2017-10-18,5595.0,5596.0,5037.95,5512.06,2317.804373,414.6853743217416,330.5806433175622,84.10473100417943
2017-10-19,5513.0,5710.0,5490.26,5683.9,1881.722107,415.5981367779368,347.58414200963716,68.01399476829965
2017-10-20,5683.31,6110.0,5600.0,6010.01,1972.97722,437.591575890021,365.585628785714,72.00594710430698
2017-10-21,6013.72,6171.0,5850.03,6024.97,1664.307693,451.02949455743783,382.6744019400588,68.35509261737906
2017-10-22,6003.27,6060.0,5720.03,5950.02,1362.092216,450.4389237748446,396.22730630701597,54.21161746782866
2017-10-23,5975.0,6080.0,5621.03,5915.93,1812.557715,442.12358856027913,405.4065627576686,36.71702580261052
2017-10-24,5909.47,5925.0,5450.0,5477.03,2580.418767,395.5583135225388,403.43691291064266,-7.878599388103851
2017-10-25,5506.92,5704.96,5286.98,5689.99,2282.813205,371.55602323915264,397.0607349763447,-25.504711737192054
2017-10-26,5670.1,5939.99,5650.0,5861.77,1972.965882,362.2198012423214,390.09254822954006,-27.872746987218648
2017-10-27,5861.77,5980.0,5649.24,5768.83,1403.706416,343.36321932181545,380.7466824479951,-37.38346312617966
2017-10-28,5768.79,5850.02,5630.03,5719.64,1276.754412,320.7525842636205,368.74786281112017,-47.99527854749965
2017-10-29,5709.98,6189.88,5648.01,6169.98,1804.778173,335.3069575455056,362.0596817579973,-26.75272421249167
2017-10-30,6133.01,6248.68,6030.0,6120.5,1473.687043,338.9416721390562,357.4360798342091,-18.494407695152915
2017-10-31,6120.52,6498.01,6100.0,6463.0,1511.774925,365.2487371666066,358.99861130068865,6.250125865917937
2017-11-01,6463.0,6774.67,6338.02,6753.98,1675.615188,404.9093865509658,368.1807663507441,36.72862020022171
2017-11-02,6753.98,7300.0,6685.1,7019.98,2503.610803,452.5875661364207,385.06212630787945,67.52543982854127
2017-11-03,7010.31,7346.34,6923.0,7115.04,1891.497592,492.3677060835853,406.5232422630207,85.84446382056461
2017-11-04,7115.02,7480.99,6901.0,7357.09,1399.191767,537.2322863147419,432.66505107336496,104.56723524137698
2017-11-05,7357.27,7590.25,7279.02,7345.01,1207.83233,565.2966464808642,459.19137015486484,106.10527632599934
2017-11-06,7345.1,7401.0,6906.0,6960.12,1763.019261,550.1387902408651,477.3808541720649,72.75793606880018
2017-11-07,6981.72,7198.49,6901.0,7064.04,1440.259494,540.2835035543585,489.96138404852366,50.32211950583485
2017-11-08,7070.0,7770.02,6651.0,7303.0,2822.298802,545.4673843150249,501.0625841018239,44.404800213200986
2017-11-09,7303.01,7392.0,7015.0,7079.99,1913.398308,525.5227053176541,505.95460834498994,19.568096972664137
2017-11-10,7079.0,7279.91,6255.01,6506.98,3254.704105,458.1974701451527,496.40318070502246,-38.20571055986977
2017-11-11,6503.0,6797.98,6100.0,6245.05,2754.156861,379.33345432458736,472.98923542893544,-93.65578110434808
2017-11-12,6245.05,6630.0,5325.01,5811.03,4968.483069,278.5998413104744,434.11135660524326,-155.51151529476886
2017-11-13,5839.94,6697.47,5699.99,6465.99,2621.243039,248.7500893329161,397.03910315077786,-148.28901381786176
2017-11-14,6465.99,6684.98,6311.07,6574.99,1254.292531,231.2239293581015,363.87606839224264,-132.65213903414116
2017-11-15,6575.99,7298.0,6575.99,7240.06,1779.605845,267.9115940005331,344.6831735139008,-76.77157951336767
2017-11-16,7240.14,7940.0,7076.0,7864.5,2331.95675,343.41524471468347,344.4295877540573,-1.0143430393738413
2017-11-17,7876.98,7989.0,7451.0,7699.19,3982.395925,385.46984006377807,352.6376382160015,32.83220184777656
2017-11-18,7680.01,7819.99,7422.0,7761.94,3954.266477,419.03147641917985,365.9164058566372,53.115070562542655
2017-11-19,7761.94,8123.15,7650.33,8038.0,3867.340444,462.5727986187767,385.2476844090651,77.32511420971161
2017-11-20,8057.11,8319.99,7954.0,8212.0,3886.634348,505.29522713847564,409.25719295494724,96.0380341835284
2017-11-21,8212.49,8400.0,7801.0,8119.51,4544.474016,525.6307454699954,432.5319034579569,93.09884201203852
2017-11-22,8091.09,8322.68,8091.09,8205.92,3545.00571,542.4661430748038,454.5187513813263,87.94739169347747
2017-11-23,8233.03,8260.0,8000.0,8019.99,4093.952687,534.6422962629031,470.5434603576417,64.09883590526135
2017-11-24,8019.97,8369.0,7850.0,8138.0,4411.789112,531.8336151850563,482.80149132312465,49.03212386193161
2017-11-25,8138.99,8734.78,8090.0,8700.01,4292.623682,568.4050061903326,499.92219429656626,68.48281189376638
2017-11-26,8700.04,9350.0,8604.72,9128.02,4147.380237,624.7235033461429,524.8824561064816,99.8410472396613
2017-11-27,9128.0,9654.28,9112.04,9650.0,4521.625707,703.3677560654132,560.579516098268,142.78823996714527
2017-11-28,9650.0,9939.0,9570.5,9896.8,4917.210985,776.6557859045524,603.7947700595249,172.8610158450275
2017-11-29,9896.79,11300.03,8520.0,9687.88,13352.538715,808.5584214092378,644.7475003294676,163.8109210797702
2017-11-30,9687.88,10900.0,8850.8,9838.96,9389.574329,836.3909885834601,683.0761979802661,153.31479060319396
2017-12-01,9837.0,10898.0,9380.0,10782.99,6134.923633,923.9728461862433,731.2555276214615,192.71731856478175
2017-12-02,10775.04,11190.0,10620.0,10890.01,4765.439757,990.5987135823125,783.1241648136318,207.47454876868073
2017-12-03,10902.69,11825.0,10500.0,11165.41,5346.636524,1053.478823780575,837.1950966070206,216.28372717355455
2017-12-04,11165.41,11600.0,10802.0,11579.0,4663.424562,1123.731345174876,894.5023463205916,229.22899885428433
2017-12-05,11571.03,11853.0,11447.68,11699.99,5550.732055,1175.6180631313819,950.7254896827496,224.89257344863222
2017-12-06,11699.99,13615.23,11665.58,13550.05,6707.946319,1350.4558271926726,1030.6715571847344,319.7842700079382
2017-12-07,13541.01,16649.96,13050.0,16599.0,7487.065695,1715.2682539963334,1167.5908965470544,547.677357449279
2017-12-08,16599.0,17204.99,14015.0,15880.0,17589.013136,1924.1866139821504,1318.9100400340737,605.2765739480767
2017-12-09,15880.01,16269.3,12535.0,14656.07,13918.758687,1968.3055955780765,1448.7891511428743,519.5164444352022
2017-12-10,14664.01,15720.12,12368.0,14899.98,16553.037173,1999.8981242292666,1559.0109457601527,440.8871784691139
2017-12-11,14946.26,17470.0,14901.08,16587.97,11820.401762,2136.5137164861335,1674.511499905349,462.00221658078453
2017-12-12,16587.97,16976.45,15875.0,16349.99,9436.802411,2200.21683045962,1779.6525660162033,420.5642644434165
2017-12-13,16349.99,16546.0,14666.56,16033.29,12416.328801,2199.7891638524125,1863.6798855834454,336.10927826896705
2017-12-14,16030.34,16445.0,15450.0,16334.98,11616.867151,2198.4517137886196,1930.6342512244805,267.8174625641391
2017-12-15,16334.98,17991.0,16298.45,17539.83,9181.273947,2268.463663581504,1998.2001336958851,270.26352988561894
2017-12-16,17516.81,19539.0,17190.01,19102.66,4202.628709,2422.1350924667368,2082.987125450056,339.1479670166809
2017-12-17,19120.19,19798.68,18510.0,18860.02,9177.183434,2495.5743590581096,2165.504572171667,330.06978688644267
2017-12-18,18860.04,19300.0,17029.98,18856.25,10624.633071,2524.3719114125142,2237.278040019836,287.093871392678
2017-12-19,18856.25,18950.0,16300.0,17295.2,13210.74822,2393.6381201071326,2268.5500560372957,125.08806406983695
2017-12-20,17295.2,17720.35,14777.66,16488.98,13450.496693,2199.6195870888732,2254.7639622476113,-55.14437515873806
2017-12-21,16480.52,17309.5,14022.0,15492.64,20324.2173,1943.0637610821032,2192.42392201451,-249.36016093240687
2017-12-22,15514.03,15699.34,10961.0,13326.61,36076.271175,1547.1265895829856,2063.3644555282053,-516.2378659452197
2017-12-23,13326.61,14950.0,12978.18,13300.0,13141.538875,1217.1655966468352,1894.1246837519316,-676.9590871050964
2017-12-24,13300.0,13819.99,11640.0,13500.0,28557.534988,960.7327321339326,1707.4462934283317,-746.7135612943991
2017-12-25,13500.0,14300.0,12708.0,13699.34,15748.207607,764.7770379185931,1518.912442326384,-754.1354044077909
2017-12-26,13699.34,16050.0,13533.0,15689.01,15034.668104,761.255202987275,1367.380994458562,-606.1257914712871
2017-12-27,15709.98,16498.05,14200.15,15459.99,14959.864723,731.5512559272684,1240.2150467523034,-508.663790825035
2017-12-28,15459.97,15539.99,13150.0,14182.11,21717.858014,598.0030209836477,1111.7726415985724,-513.7696206149246
2017-12-29,14199.14,14981.0,13850.0,14378.9,18072.008116,502.25471131575614,989.8690555420092,-487.614344226253
2017-12-30,14378.99,14398.85,11750.0,12440.01,19221.158039,266.84524121908,845.2642926774233,-578.4190514583433
2017-12-31,12345.1,14050.11,12149.98,13716.36,11768.989718,181.18374480465718,712.4481831028702,-531.264438298213
2018-01-01,13715.65,13818.55,12750.0,13380.0,8609.915844,85.17312801495791,586.9931720852877,-501.8200440703298
2018-01-02,13382.16,15473.49,12890.02,14675.11,20078.092111,112.2941190997808,492.05336148818634,-379.75924238840554
2018-01-03,14690.0,15307.56,14150.0,14919.51,15905.667639,151.7593500739331,423.99455920533575,-272.23520913140266
2018-01-04,14919.51,15280.0,13918.04,15059.54,21329.649574,192.12043587904918,377.61973454007847,-185.4992986610293
2018-01-05,15059.56,17176.24,14600.0,16960.39,23251.491125,373.1877203602198,376.7333317041068,-3.5456113438869465
2018-01-06,16960.39,17143.13,16011.21,17069.79,18571.457508,519.5237669439266,405.29141875207074,114.23234819185586
2018-01-07,17069.79,17099.96,15610.0,16150.03,12493.125558,554.8828488320851,435.2097047680736,119.67314406401147
2018-01-08,16218.85,16322.3,12812.0,14902.54,26600.609912,476.74751015378024,443.517265845215,33.23024430856526
2018-01-09,14902.54,15500.0,14011.05,14400.0,14315.004253,370.0086834382564,428.81554936382327,-58.80686592556685
2018-01-10,14401.0,14955.66,13131.31,14907.09,17411.001655,322.6163983085644,407.5757191527715,-84.95932084420713
2018-01-11,14940.0,14968.68,11400.0,13238.78,33554.723751,148.72459202964637,355.80549372814653,-207.08090169850016
2018-01-12,13238.76,14109.78,12500.0,13740.01,16417.162137,50.773865263774496,294.7991680352721,-244.0253027714976
2018-01-13,13749.95,14580.0,13706.15,14210.0,12221.508528,10.945303093774783,238.02839504697263,-227.08309195319785
2018-01-14,14210.0,14339.5,12569.2,13474.99,17017.894329,-79.01742000914419,174.61923203574926,-253.63665204489345
2018-01-15,13477.98,14249.99,13147.79,13539.93,14652.094705,-143.42015269651347,111.01135508929671,-254.4315077858102
2018-01-16,13500.0,13542.93,9035.0,10900.0,63401.169175,-402.8364230048901,8.241799470459355,-411.07822247534943
2018-01-17,10899.99,11680.99,9037.94,10988.79,72331.796646,-594.4090972008562,-112.28837986380375,-482.12071733705244
2018-01-18,10972.59,11878.82,10435.33,10961.97,48464.434937,-739.8672425429831,-237.80415239963966,-502.0630901433435
2018-01-19,10960.0,11795.0,10360.0,11474.98,34129.375421,-804.4747667564097,-351.13827527099374,-453.336491485416
2018-01-20,11474.98,13099.0,11412.45,12799.94,28768.857827,-740.2305789833808,-428.9567360134712,-311.27384296990965
2018-01-21,12799.8,12799.8,10965.0,11530.0,41379.773426,-782.766892506128,-499.71876731200257,-283.0481251941254
2018-01-22,11530.0,11926.35,9900.24,10760.05,43752.606791,-868.5931564626262,-573.4936451421273,-295.0995113204989
2018-01-23,10760.05,11399.0,9905.0,10799.18,37473.922552,-922.815976867716,-643.3581114872451,-279.45786538047093
2018-01-24,10799.14,11570.48,10500.0,11349.99,27158.587762,-910.842562918795,-696.8550017735552,-213.98756114523985
2018-01-25,11349.96,11794.05,10950.21,11175.27,20839.954183,-905.0194885950677,-738.4878991378578,-166.53158945720998
2018-01-26,11184.7,11643.0,10311.15,11089.0,33056.87196,-897.0255757933428,-770.1954344689548,-126.83014132438802
2018-01-27,11089.0,11650.0,10842.69,11491.0,18860.768345,-848.4716489453422,-785.8506773642323,-62.62097158110987
2018-01-28,11499.98,12244.0,11408.0,11879.95,16887.339524,-769.734280059356,-782.6273979032571,12.89311784390111
2018-01-29,11879.95,11975.02,11139.55,11251.0,14170.377538,-749.4462072277784,-775.9911597681614,26.544952540383065
2018-01-30,11250.11,11308.42,9900.0,10237.51,25554.372946,-805.8585010807838,-781.964628030686,-23.893873050097795
2018-01-31,10230.0,10425.85,9700.0,10285.1,18015.956805,-837.07624126669,-792.9869506778869,-44.089290588803124
2018-02-01,10285.1,10335.0,8750.99,9224.52,33564.764311,-936.5999266970539,-821.7095458817203,-114.89038081533363
2018-02-02,9224.52,9250.0,8010.02,8873.03,49971.626975,-1031.939908994953,-863.7556185043669,-168.18429049058602
2018-02-03,8873.03,9473.01,8229.0,9199.96,28725.000735,-1068.7965913195749,-904.7638130674086,-164.03277825216628
2018-02-04,9199.96,9368.0,7930.0,8184.81,32014.308449,-1166.473518026105,-957.1057540591479,-209.3677639669571
2018-02-05,8179.99,8382.8,6625.0,6939.99,63403.182579,-1329.0097595423213,-1031.4865551557828,-297.5232043865385
2018-02-06,6939.63,7878.0,6000.01,7652.14,100201.500307,-1384.397871732608,-1102.068818471148,-282.3290532614601
2018-02-07,7655.02,8476.0,7150.01,7599.0,60778.460497,-1416.255590722345,-1164.9061729213875,-251.34941780095755
2018-02-08,7599.0,7844.0,7572.09,7784.02,1521.537318,-1410.3162470166135,-1213.9881877404327,-196.32805927618074
2018-02-09,7789.9,8738.0,7789.9,8683.92,20482.910825,-1317.8040404435596,-1234.7513582810582,-83.05268216250147
2018-02-10,8683.93,9065.78,8120.0,8533.98,49381.512653,-1242.266282696084,-1236.2543431640634,-6.011939532020733
2018-02-11,8533.99,8549.0,7726.53,8063.88,45025.187952,-1206.428252749245,-1230.2891250810999,23.860872331854807
2018-02-12,8063.82,8989.0,8053.0,8903.0,41987.85049,-1097.6632064632686,-1203.7639413575337,106.10073489426509
2018-02-13,8903.0,8950.0,8351.0,8539.9,35454.972956,-1028.9046863649892,-1168.7920903590248,139.8874039940356
2018-02-14,8535.17,9489.6,8533.0,9449.99,40811.952867,-890.7088693493552,-1113.1754461570908,222.4665768077357
2018-02-15,9449.98,10219.5,9301.5,10000.09,52427.596715,-728.4026438317014,-1036.220885692013,307.8182418603117
2018-02-16,10000.89,10323.37,9666.0,10159.98,38161.205974,-580.1840039665112,-945.0135093469128,364.82950538040154
2018-02-17,10156.07,11075.07,10050.0,11039.55,41882.108407,-387.28137724630324,-833.4670829267909,446.1857056804877
2018-02-18,11039.55,11274.0,10080.0,10383.43,61137.380728,-284.0734346336467,-723.5883532681621,439.5149186345154
2018-02-19,10375.01,11250.0,10270.33,11153.0,40831.417131,-138.5850074056816,-606.5876840956661,468.00267668998447
2018-02-20,11147.11,11786.01,11100.59,11200.99,48153.354288,-19.190769464619734,-489.10830116945687,469.91753170483713
2018-02-21,11195.07,11304.03,10200.0,10437.6,68113.818754,13.673214899055893,-388.55199795575436,402.22521285481025
2018-02-22,10439.02,10933.44,9679.0,9811.04,67060.166483,-10.716463618280613,-312.98489108825964,302.26842746997903
2018-02-23,9815.55,10435.0,9570.19,10131.04,57202.70237,-4.1759956347887055,-251.22311199756547,247.04711636277676
2018-02-24,10131.04,10496.97,9352.0,9694.51,40888.156299,-33.82701364618697,-207.74389232728979,173.91687868110282
2018-02-25,9694.51,9847.0,9274.8,9590.0,28373.517586,-65.0093552374965,-179.19698490933112,114.18762967183463
2018-02-26,9590.0,10444.32,9350.0,10324.0,34878.292756,-30.146410840516182,-149.38687009556813,119.24045925505195
2018-02-27,10321.0,10870.0,10121.0,10569.04,30705.385123,17.05876110401914,-116.09774385565068,133.1565049596698
2018-02-28,10584.33,11098.0,10300.0,10326.76,30800.983782,34.52128885424827,-85.97393731367089,120.49522616791916
2018-03-01,10325.64,11060.41,10240.0,10920.0,25092.55393,95.13334006762852,-49.75248183741101,144.88582190503953
2018-03-02,10923.36,11200.0,10770.0,11039.0,23910.71009,151.0301512454298,-9.595955220842846,160.62610646627266
2018-03-03,11038.99,11544.0,11015.01,11464.48,21287.15328,227.04423235344802,37.732082294015335,189.3121500594327
2018-03-04,11464.47,11565.0,11050.02,11515.0,17295.918653,288.04211091553043,87.79408801831835,200.24802289721208
2018-03-05,11515.0,11710.0,11415.01,11454.0,15144.231063,327.6838435676982,135.7720391281943,191.9118044395039
2018-03-06,11455.0,11455.0,10555.48,10716.48,29515.572363,296.1743880266022,167.8525089078759,128.3218791187263
2018-03-07,10716.48,10899.0,9389.31,9910.0,50647.67108,203.7776990639013,175.03754693908098,28.740152124820327
2018-03-08,9910.0,10099.0,9060.0,9271.64,41109.473226,78.14157296419035,155.65835214410288,-77.51677917991253
2018-03-09,9267.07,9410.0,8329.0,9227.0,64112.291407,-24.742817261671007,119.57811826294811,-144.32093552461913
2018-03-10,9230.0,9490.0,8667.07,8770.22,37180.012857,-141.50656667211297,67.3611812759359,-208.86774794804887
2018-03-11,8770.22,9740.0,8450.0,9533.57,44325.973386,-170.4815091826058,19.792643184227565,-190.27415236683336
2018-03-12,9533.57,9888.88,8780.0,9131.34,42230.77793,-223.32658939244902,-28.83120333110776,-194.49538606134126
2018-03-13,9131.34,9474.0,8823.0,9150.0,40191.409358,-260.6958506463998,-75.20413279416617,-185.4917178522336
2018-03-14,9151.92,9333.78,7900.28,8170.0,49708.094108,-365.17950717703025,-133.19920767073899,-231.98029950629126
2018-03-15,8184.01,8430.0,7650.0,8240.98,52291.022277,-437.21610979017896,-194.002588094627,-243.21352169555198
2018-03-16,8240.98,8611.64,7900.0,8260.0,38815.409893,-487.1552587344959,-252.63312222260078,-234.5221365118951
2018-03-17,8260.0,8348.62,7721.99,7824.8,33110.206329,-555.4465548164007,-313.1958087413608,-242.25074607503996
2018-03-18,7824.01,8317.4,7322.0,8189.99,59488.231711,-573.4892904382195,-365.25450508073254,-208.234785357487
2018-03-19,8189.0,8705.23,8088.4,8600.0,55297.084942,-548.3824959488957,-401.88010325436517,-146.5023926945305
2018-03-20,8595.01,9050.0,8280.0,8909.98,44865.105835,-497.7348080048505,-421.0510442044623,-76.68376380038819
2018-03-21,8909.96,9177.01,8750.6,8885.0,39972.405371,-454.3740860201451,-427.7156525675989,-26.658433452546205
2018-03-22,8884.82,9100.0,8465.1,8722.9,40617.556809,-428.15501225982007,-427.8035245060432,-0.3514877537768939
2018-03-23,8720.0,8909.0,8269.0,8898.03,39991.007666,-388.7632591739821,-419.995471439631,31.23221226564891
2018-03-24,8898.04,8999.95,8491.0,8546.86,35466.609572,-381.48398528423604,-412.293174208552,30.809188924315947
2018-03-25,8531.25,8669.85,8365.77,8470.15,29001.769316,-377.55277086595197,-405.34509354003205,27.792322674080083
2018-03-26,8470.14,8514.89,7831.0,8134.23,44033.59566,-396.967200927229,-403.66951501747144,6.702314090242453
2018-03-27,8134.22,8215.94,7730.0,7795.51,37427.64805,-434.67449284501345,-409.8705105829799,-24.80398226203357
2018-03-28,7795.51,8109.0,7728.0,7949.3,26401.33167,-446.99553930088405,-417.29551632656074,-29.700022974323304
2018-03-29,7949.3,7975.0,6941.11,7090.14,54620.915125,-520.0917946232803,-437.8547719859047,-82.23702263737562
2018-03-30,7090.16,7292.43,6600.1,6840.23,65306.031976,-591.3698089684813,-468.55777938242,-122.81202958606127
2018-03-31,6840.24,7223.36,6777.0,6923.91,36868.539087,-633.7998223845962,-501.6061879828552,-132.19363440174095
2018-04-01,6922.0,7049.98,6430.0,6813.01,44071.430463,-668.6666440367144,-535.0182791936271,-133.64836484308728
2018-04-02,6813.01,7125.0,6765.0,7056.0,32123.560072,-668.9800040885248,-561.8106241726066,-107.16937991591817
2018-04-03,7063.97,7520.0,7011.01,7405.21,37787.331811,-633.7446023731218,-576.1974198127097,-57.547182560412125
2018-04-04,7405.21,7427.52,6707.0,6796.1,42227.183804,-647.50632920723,-590.4592016916138,-57.04712751561624
2018-04-05,6796.1,6902.0,6566.69,6770.76,39029.73146,-652.9307439153517,-602.9535101363614,-49.97723377899035
2018-04-06,6770.0,6850.0,6500.0,6601.39,27455.01192,-663.2508324312266,-615.0129745953345,-48.2378578358921
2018-04-07,6601.39,7070.0,6586.28,6895.8,32269.578267,-640.2922598162431,-620.0688316395162,-20.223428176726884
2018-04-08,6895.81,7109.13,6880.0,7018.0,21427.673165,-605.2598481114419,-617.1070349339014,11.847186822459548
2018-04-09,7011.04,7185.0,6611.0,6782.72,34078.297206,-589.684028706125,-611.6224336883462,21.938404982221186
2018-04-10,6781.55,6890.0,6656.0,6843.9,22326.728095,-565.8802496426306,-602.4739968792031,36.59374723657254
2018-04-11,6839.56,6990.0,6787.0,6953.79,23997.871177,-532.0156335713145,-588.3823242176254,56.36669064631087
2018-04-12,6953.78,8012.23,6743.2,7923.0,64861.595987,-422.10477330380127,-555.1268140348606,133.0220407310593
2018-04-13,7922.99,8233.39,7732.0,7877.41,55044.523148,-334.8187742531427,-511.065206078517,176.24643182537432
2018-04-14,7877.48,8186.0,7810.0,7999.01,31621.286357,-252.91642429318927,-459.4354497214515,206.51902542826224
2018-04-15,8004.0,8429.54,7999.02,8355.0,27946.720444,-157.46761535826045,-399.0418828488133,241.57426749055287
2018-04-16,8355.07,8419.0,7867.0,8064.92,36664.069715,-104.0315671572962,-340.0398197105099,236.0082525532137
2018-04-17,8064.92,8173.7,7825.4,7885.02,32152.603567,-75.33116965332374,-287.09808969907266,211.76692004574892
2018-04-18,7890.96,8236.43,7868.0,8173.0,26969.04457,-29.01386483222541,-235.48124472570322,206.4673798934778
2018-04-19,8173.99,8296.0,8080.0,8278.0,27113.847464,15.98133256131041,-185.1887292683005,201.17006182961092
2018-04-20,8273.84,8930.0,8177.09,8856.98,39795.337485,97.2382953903043,-128.70332433657956,225.94161972688386
2018-04-21,8852.12,9035.0,8565.0,8915.31,40872.229909,164.4461346963226,-70.07343252999914,234.51956722632173
2018-04-22,8915.31,9020.67,8727.68,8787.02,29458.25348,204.99385911333047,-15.059974201333212,220.05383331466368
2018-04-23,8785.7,8985.0,8745.0,8934.01,25838.114709,246.1516049202355,37.18234162298053,208.969263297255
2018-04-24,8934.0,9731.01,8922.0,9619.99,46268.790106,330.3146068496317,95.80879466831077,234.5058121813209
2018-04-25,9618.96,9759.82,8730.0,8869.99,81110.037589,332.66095187295286,143.17922610923918,189.48172576371368
2018-04-26,8869.99,9307.48,8651.62,9266.0,43300.304245,362.29878969039237,187.00313882546982,175.29565086492255
2018-04-27,9267.03,9395.0,8889.0,8915.35,37241.347036,353.4184769867861,220.2862064577331,133.13227052905302
2018-04-28,8915.35,9427.48,8870.0,9348.0,34759.62842,376.94679635590546,251.6183244373676,125.32847191853787
2018-04-29,9348.0,9570.51,9163.74,9419.0,38149.850035,396.7487924843499,280.64441804676403,116.10437443758588
2018-04-30,9417.04,9458.64,9124.99,9246.01,35002.033875,393.94205107519156,303.30394465244956,90.638106422742
2018-05-01,9246.01,9248.99,8800.49,9071.48,41018.463633,373.3310479645934,317.30936531487833,56.021682649715046
2018-05-02,9071.48,9268.0,8970.2,9247.84,26123.543961,366.9969452658115,327.246881305065,39.7500639607465
2018-05-03,9247.81,9844.0,9168.4,9750.0,38768.388288,397.9103753990639,341.3795801238648,56.530795275199125
2018-05-04,9750.0,9830.04,9520.85,9713.99,28681.588879,414.7231155274076,356.0482872045734,58.67482832283417
2018-05-05,9714.0,10020.0,9682.0,9864.0,24990.018345,435.1359106077052,371.8658118851998,63.27009872250545
2018-05-06,9863.99,9970.0,9417.03,9659.01,27690.351559,429.817548797595,383.45615926767886,46.36138952991615
2018-05-07,9661.02,9689.67,9181.0,9365.0,33787.640012,397.2987462535184,386.22467666484675,11.074069588671648
2018-05-08,9365.0,9475.7,9060.54,9187.56,25533.831889,353.13867307792134,379.6074759474617,-26.468802869540355
2018-05-09,9178.0,9390.0,8965.0,9310.0,25673.524899,324.28324625284586,368.5426300085386,-44.25938375569274
2018-05-10,9310.0,9395.12,8970.0,9002.2,25055.063718,273.4263363898608,349.51937128480307,-76.09303489494226
2018-05-11,9002.21,9016.8,8341.0,8400.0,48227.048061,182.42646300558772,316.10078962896,-133.67432662337228
2018-05-12,8405.94,8646.88,8153.0,8465.94,40241.32081,114.31150279847134,275.74293226286227,-161.43142946439093
2018-05-13,8475.44,8763.36,8298.0,8679.71,25632.869362,76.69526328807115,235.93339846790406,-159.2381351798329
2018-05-14,8679.71,8879.99,8277.0,8663.34,37389.666533,45.04396152592744,197.75551107950875,-152.7115495535813
2018-05-15,8663.37,8859.99,8401.3,8462.0,28126.956136,3.6713010396233585,158.93866907153168,-155.26736803190832
2018-05-16,8462.0,8488.0,8083.01,8330.0,31130.718908,-39.31492926776082,119.28794940367318,-158.60287867143398
2018-05-17,8330.0,8464.0,7979.0,8041.46,25439.844799,-95.5630022519781,76.31775907254293,-171.88076132452102
2018-05-18,8038.82,8273.21,7911.9,8239.81,23476.158251,-122.72017621679879,36.51017201467459,-159.23034823147339
2018-05-19,8238.01,8390.8,8095.73,8233.49,17193.424276,-143.10280338334633,0.5875769350704054,-143.69038031841674
2018-05-20,8233.49,8609.0,8163.9,8526.98,19957.057109,-134.02898930148694,-26.335736312241064,-107.69325298924588
2018-05-21,8526.97,8595.31,8305.0,8381.24,21516.596486,-137.0184627210965,-48.47228159401216,-88.54618112708435
2018-05-22,8386.89,8400.18,7935.11,7977.11,23710.902858,-170.0374693863596,-72.78531915248165,-97.25215023387794
2018-05-23,7977.12,8031.9,7425.0,7501.95,42910.666774,-231.87381398864454,-104.60301811971424,-127.2707958689303
2018-05-24,7501.95,7730.73,7266.99,7575.01,37845.446595,-271.85050774839874,-138.05251604545114,-133.7979917029476
2018-05-25,7578.99,7649.55,7308.15,7457.0,26739.95664,-309.48717086218403,-172.33944700879772,-137.1477238533863
2018-05-26,7456.99,7620.0,7300.0,7333.96,19464.086071,-345.26282235176404,-206.92412207739096,-138.33870027437308
2018-05-27,7334.0,7400.0,7231.11,7338.99,18706.945515,-368.956306312527,-239.33055892441817,-129.6257473881088
2018-05-28,7338.99,7437.0,7058.02,7099.0,27219.438963,-402.4594483750907,-271.9563368145527,-130.503111560538
2018-05-29,7099.0,7540.0,7032.95,7461.29,39407.21183,-395.22128961071485,-296.60932737378516,-98.61196223692968
2018-05-30,7467.98,7569.0,7260.5,7375.96,32041.583623,-391.8533727484746,-315.65813644872304,-76.19523629975157
2018-05-31,7382.07,7699.0,7327.51,7485.01,30776.063102,-376.04998064559913,-327.7365052880983,-48.31347535750086
2018-06-01,7485.01,7608.55,7355.54,7521.01,28259.124078,-356.5111408995199,-333.49143241038263,-23.01970848913726
2018-06-02,7521.01,7697.33,7437.0,7640.03,26720.690219,-327.64565516228504,-332.32227696076313,4.676621798478095
2018-06-03,7636.81,7786.69,7600.0,7714.26,27505.158951,-295.3749110073295,-324.9328037700764,29.557892762746917
2018-06-04,7714.26,7760.52,7446.5,7487.0,32258.835115,-284.8544714442469,-316.9171373049105,32.06266586066363
2018-06-05,7487.0,7679.49,7358.0,7625.0,31722.973384,-262.3572100037218,-306.0051518446728,43.647941840951034
2018-06-06,7626.64,7699.0,7467.05,7658.84,27229.991898,-239.0418375360323,-292.61248898294474,53.57065144691245
2018-06-07,7658.79,7765.0,7620.0,7691.08,25062.227202,-215.47883246834226,-277.18575768002427,61.706925211682005
2018-06-08,7691.08,7703.5,7531.0,7603.44,23396.804671,-201.55341445270733,-262.0592890345609,60.50587458185356
2018-06-09,7603.44,7683.98,7450.0,7491.73,19339.885176,-197.25762068601034,-249.09895536485078,51.84133467884044
2018-06-10,7491.73,7491.73,6622.81,6764.99,52342.020032,-249.6175814592707,-249.20268058373478,-0.4149008755359205
2018-06-11,6765.0,6922.0,6610.0,6872.0,34552.162303,-279.2592876894978,-255.2140020048874,-24.045285684610405
2018-06-12,6872.0,6890.51,6435.0,6530.0,36722.211191,-326.58245595888275,-269.4876927956865,-57.09476316319626
2018-06-13,6530.0,6627.6,6118.68,6292.78,46185.5181,-378.8608076689834,-291.3623157703459,-87.4984918986375
2018-06-14,6292.78,6720.0,6260.0,6635.98,44478.130837,-388.12435037440264,-310.71472269115725,-77.40962768324539
2018-06-15,6638.67,6666.66,6362.31,6388.9,30018.329905,-410.6691277034415,-330.70560369361414,-79.96352400982738
2018-06-16,6380.01,6560.0,6320.86,6483.98,22277.241147,-416.0676953805687,-347.7780220310051,-68.2896733495636
2018-06-17,6482.5,6589.03,6422.0,6449.61,19847.247688,-418.29759660475156,-361.88193694575443,-56.41565965899713
2018-06-18,6444.06,6794.38,6380.0,6712.46,31821.434995,-394.30965486751666,-368.3674805301069,-25.942174337409767
2018-06-19,6711.39,6841.74,6653.0,6741.21,24311.421143,-368.72867880709146,-368.4397201855038,-0.2889586215876534
2018-06-20,6740.0,6817.23,6551.81,6761.51,26359.752452,-342.86519410097935,-363.32481496859896,20.459620867619606
2018-06-21,6763.21,6795.0,6672.57,6718.84,25428.854048,-322.09835914204814,-355.0795238032888,32.981164661240655
2018-06-22,6717.69,6733.97,5918.94,6045.0,52157.370833,-355.91102851448613,-355.2458247455283,-0.6652037689578378
2018-06-23,6045.92,6260.0,6008.48,6149.98,26622.788589,-369.97199707107484,-358.1910592106376,-11.780937860437234
2018-06-24,6149.98,6259.8,5750.0,6136.97,47445.998955,-377.8100550903846,-362.114858386587,-15.695196703797592
2018-06-25,6137.95,6350.0,6061.97,6252.0,39164.515306,-370.4692737084706,-363.78574145096377,-6.68353225750684
2018-06-26,6252.0,6272.54,6035.0,6070.78,19377.240484,-374.9523734951945,-366.0190678598099,-8.933305635384556
2018-06-27,6065.89,6190.43,5971.0,6133.73,19225.671098,-369.17015967003226,-366.6492862218544,-2.520873448177838
2018-06-28,6134.73,6173.01,5827.0,5853.98,30585.266026,-382.7491071327113,-369.8692504040258,-12.879856728685468
2018-06-29,5851.01,6300.0,5780.0,6197.92,33911.287278,-361.58926133130444,-368.21325258948156,6.623991258177114
2018-06-30,6197.92,6528.99,6186.03,6390.07,37919.61284,-325.56215409280867,-359.683032890147,34.12087879733832
2018-07-01,6391.08,6441.06,6251.0,6356.81,27562.965974,-296.2788973778297,-347.0022057876835,50.723308409853814
2018-07-02,6360.82,6685.0,6271.62,6615.29,36230.452264,-249.34029000993723,-327.46982263213425,78.12953262219702
2018-07-03,6615.29,6679.35,6463.01,6513.86,38657.781691,-217.81482509195848,-305.5388231240991,87.72399803214063
2018-07-04,6511.01,6784.92,6441.11,6586.98,23571.892777,-184.80023206400438,-281.39110491208015,96.59087284807578
2018-07-05,6585.53,6712.0,6453.33,6529.2,35071.972898,-161.43734314393714,-257.4003525584516,95.96300941451443
2018-07-06,6529.2,6648.54,6425.0,6609.78,29397.094748,-134.86530945278537,-232.89334393731832,98.02803448453295
2018-07-07,6609.79,6818.16,6508.88,6756.98,23973.876886,-100.76738779216521,-206.46815270828773,105.70076491612252
2018-07-08,6753.48,6780.0,6667.44,6712.1,24622.947794,-76.48431654476008,-180.47138547558222,103.98706893082215
2018-07-09,6712.1,6802.06,6612.24,6662.12,26732.40655,-60.57451067804868,-156.4920105160755,95.91749983802683
2018-07-10,6662.78,6681.0,6263.0,6296.91,38560.672702,-76.55281650124743,-140.5041717131099,63.95135521186248
2018-07-11,6296.91,6406.0,6278.99,6378.07,28715.498487,-81.72473341114528,-128.748284052717,47.02355064157172
2018-07-12,6378.07,6380.28,6070.0,6250.57,31306.663348,-95.01640924184994,-122.00190909054359,26.98549984869365
2018-07-13,6251.4,6350.0,6110.0,6214.57,26375.325286,-107.21910216628567,-119.04534770569201,11.826245539406344
2018-07-14,6214.57,6335.0,6178.0,6251.99,17783.071999,-112.5726752305427,-117.75081321066216,5.178137980119459
2018-07-15,6250.9,6395.0,6225.4,6353.01,22979.211508,-107.42561509307416,-115.68577358714457,8.26015849407041
2018-07-16,6354.15,6747.3,6330.4,6723.35,36204.87708,-72.62600256265705,-107.07381938224707,34.44781681959002
2018-07-17,6723.33,7468.99,6652.04,7317.44,52105.423459,2.8580927539096592,-85.08743695501572,87.94552970892538
2018-07-18,7317.44,7588.08,7225.38,7381.9,59487.64345,67.10759087653241,-54.64843138870609,121.7560222652385
2018-07-19,7381.88,7576.28,7270.0,7466.21,41218.256437,123.40634193127607,-19.03747672470966,142.44381865598572
2018-07-20,7468.86,7700.0,7273.0,7337.53,46140.313447,155.8436387185393,15.938746363940133,139.90489235459916
2018-07-21,7337.47,7458.47,7211.0,7398.78,28886.490291,184.3675192359833,49.624500938348774,134.74301829763453
2018-07-22,7399.25,7582.4,7335.5,7394.79,30270.21844,204.29594392359922,80.55878953539887,123.73715438820035
2018-07-23,7394.78,7833.0,7375.0,7721.01,41646.346671,243.6044710273036,113.16792583377982,130.43654519352378
2018-07-24,7721.65,8486.0,7696.0,8397.24,60121.163749,325.5699042734841,155.64832152172067,169.92158275176342
2018-07-25,8397.24,8491.77,8050.0,8175.64,48257.649124,368.4001450871765,198.19868623481184,170.20145885236465
2018-07-26,8175.63,8315.69,7850.06,7920.0,43223.481682,377.3653748404986,234.0320239559492,143.3333508845494
2018-07-27,7920.0,8285.0,7805.0,8188.57,43671.005891,401.5133425977692,267.5282876843132,133.985054913456
2018-07-28,8188.57,8246.54,8067.0,8225.04,26215.173839,418.76632767713727,297.77589568287806,120.99043199425921
2018-07-29,8225.04,8294.51,8115.0,8211.0,25531.226185,426.3913578370166,323.49898811370576,102.89236972331082
2018-07-30,8210.99,8273.0,7866.0,8173.92,39692.416542,424.548274824534,343.7088454558714,80.83942936866259
2018-07-31,8171.4,8180.0,7633.0,7730.93,48296.915587,382.9278733210285,351.55265102890286,31.37522229212567
2018-08-01,7735.67,7750.0,7430.0,7604.58,42582.312932,335.8762439570728,348.4173696145369,-12.541125657464079
2018-08-02,7600.08,7709.46,7455.72,7525.71,37665.696684,288.89315834192803,336.51252736001516,-47.61936901808713
2018-08-03,7525.71,7540.0,7282.44,7418.78,44669.486047,240.26079031477002,317.26217995096613,-77.00138963619611
2018-08-04,7412.27,7494.81,6926.0,7009.84,36288.42601,166.79849866597397,287.1694436939677,-120.37094502799374
2018-08-05,7009.84,7089.87,6882.29,7024.19,32894.849782,108.48646391360126,251.4328477378944,-142.94638382429315
2018-08-06,7024.19,7160.0,6821.0,6934.82,32760.191643,54.43485305161539,212.03324880063863,-157.59839574902324
2018-08-07,6935.0,7150.46,6670.0,6720.06,45438.473501,-5.665467174175319,168.49350560567584,-174.15897277985115
2018-08-08,6720.63,6721.54,6123.0,6285.0,59550.536319,-87.39368994738288,117.31606649506409,-204.70975644244697
2018-08-09,6283.27,6622.81,6178.6,6529.79,51941.185111,-130.90242642271733,67.67236791150782,-198.57479433422515
2018-08-10,6529.79,6575.88,6026.39,6144.01,59034.974902,-194.27317521196528,15.283259286813205,-209.5564344987785
2018-08-11,6148.13,6488.0,5971.0,6232.35,47133.418555,-234.66161742334953,-34.70571605521934,-199.95590136813018
2018-08-12,6222.55,6472.3,6130.0,6308.33,38567.770712,-257.56969474083326,-79.27851179234213,-178.29118294849113
2018-08-13,6308.56,6545.0,6145.04,6246.35,53895.828783,-277.52662489281283,-118.92813441243628,-158.59849048037654
2018-08-14,6248.25,6250.33,5880.0,6188.08,50186.745091,-294.6480188877513,-154.07211130749928,-140.575907580252
2018-08-15,6188.08,6609.0,6172.11,6267.16,68806.687026,-298.3960282127,-182.93689468853944,-115.45913352416056
2018-08-16,6265.27,6480.0,6205.6,6311.75,48515.254618,-294.3749411799645,-205.22450398682446,-89.15043719314002
2018-08-17,6316.0,6585.0,6285.4,6584.49,57851.610803,-266.11277964514284,-217.40215911848816,-48.71062052665468
2018-08-18,6579.04,6620.0,6288.0,6387.96,53742.322172,-256.61504306207644,-225.24473590720584,-31.370307154870602
2018-08-19,6387.96,6541.0,6300.0,6477.53,45190.847994,-239.10422331110385,-228.01663338798545,-11.0875899231184
2018-08-20,6477.53,6530.0,6220.0,6254.84,49435.55526,-240.42453007816493,-230.49821272602136,-9.92631735214357
2018-08-21,6251.0,6500.0,6235.08,6480.0,41569.947408,-220.7575962907822,-228.55008943897354,7.79249314819134
2018-08-22,6479.98,6882.54,6251.2,6360.89,77909.391359,-212.3349262717129,-225.30705680552143,12.972130533808524
2018-08-23,6362.57,6576.99,6342.28,6525.01,40358.166825,-190.22400330780783,-218.29044610597873,28.066442798170897
2018-08-24,6525.0,6725.0,6440.5,6681.64,38305.675322,-158.23813485109713,-206.27998385500243,48.0418490039053
2018-08-25,6686.98,6789.0,6650.61,6733.64,19220.505929,-127.22654976562717,-190.4692970371274,63.242747271500235
2018-08-26,6733.64,6775.27,6568.0,6700.0,20107.297208,-104.1633813964927,-173.20811390900047,69.04473251250778
2018-08-27,6700.0,6940.51,6646.5,6908.64,37747.078747,-68.26325368396101,-152.21914186399258,83.95588818003156
2018-08-28,6907.26,7135.0,6860.0,7076.11,48352.917163,-25.999013981163444,-126.97511628742676,100.97610230626331
2018-08-29,7077.0,7133.81,6912.34,7031.22,43252.487392,3.829310731638543,-100.8142308836137,104.64354161525225
2018-08-30,7033.21,7063.63,6784.81,6984.84,44716.77462,23.455612877205567,-75.96026213144985,99.41587500865542
2018-08-31,6984.84,7089.0,6888.0,7011.21,40467.400638,40.66863463937716,-52.63448277728445,93.3031174166616
2018-09-01,7011.21,7275.0,7008.74,7200.01,40323.414093,68.75212878763887,-28.35716046429979,97.10928925193866
2018-09-02,7201.57,7345.45,7127.0,7302.01,39814.840352,98.1081184617733,-3.0641046790851725,101.17222314085848
2018-09-03,7302.0,7338.28,7191.63,7263.02,32396.018371,116.87947084507778,20.924610425747417,95.95486041933036
2018-09-04,7263.0,7410.0,7227.17,7359.06,35300.640518,137.91572162008652,44.322832664615234,93.59288895547128
2018-09-05,7359.05,7397.3,6682.0,6700.0,63715.256267,100.25083864757107,55.508433861206406,44.742404786364666
2018-09-06,6697.27,6725.0,6265.0,6516.01,60644.464227,54.92159029420418,55.39106514780596,-0.4694748536017812
2018-09-07,6516.84,6544.0,6320.0,6395.54,38906.28805,9.171192407159651,46.1470905996767,-36.97589819251705
2018-09-08,6395.54,6478.0,6111.0,6185.05,38215.032171,-43.568876506133165,28.20389717851473,-71.77277368464789
2018-09-09,6185.06,6441.0,6141.53,6250.81,37053.92382,-79.14711993955461,6.733693754900861,-85.88081369445547
2018-09-10,6252.26,6373.98,6221.0,6312.0,32439.456432,-101.238597046201,-14.860764405319511,-86.37783264088148
2018-09-11,6311.99,6404.0,6169.68,6294.91,33104.88859,-118.75632301811766,-35.63987612787914,-83.1164468902385
2018-09-12,6293.0,6360.0,6192.37,6338.62,31433.645939,-127.64085108137897,-54.04007111857911,-73.60077996279986
2018-09-13,6338.62,6535.0,6337.4,6487.38,40465.063107,-121.28017248614015,-67.48809139209132,-53.792081094048825
2018-09-14,6487.39,6584.99,6385.62,6476.63,37173.339277,-115.7721744700857,-77.1449080076902,-38.6272664623955
2018-09-15,6476.63,6565.45,6466.13,6514.96,25243.656612,-107.07978657180865,-83.1318837205139,-23.947902851294756
2018-09-16,6514.96,6524.62,6370.0,6505.0,27568.132897,-99.84375859940701,-86.47425869629254,-13.369499903114473
2018-09-17,6500.08,6533.84,6201.0,6248.69,35987.254738,-113.48306707003758,-91.87602037104155,-21.60704669899603
2018-09-18,6248.69,6390.0,6224.98,6336.45,32620.86667,-115.87508291375161,-96.67583287958357,-19.199250034168045
2018-09-19,6336.39,6517.7,6123.0,6391.89,39044.080082,-112.00609153302776,-99.74188461027242,-12.264206922755335
2018-09-20,6392.0,6540.0,6325.0,6492.0,25189.024728,-99.71242487823929,-99.7359926638658,0.023567785626511295
2018-09-21,6492.0,6784.86,6491.0,6759.02,51779.343463,-67.64357009311152,-93.31750814971495,25.673938056603433
2018-09-22,6759.01,6839.03,6627.0,6723.05,29349.690667,-44.616933778916064,-83.57739327555518,38.96045949663912
2018-09-23,6723.05,6788.23,6661.75,6708.0,30286.229773,-27.26823656660963,-72.31556193376608,45.047325367156446
2018-09-24,6706.81,6730.0,6557.0,6581.39,35305.73991,-23.465146311194985,-62.54547880925186,39.080332498056876
2018-09-25,6581.42,6584.01,6325.02,6447.54,40301.029452,-30.895600996425856,-56.215503246686666,25.31990225026081
2018-09-26,6445.11,6557.99,6379.7,6465.12,33484.54207,-34.962702519082995,-51.964943101165936,17.00224058208294
2018-09-27,6467.84,6750.0,6434.0,6689.13,33087.428297,-19.880999124936352,-45.54815430592002,25.66715518098367
2018-09-28,6689.12,6814.8,6540.88,6634.58,42399.448523,-12.189852601032726,-38.87649396494257,26.686641363909843
2018-09-29,6634.58,6636.0,6464.57,6596.38,30255.9597,-9.072403300526275,-32.915675832059314,23.84327253153304
2018-09-30,6597.66,6662.0,6533.0,6626.57,27764.724519,-4.11824896764665,-27.156190459176784,23.037941491530134
2018-10-01,6626.57,6667.09,6510.0,6611.61,20621.506894,-1.3832477214573373,-22.001601911632896,20.61835419017556
2018-10-02,6610.0,6640.0,6494.0,6525.79,28245.810088,-6.070716856534091,-18.815424900613134,12.744708044079044
2018-10-03,6525.79,6549.0,6430.0,6510.0,28451.969138,-10.933654590778133,-17.239070838646136,6.305416247868003
2018-10-04,6510.01,6643.46,6505.09,6593.79,20074.300818,-7.934945925690954,-15.378245856055099,7.4432999303641445
2018-10-05,6591.69,6697.0,6543.08,6635.65,16096.552392,-2.155844311439978,-12.733765547132075,10.577921235692097
2018-10-06,6635.65,6651.0,6566.77,6594.27,10939.505391,-0.9044587810567464,-10.36790419391701,9.463445412860263
2018-10-07,6596.44,6640.0,6525.0,6615.26,17406.831762,1.7606946547830375,-7.942184424177,9.702879078960038
2018-10-08,6615.26,6715.6,6587.0,6673.01,23123.419541,8.435550541497832,-4.666637431042035,13.102187972539866
2018-10-09,6673.01,6685.38,6607.0,6656.61,15354.779469,12.26074474856523,-1.2811609951205818,13.541905743685811
2018-10-10,6656.67,6659.95,6530.0,6631.0,15390.661444,13.075005227052316,1.5900722493139978,11.484932977738318
2018-10-11,6630.21,6633.92,6205.0,6252.68,48712.400332,-16.61541753455458,-2.051025707459718,-14.564391827094862
2018-10-12,6252.71,6360.0,6209.0,6298.01,29004.071419,-36.071726905790456,-8.855165947125865,-27.21656095866459
2018-10-13,6298.0,6345.0,6285.07,6332.93,19098.070025,-48.11855929743251,-16.707844617187195,-31.410714680245317
2018-10-14,6332.92,6416.0,6308.0,6339.34,15627.411314,-56.49726206242394,-24.665728106234546,-31.831533956189396
2018-10-15,6339.34,7680.0,6300.0,6752.5,90748.031246,-29.459296854796776,-25.624441855946994,-3.8348549988497815
2018-10-16,6752.5,6900.0,6670.0,6759.27,27557.957764,-7.39993041742764,-21.979539568243126,14.579609150815486
2018-10-17,6762.76,6811.12,6676.01,6740.89,26641.431379,8.501167850225102,-15.883398084549482,24.384565934774585
2018-10-18,6739.01,6796.0,6567.0,6618.96,20116.521941,11.135804181290041,-10.479557631381578,21.61536181267162
2018-10-19,6618.96,6648.14,6523.0,6528.88,20772.60077,5.887205247720885,-7.206205055561085,13.09341030328197
2018-10-20,6528.88,6617.65,6505.55,6588.4,19240.722247,6.455998616034776,-4.473764321241913,10.929762937276688
2018-10-21,6585.72,6663.9,6580.0,6590.11,6515.357792,6.964472068519171,-2.186117043289696,9.150589111808868
2018-10-22,6590.12,6639.0,6535.27,6581.2,16213.69266,6.572712271251476,-0.4343511803814617,7.007063451632938
2018-10-23,6581.2,6595.0,6515.45,6553.51,13856.601756,3.981986364316981,0.44891632855822683,3.533070035758754
2018-10-24,6553.51,6630.0,6547.53,6565.5,11951.543977,2.8633038290918194,0.9317938286649454,1.931510000426874
2018-10-25,6566.81,6575.09,6502.8,6528.09,10342.701244,-1.0300605939928573,0.5394229441333849,-1.5694835381262422
2018-10-26,6528.13,6600.0,6515.01,6538.63,9443.504156,-3.2278810326615712,-0.21403785122560637,-3.013843181435965
2018-10-27,6538.63,6558.35,6463.04,6505.6,7776.907864,-7.547906948624586,-1.6808116707054024,-5.867095277919184
2018-10-28,6505.6,6514.17,6453.0,6489.93,5743.933728,-12.096555094196447,-3.7639603554036114,-8.332594738792835
2018-10-29,6489.93,6505.01,6315.0,6344.5,13827.224067,-27.123711845350954,-8.43591065339308,-18.687801191957874
2018-10-30,6344.5,6395.0,6317.01,6330.87,8877.175385,-39.67531657237669,-14.683791837189801,-24.991524735186886
2018-10-31,6330.01,6428.0,6245.02,6371.93,12148.888216,-45.78161296452163,-20.903356062656165,-24.878256901865463
2018-11-01,6369.52,6442.65,6348.66,6410.0,9099.035841,-47.00709745449694,-26.12410434102432,-20.882993113472622
2018-11-02,6410.0,6460.34,6388.2,6433.98,9739.440679,-45.518606984198414,-30.003004869659144,-15.51560211453927
2018-11-03,6432.8,6439.97,6345.0,6387.09,7661.241476,-47.57419300337551,-33.51724249640242,-14.056950506973095
2018-11-04,6388.0,6525.0,6359.0,6485.85,10592.394943,-40.76424822633999,-34.96664364238993,-5.797604583950054
2018-11-05,6485.85,6504.39,6431.02,6468.99,8987.882156,-36.30922883434414,-35.23516068078078,-1.0740681535633598
2018-11-06,6468.99,6531.31,6445.18,6519.11,11926.565699,-28.40687200204684,-33.86950294503399,5.462630942987154
2018-11-07,6522.73,6615.15,6509.0,6578.46,14271.591117,-17.157368820025113,-30.52707612003222,13.369707300007107
2018-11-08,6578.46,6594.0,6468.22,6479.84,13259.789282,-16.01525243730157,-27.62471138348609,11.609458946184521
2018-11-09,6479.84,6511.53,6391.01,6419.99,11787.616583,-19.71228088459884,-26.042225283708643,6.329944399109802
2018-11-10,6419.99,6475.55,6411.0,6433.05,7714.829926,-21.342348404453332,-25.102249907857583,3.759901503404251
2018-11-11,6435.16,6462.14,6355.0,6449.81,8213.507117,-21.039269129074455,-24.289653752100957,3.250384623026502
2018-11-12,6450.71,6497.0,6421.0,6453.07,10132.782567,-20.30199312552577,-23.49212162678592,3.1901285012601512
2018-11-13,6451.68,6498.0,6391.15,6457.66,11790.564933,-19.126839639833634,-22.619065229395463,3.49222558956183
2018-11-14,6458.98,6482.84,5656.87,5922.41,46478.964003,-60.686171357427156,-30.232486455001805,-30.45368490242535
2018-11-15,5917.2,5939.54,5403.42,5753.4,47700.829401,-106.03760023750874,-45.39350921150319,-60.64409102600555
2018-11-16,5757.09,5782.89,5549.25,5655.94,38721.802274,-148.13552770495153,-65.94191291019285,-82.19361479475867
2018-11-17,5650.57,5656.6,5565.43,5628.29,26411.241413,-181.6357782540308,-89.08068597896045,-92.55509227507036
2018-11-18,5630.49,5738.17,5617.0,5662.0,23844.999347,-203.12337309158193,-111.88922340148476,-91.23414969009717
2018-11-19,5661.94,5664.0,4855.0,4910.03,70580.892856,-277.62979784360596,-145.037338289909,-132.59245955369695
2018-11-20,4913.4,5048.24,4326.0,4558.86,117380.95159,-360.85346626364117,-188.20056388465545,-172.65290237898571
2018-11-21,4559.91,4787.2,4413.85,4661.07,61071.829475,-413.7914005954217,-233.31873122680872,-180.47266936861297
2018-11-22,4661.08,4721.77,4335.0,4370.0,34531.119143,-473.77067791410536,-281.40912056426805,-192.3615573498373
2018-11-23,4370.9,4484.0,4222.94,4420.61,49371.920322,-511.3266282018021,-327.3926220917749,-183.9340061100272
2018-11-24,4415.63,4527.0,3824.69,3932.44,61693.111006,-573.8660578778972,-376.6873092489994,-197.17874862889784
2018-11-25,3933.68,4233.0,3652.66,4085.78,101693.975588,-604.0921516938934,-422.1682777379782,-181.92387395591516
2018-11-26,4088.69,4206.0,3701.0,3862.2,94504.865717,-638.7247647782906,-465.4795751460407,-173.2451896322499
2018-11-27,3864.45,3940.0,3689.12,3875.21,67480.607212,-657.5418289922391,-503.8920259152804,-153.64980307695868
2018-11-28,3875.63,4394.47,3874.27,4264.85,91983.567949,-633.7087957810345,-529.8553798884312,-103.85341589260327
2018-11-29,4262.06,4450.38,4125.65,4295.84,73980.198669,-605.3423020026712,-544.9527643112792,-60.38953769139198
2018-11-30,4295.72,4341.36,3943.0,4041.32,67758.446283,-596.5229430366862,-555.2668000563607,-41.256142980325535
2018-12-01,4041.27,4299.99,3963.01,4190.02,44840.073481,-570.95309834212,-558.4040597135127,-12.549038628607377
2018-12-02,4190.98,4312.99,4103.04,4161.01,38912.15479,-546.7273442555834,-556.0687166219268,9.341372366343421
2018-12-03,4160.55,4179.0,3827.0,3884.01,49094.369163,-543.6134076435619,-553.5776548262538,9.964247182691906
2018-12-04,3884.76,4085.0,3781.0,3951.64,48489.551613,-529.5837033732478,-548.7788645356526,19.195161162404816
2018-12-05,3950.98,3970.0,3745.0,3769.84,44004.799448,-527.0591920119105,-544.4349300309042,17.37573801899373
2018-12-06,3768.44,3899.99,3500.0,3508.75,68378.796943,-539.9026182443458,-543.5284676735926,3.6258494292467276
2018-12-07,3508.75,3549.99,3224.6,3403.55,95145.457442,-552.20441807609,-545.263657754092,-6.940760321997914
2018-12-08,3403.57,3495.0,3222.0,3410.93,55365.949949,-554.9609345473868,-547.203113112751,-7.757821434635844
2018-12-09,3411.36,3658.0,3394.04,3545.37,45956.893296,-540.0716989103989,-545.7768302722807,5.70513136188174
2018-12-10,3548.49,3610.0,3370.11,3432.88,40989.244553,-531.2252413724691,-542.8665124923184,11.641271119849307
2018-12-11,3434.01,3480.0,3324.32,3380.39,35920.864154,-522.4276436846612,-538.778738730787,16.351095046125806
2018-12-12,3379.23,3492.0,3350.0,3445.0,33922.931286,-504.4272734884048,-531.9084456823106,27.481172193905763
2018-12-13,3446.38,3460.0,3255.5,3302.06,40040.917013,-495.9785814715274,-524.722472840154,28.743891368626578
2018-12-14,3302.06,3335.39,3177.0,3224.17,44492.983807,-489.9205056010792,-517.762079392339,27.84157379125986
2018-12-15,3225.19,3276.5,3156.26,3211.72,29796.041436,-480.5841725903165,-510.32649803193453,29.74232544161805
2018-12-16,3211.71,3294.0,3186.0,3228.67,24628.808538,-466.4405023101999,-501.54929888758767,35.10879657738775
2018-12-17,3229.22,3585.0,3216.0,3509.08,66762.216388,-427.67482898748494,-486.77440490756715,59.0995759200822
2018-12-18,3509.03,3678.59,3424.47,3652.98,61369.615257,-380.94987320487417,-465.6094985670286,84.65962536215443
2018-12-19,3653.0,3912.73,3622.55,3662.22,94137.341014,-339.26359875177604,-440.3403186039781,101.07671985220207
2018-12-20,3660.01,4120.0,3635.0,4049.62,101543.835986,-271.8334566731173,-406.638946217806,134.80548954468867
2018-12-21,4051.86,4139.99,3764.0,3838.66,82343.850112,-232.734474056811,-371.858051785607,139.12357772879602
2018-12-22,3840.25,3979.0,3785.0,3948.91,42822.350872,-190.65425150492683,-335.617291729471,144.96304022454416
2018-12-23,3948.91,4021.53,3870.0,3929.71,40117.531529,-157.0443420810293,-299.9027017997827,142.85835971875338
2018-12-24,3929.71,4198.0,3924.83,4008.01,64647.809129,-122.67595900440256,-264.45735324070665,141.7813942363041
2018-12-25,4010.11,4020.0,3646.41,3745.79,62725.629432,-115.26898127765071,-234.61967884809548,119.35069757044477
2018-12-26,3745.56,3837.15,3656.74,3777.74,42629.375817,-105.60346902703122,-208.81643688388266,103.21296785685144
2018-12-27,3777.74,3813.98,3535.0,3567.91,44097.392912,-113.5658914058672,-189.76632778827957,76.20043638241236
2018-12-28,3567.89,3887.25,3540.04,3839.26,45964.304987,-96.8639044786778,-171.18584312635923,74.32193864768143
2018-12-29,3839.0,3892.0,3670.0,3695.32,38874.373903,-94.15683318838819,-155.78004113876503,61.62320795037684
2018-12-30,3696.71,3903.5,3657.9,3801.91,33222.369262,-82.45999006137026,-141.11603092328608,58.65604086191581
2018-12-31,3803.12,3810.0,3630.33,3702.9,29991.77835,-80.25431536001543,-128.94368781063196,48.68937245061653
2019-01-01,3701.23,3810.16,3642.0,3797.14,23741.687033,-70.09392275513619,-117.17373479953281,47.07981204439662
2019-01-02,3796.45,3882.14,3750.45,3858.56,35156.463369,-56.43510891649703,-105.02600962292566,48.59090070642863
2019-01-03,3857.57,3862.74,3730.0,3766.78,29406.948359,-52.41210538005316,-94.50322877435117,42.09112339429801
2019-01-04,3767.2,3823.64,3703.57,3792.01,29519.554671,-46.650241009562706,-84.93263122139349,38.28239021183079
2019-01-05,3790.09,3840.99,3751.0,3770.96,30490.667751,-43.28353540864191,-76.60281205884318,33.319276650201274
2019-01-06,3771.12,4027.71,3740.0,3987.6,36553.806709,-22.87072007562847,-65.85639366220025,42.98567358657178
2019-01-07,3987.62,4017.9,3921.53,3975.45,31869.846264,-7.586369372262652,-54.20238880421273,46.61601943195008
2019-01-08,3976.76,4069.8,3903.0,3955.13,38901.423122,2.8540349608269935,-42.79110405120478,45.64513901203178
2019-01-09,3955.45,4006.81,3930.04,3966.65,28989.439511,11.92028866953433,-31.848825507056965,43.769114176591295
2019-01-10,3966.06,3996.01,3540.0,3585.88,59402.22851,-11.487179663182815,-27.776496338282136,16.28931667509932
2019-01-11,3585.88,3658.0,3465.0,3601.31,38338.654733,-28.464573033110355,-27.91411167724778,-0.5504613558625735
2019-01-12,3601.31,3618.19,3530.0,3583.13,21999.928354,-42.89182341657897,-30.909654025114023,-11.98216939146495
2019-01-13,3584.1,3611.1,3441.3,3476.81,26385.757454,-62.187796527084174,-37.165282525508054,-25.02251400157612
2019-01-14,3477.56,3671.87,3467.02,3626.09,35235.211215,-64.68865527147364,-42.66995707470117,-22.018698196772462
2019-01-15,3626.08,3648.42,3516.62,3553.06,34137.997459,-71.73657986868511,-48.48328163349797,-23.253298235187145
2019-01-16,3553.06,3645.0,3543.51,3591.84,27480.179977,-73.34738597910791,-53.45610250261996,-19.89128347648795
2019-01-17,3591.84,3634.7,3530.39,3616.21,29755.440838,-71.82950032796771,-57.130782067689516,-14.698718260278191
2019-01-18,3613.32,3620.0,3565.75,3594.87,22713.446755,-71.52404005624248,-60.00943366540011,-11.514606390842374
2019-01-19,3594.87,3720.0,3594.23,3665.3,22171.578123,-64.85128297661458,-60.977803527643005,-3.8734794489715796
2019-01-20,3665.75,3693.73,3475.0,3539.28,27901.938598,-68.93717092873976,-62.56967700786236,-6.367493920877401
2019-01-21,3539.26,3559.51,3475.5,3526.9,19644.436839,-72.34033475529122,-64.52380855734813,-7.816526197943091
2019-01-22,3526.88,3608.5,3434.85,3570.93,29336.442967,-70.66987524896786,-65.75302189567208,-4.916853353295778
2019-01-23,3570.41,3607.98,3514.5,3552.82,24938.842698,-70.00042833946691,-66.60250318443104,-3.397925155035864
2019-01-24,3552.97,3589.0,3529.22,3569.62,20826.25118,-67.33803627829684,-66.74960980320421,-0.588426475092632
2019-01-25,3569.07,3587.15,3522.51,3565.29,17608.346671,-64.83014464885264,-66.3657167723339,1.5355721234812592
2019-01-26,3566.69,3662.94,3545.0,3565.25,19476.532344,-62.12965810556898,-65.51850503898092,3.3888469334119407
2019-01-27,3565.62,3579.0,3486.0,3550.84,22735.598162,-60.455377673018575,-64.50587956578845,4.050501892769873
2019-01-28,3550.05,3557.75,3380.27,3434.15,40405.111401,-67.76327331505945,-65.15735831564265,-2.6059149994167967
2019-01-29,3434.0,3443.45,3349.92,3411.04,29544.928977,-74.56013430737039,-67.0379135139882,-7.522220793382189
2019-01-30,3410.04,3478.0,3387.1,3458.18,23968.260243,-75.27516631778644,-68.68536407474785,-6.589802243038591
2019-01-31,3457.5,3489.2,3418.8,3434.1,29607.190253,-76.89845161007497,-70.32798158181328,-6.5704700282616955
2019-02-01,3434.1,3488.0,3401.2,3462.07,25260.476159,-75.06269562414627,-71.27492439027988,-3.787771233866394
2019-02-02,3462.2,3526.4,3440.29,3504.77,17920.802,-69.3627421237843,-70.89248793698077,1.5297458131964703
2019-02-03,3504.06,3511.09,3426.0,3458.11,19867.33639,-67.82867323177697,-70.27972499594001,2.45105176416304
2019-02-04,3458.11,3484.88,3433.31,3463.22,23131.981108,-65.44615574394493,-69.313011145541,3.8668554015960694
2019-02-05,3463.22,3478.97,3448.43,3471.59,25264.41503,-62.165993544145294,-67.88360762526186,5.717614081116565
2019-02-06,3471.57,3482.72,3380.0,3405.37,35310.244846,-64.17012864636354,-67.14091182948219,2.9707831831186553
2019-02-07,3407.0,3426.45,3390.0,3398.4,18665.538638,-65.5650478444386,-66.82573903247348,1.2606911880348832
2019-02-08,3398.4,3733.58,3373.1,3659.04,47968.058013,-45.11895835182577,-62.484382896343945,17.365424544518177
2019-02-09,3660.27,3680.02,3625.13,3665.18,24759.833719,-28.09596563423065,-55.606699443921286,27.510733809690635
2019-02-10,3665.18,3684.99,3609.76,3680.06,23250.602634,-13.251672586152381,-47.13569407236751,33.884021486215126
2019-02-11,3679.75,3684.9,3615.53,3631.05,24954.614571,-5.380141877986716,-38.78458363349135,33.404441755504635
2019-02-12,3631.05,3667.6,3582.34,3631.46,29479.59823,0.8810305216070446,-30.851460802471674,31.73249132407872
2019-02-13,3631.51,3670.0,3591.75,3609.4,25773.997648,4.016695159219125,-23.877829610133514,27.89452476935264
2019-02-14,3608.34,3626.4,3568.11,3590.56,21753.501261,4.924732181174932,-18.117317251871828,23.04204943304676
2019-02-15,3590.57,3653.23,3573.45,3602.47,20777.872899,6.5301203644030466,-13.187829728616855,19.7179500930199
2019-02-16,3602.49,3648.2,3597.91,3618.41,19565.992751,8.985052754518165,-8.753253231989852,17.738305986508017
2019-02-17,3617.22,3700.11,3604.4,3667.58,25690.227779,14.728432231052011,-4.05691613938148,18.78534837043349
2019-02-18,3667.62,3925.0,3655.0,3898.6,64042.730492,37.489331453623436,4.252333379219503,33.236998074403935
2019-02-19,3897.35,3994.52,3856.0,3907.79,50207.172667,55.627821369271715,14.527430977229947,41.10039039204177
2019-02-20,3907.35,3986.98,3870.66,3969.74,36205.14085,74.1468340226238,26.45131158630872,47.69552243631509
2019-02-21,3969.74,4016.48,3901.03,3937.31,31103.884728,85.22404525789761,38.205858320626504,47.01818693727111
2019-02-22,3937.31,3988.0,3926.65,3962.0,23943.16375,94.90113046778015,49.544912750057236,45.35621771772291
2019-02-23,3962.0,4162.02,3933.15,4117.76,33657.942883,113.82669716534883,62.40126963311556,51.42542753223327
2019-02-24,4118.0,4198.0,3712.66,3743.56,62224.18689,97.50653777267053,69.42232326102656,28.084214511643964
2019-02-25,3743.56,3872.66,3740.0,3827.92,38102.966245,90.33847513997216,73.60555363681569,16.732921503156476
2019-02-26,3828.44,3841.51,3777.0,3809.23,28838.748036,82.20203318968197,75.32484954738895,6.877183642293019
2019-02-27,3809.31,3838.85,3677.17,3818.07,31500.995466,75.5957378361527,75.3790272051417,0.2167106310109972
2019-02-28,3818.04,3888.0,3763.87,3813.69,32561.961044,69.20897380890165,74.1450165258937,-4.936042716992048
2019-03-01,3814.26,3857.0,3813.01,3823.0,23174.57217,64.15907066722184,72.14782735415932,-7.988756686937478
2019-03-02,3822.17,3841.31,3772.25,3819.93,19445.838355,59.22653606143558,69.56356909561458,-10.337033034179
2019-03-03,3819.97,3835.0,3781.32,3807.75,16718.16541,53.71544443511948,66.39394416351557,-12.67849972839609
2019-03-04,3807.32,3830.0,3670.69,3715.3,34742.84166,41.41056701353182,61.39726873351882,-19.986701719987003
2019-03-05,3716.1,3877.1,3703.55,3857.73,32962.536162,42.66001556341553,57.64981809949817,-14.989802536082642
2019-03-06,3857.58,3907.0,3813.09,3861.84,24775.11883,43.48063746929711,54.81598197345796,-11.335344504160851
2019-03-07,3861.84,3905.4,3840.4,3873.64,26455.257661,44.56937956115007,52.766661490996384,-8.197281929846312
2019-03-08,3873.63,3932.0,3800.0,3864.89,34730.366592,44.21646376916988,51.05662194663109,-6.840158177461213
2019-03-09,3864.88,3971.75,3854.75,3943.04,30979.747653,49.67025950173047,50.779349457650966,-1.1090899559204956
2019-03-10,3943.43,3943.43,3881.69,3916.82,23187.561412,51.28550961126621,50.88058148837402,0.40492812289218705
2019-03-11,3915.99,3936.98,3830.0,3871.61,38066.885705,48.360072977868185,50.37647978627285,-2.0164068084046676
2019-03-12,3871.61,3905.2,3826.06,3882.73,26921.008622,46.4040178038058,49.58198738977944,-3.177969585973642
2019-03-13,3882.69,3893.56,3840.0,3866.0,24461.008757,43.00808833348583,48.267207578520726,-5.259119245034896
2019-03-14,3866.0,3920.0,3810.43,3877.12,27048.74853,40.744404693395154,46.76264700149561,-6.018242308100454
2019-03-15,3877.12,3939.22,3872.2,3923.76,21740.061498,42.22710948029362,45.855539497255215,-3.6284300169615946
2019-03-16,3924.46,4056.98,3921.98,4005.98,28568.376124,49.46641255287432,46.577714108379034,2.888698444495283
2019-03-17,4005.98,4012.0,3950.01,3981.14,18814.255577,52.59297293677264,47.78076587405776,4.812207062714883
2019-03-18,3981.85,4037.0,3953.33,3987.81,22454.47801,54.97528693627328,49.21967008650086,5.755616849772416
2019-03-19,3987.83,4031.0,3970.0,4015.53,19893.741815,58.426555318374994,51.06104713287569,7.365508185499301
2019-03-20,4017.48,4050.0,3980.5,4043.04,23432.300255,62.659240742319525,53.380685854764465,9.27855488755506
2019-03-21,4043.04,4069.32,3880.01,3980.64,35997.682119,60.283604071708396,54.761269498153254,5.522334573555142
2019-03-22,3980.85,4008.0,3968.25,3986.93,20022.606318,58.237124012720415,55.456440401066686,2.7806836116537283
2019-03-23,3987.89,4018.83,3978.01,4006.01,17302.604318,57.49213679826835,55.86357968050702,1.628557117761325
2019-03-24,4006.01,4006.02,3950.0,3992.18,17179.850648,55.15002844736409,55.720869433878434,-0.5708409865143409
2019-03-25,3991.35,3999.3,3888.71,3936.12,33192.890217,48.21453012745451,54.21960157259365,-6.005071445139144
2019-03-26,3935.47,3958.98,3894.0,3948.55,29349.537627,43.22284876424965,52.02025101092486,-8.797402246675212
2019-03-27,3948.77,4048.0,3936.15,4038.05,32364.555852,45.95902035986728,50.80800488071335,-4.8489845208460665
2019-03-28,4039.58,4039.7,4002.0,4027.81,20089.293875,46.76212892783133,49.99882969013695,-3.236700762305624
2019-03-29,4028.22,4123.71,4024.03,4103.25,30084.217444,52.87644898617509,50.57435354934458,2.3020954368305127
2019-03-30,4104.24,4140.0,4052.0,4106.97,19509.292601,57.361042205832746,51.93169128064222,5.429350925190526
2019-03-31,4106.99,4116.12,4082.57,4103.95,13525.087433,59.980013620597674,53.541355748633315,6.4386578719643595
2019-04-01,4102.44,4158.7,4067.0,4144.56,25507.067641,64.58792554247248,55.750669707401144,8.837255835071332
2019-04-02,4144.54,4897.99,4140.54,4857.29,105383.639263,124.31802262607789,69.46414029113649,54.8538823349414
2019-04-03,4857.19,5275.01,4753.5,4932.6,109890.125743,175.70601296079985,90.71251482506916,84.99349813573069
2019-04-04,4932.59,5039.08,4777.0,4898.66,61054.254168,211.25744683602898,114.82150122726114,96.43594560876784
2019-04-05,4898.64,5028.22,4880.62,5004.95,39768.552806,245.18261643245023,140.89372426829897,104.28889216415126
2019-04-06,5004.96,5205.0,4928.59,5043.89,41770.842313,272.0743861569117,167.12985664602152,104.94452951089019
2019-04-07,5042.07,5234.0,5026.0,5170.27,37615.486804,300.12446914722295,193.72877914626184,106.39569000096111
2019-04-08,5170.27,5305.0,5039.0,5236.9,50178.430782,323.99602169920763,219.78222765685103,104.2137940423566
2019-04-09,5238.38,5238.4,5076.68,5150.0,34067.012311,332.0743489499164,242.24065191546413,89.83369703445226
2019-04-10,5150.0,5422.0,5135.0,5308.25,40073.620471,347.24313128081485,263.2411477885343,84.00198349228054
2019-04-11,5307.86,5332.67,4927.0,5017.37,54696.600686,331.9662156565237,276.9861613621322,54.98005429439149
2019-04-12,5017.37,5080.58,4861.22,5048.01,33276.678614,318.6582479661929,285.3205786829443,33.3376692832486
2019-04-13,5047.0,5099.0,5004.0,5045.22,17292.456802,304.37778042572063,289.13201903149957,15.245761394221063
2019-04-14,5047.45,5152.99,5000.0,5131.3,18281.607739,296.587467903405,290.62310880588063,5.96435909752438
2019-04-15,5131.28,5167.38,4950.0,5024.95,29057.191581,278.62027184856106,288.22254141441675,-9.602269565855693
2019-04-16,5024.95,5197.72,5003.94,5173.72,24242.229493,273.23594135717485,285.2252214029684,-11.989280045793521
2019-04-17,5173.72,5230.4,5146.8,5202.82,23307.536134,268.2250164268062,281.82518040773596,-13.600163980929779
2019-04-18,5202.41,5287.0,5198.8,5258.44,22619.239001,265.6793058240737,278.59600549100355,-12.916699666929844
2019-04-19,5258.44,5320.0,5175.0,5258.68,24611.236323,260.6762641173864,275.01205721628014,-14.33579309889376
2019-04-20,5258.68,5333.42,5230.1,5291.73,19168.908274,256.42229965639217,271.2941057043025,-14.871806047910354
2019-04-21,5292.91,5314.35,5165.0,5256.14,25549.570939,247.32814174927262,266.50091291329653,-19.172771164023914
2019-04-22,5257.41,5400.0,5208.35,5357.14,29563.852309,245.44151499299005,262.2890333292353,-16.84751833624523
2019-04-23,5357.14,5600.0,5332.41,5493.31,41262.103917,252.0288984176359,260.23700634691545,-8.20810792927955
2019-04-24,5490.91,5582.2,5333.35,5415.0,48224.152413,248.07087804187177,257.80378068590676,-9.732902644034994
2019-04-25,5415.0,5491.84,5102.0,5219.9,49636.089948,226.5793136102402,251.55888727077348,-24.979573660533276
2019-04-26,5220.47,5510.0,5161.62,5314.1,48912.294513,214.6736228035752,244.18183437733384,-29.508211573758643
2019-04-27,5315.0,5342.5,5257.67,5295.69,15422.896935,201.43077533050564,235.63162256796824,-34.2008472374626
2019-04-28,5295.69,5340.0,5259.48,5307.52,14371.433869,189.70352132362223,226.44600231909905,-36.742480995476825
2019-04-29,5309.81,5332.0,5178.8,5238.14,19918.135079,172.81905141710558,215.72061213870035,-42.90156072159476
2019-04-30,5238.14,5339.98,5192.15,5320.81,22238.06823,164.21578808388495,205.41964732773727,-41.20385924385232
2019-05-01,5321.94,5402.0,5316.2,5383.2,17217.473216,160.58091466801216,196.45190079579226,-35.8709861277801
2019-05-02,5383.2,5538.0,5370.0,5492.87,22795.787835,164.65170142574152,190.09186092178211,-25.440159496040593
2019-05-03,5494.81,5844.0,5477.57,5772.69,46297.172849,188.28651496611928,189.73079173064954,-1.444276764530258
2019-05-04,5770.62,5900.0,5587.45,5829.45,39682.408991,209.1859669995647,193.62182678443259,15.564140215132113
2019-05-05,5829.83,5839.9,5696.0,5775.62,23822.543775,218.88216483773977,198.67389439509404,20.208270442645727
2019-05-06,5773.18,5805.0,5619.14,5747.79,25256.596325,221.76446041080817,203.2920075982369,18.472452812571277
2019-05-07,5749.92,6028.41,5747.74,5846.34,39905.064422,229.35697733659435,208.5050015459084,20.85197579068594
2019-05-08,5846.34,6014.72,5772.2,5987.29,23074.186907,243.93565039996975,215.5911313167207,28.344519083249054
2019-05-09,5986.66,6224.55,5983.71,6209.18,27453.011436,270.2784210291102,226.5285892591986,43.749831769911566
2019-05-10,6209.95,6468.92,6172.0,6373.33,36623.61079,300.931834815141,241.4092383703871,59.52259644475387
2019-05-11,6375.16,7343.99,6372.85,7076.22,74022.424393,377.5896167293795,268.6453140421856,108.9443026871939
2019-05-12,7076.24,7521.78,6750.0,6967.31,86948.975339,424.65813969091414,299.8478791719313,124.81026051898283
2019-05-13,6968.24,8100.0,6870.0,7790.71,85804.735333,522.3801090802535,344.35432515359577,178.02578392665777
2019-05-14,7795.62,8366.0,7599.56,7947.56,76583.722603,605.502106646486,396.58388145217384,208.91822519431219
2019-05-15,7945.26,8249.0,7850.0,8169.87,37884.327211,681.46000096024,453.5591053537871,227.90089560645288
2019-05-16,8169.08,8320.0,7705.0,7866.59,69630.513996,709.0119694287332,504.64967816877635,204.36229125995686
2019-05-17,7868.67,7925.0,6913.0,7355.26,88752.008159,681.7285034775114,540.0654432305234,141.66306024698792
2019-05-18,7355.28,7458.0,7156.61,7257.45,37054.944779,644.7810756983199,561.0085697240827,83.77250597423722
2019-05-19,7257.32,8275.09,7243.08,8148.48,65577.442058,679.5650445243282,584.7198646841318,94.84517984019635
2019-05-20,8147.94,8156.03,7553.0,7938.15,65859.208564,682.294649222491,604.2348215918037,78.05982763068732
2019-05-21,7937.16,8042.32,7771.0,7904.87,52301.752247,674.0029759891713,618.1884524712772,55.814523517894145
2019-05-22,7904.48,8016.0,7465.0,7628.43,49136.994589,637.7735114788593,622.1054642727936,15.668047206065694
2019-05-23,7627.8,7940.98,7461.0,7851.51,49648.184701,619.9160847374023,621.6675883657153,-1.751503628313003
2019-05-24,7849.95,8130.0,7766.0,7964.87,46664.785325,607.9036155270032,618.914793797973,-11.011178270969708
2019-05-25,7964.52,8091.8,7908.34,8025.41,28414.328817,596.3938619800865,614.4106074343956,-18.016745454309103
2019-05-26,8023.0,8740.0,7833.42,8614.43,49652.144567,627.5670879820163,617.0419035439198,10.525184438096517
2019-05-27,8612.54,8908.32,8589.0,8756.32,51886.768793,656.1576543598021,624.8650537070963,31.2926006527058
2019-05-28,8752.52,8798.49,8510.63,8715.64,31470.551534,667.8349624408611,633.4590354538493,34.37592698701178
2019-05-29,8716.87,8750.0,8406.6,8645.68,33880.865922,663.7923409950708,639.5256965620937,24.26664443297716
2019-05-30,8646.5,9074.26,8005.0,8269.54,70379.998521,623.0549898225008,636.2315552141752,-13.17656539167433
2019-05-31,8267.1,8594.0,8108.5,8555.0,44727.49162,606.8096578232216,630.3471757359845,-23.537517912762837
2019-06-01,8555.0,8626.0,8442.36,8544.07,31868.234157,586.2947149995907,621.5366835887057,-35.241968589115004
2019-06-02,8545.1,8814.78,8524.0,8725.98,27835.133265,578.0516718756662,612.8396812460978,-34.78800937043161
2019-06-03,8726.0,8800.95,8080.8,8115.82,45692.965104,516.3322315720152,593.5381913112814,-77.20595973926618
2019-06-04,8115.66,8115.66,7481.02,7687.03,74143.948941,427.88694664383365,560.4079423777919,-132.52099573395822
2019-06-05,7687.04,7896.7,7572.78,7776.5,48679.656455,360.8532111970371,520.4969961416409,-159.6437849446038
2019-06-06,7778.08,7868.13,7444.58,7786.7,36624.118747,305.0352907051356,477.4046550543399,-172.36936434920432
2019-06-07,7787.57,8100.0,7737.49,7980.53,33942.225658,273.28933828891513,436.581591701255,-163.29225341233985
2019-06-08,7978.94,8044.65,7751.0,7893.62,22657.329634,238.36975348089163,396.93922405718234,-158.5694705762907
2019-06-09,7895.28,7935.0,7506.66,7628.13,31568.465157,187.11595052895336,354.9745693515366,-167.85861882258325
2019-06-10,7627.57,8020.0,7511.0,7982.75,36756.078468,173.116236529243,318.60290278707794,-145.48666625783494
2019-06-11,7981.0,8010.0,7692.23,7884.9,30334.999427,152.3692670248629,285.35617563463495,-132.98690860977206
2019-06-12,7884.9,8200.0,7788.99,8127.64,41597.082622,153.74199157812745,259.03333882333345,-105.291347245206
2019-06-13,8127.64,8309.82,8010.03,8218.54,30467.764341,160.31672458620596,239.29001597590798,-78.97329138970201
2019-06-14,8216.44,8684.41,8144.32,8650.0,39835.246255,198.0593589989603,231.04388458051844,-32.98452558155813
2019-06-15,8650.88,8864.99,8567.63,8808.7,31791.636039,238.03254141352227,232.4416159471192,5.590925466403064
2019-06-16,8810.77,9333.0,8760.0,8953.33,63289.251219,278.17537616665777,241.58836799102693,36.58700817563084
2019-06-17,8953.0,9444.0,8950.0,9313.96,47895.485374,335.22443044712963,260.31558048224747,74.90884996488217
2019-06-18,9312.13,9336.36,8950.0,9081.55,51554.569401,357.56093245665033,279.7646508771281,77.79628157952226
2019-06-19,9081.97,9304.0,8960.0,9255.49,32147.706495,384.86182796317735,300.78408629433795,84.0777416688394
2019-06-20,9253.76,9590.0,9175.2,9517.12,34556.053982,422.7362979131558,325.17452861810153,97.56176929505426
2019-06-21,9518.06,10174.99,9518.06,10159.86,50484.415892,498.86522681512724,359.9126682575067,138.95255855762053
2019-06-22,10159.86,11160.0,9921.72,10729.5,104169.447976,598.2666927432783,407.583473154661,190.6832195886173
2019-06-23,10729.0,11392.64,10555.18,10906.07,57445.323945,683.4128362169777,462.7493457671244,220.66349044985327
2019-06-24,10905.95,11143.63,10620.8,11056.59,43101.045285,754.3418906625593,521.0678547462114,233.27403591634788
2019-06-25,11056.59,11850.0,11026.0,11820.86,61276.686648,862.2840057904359,589.3110849550563,272.97292083537957
2019-06-26,11821.28,13970.0,11741.0,13093.8,155930.147386,1038.5725118787705,679.1633703397993,359.4091415389712
2019-06-27,13098.38,13478.04,10525.1,11329.99,173894.820889,1024.1519111003563,748.1610784919108,275.99083260844554
2019-06-28,11329.99,12480.0,10982.88,12400.63,95795.203964,1086.589652244329,815.8467932423945,270.74285900193456
2019-06-29,12407.06,12441.54,11475.02,11903.13,69642.074157,1083.4387126591864,869.365177125753,214.07353553343341
2019-06-30,11903.13,12180.0,10766.03,10854.1,84512.530443,984.939843039383,892.4801103084791,92.45973273090397
2019-07-01,10854.1,11282.28,10030.0,10624.93,90962.268271,878.2626107954966,889.6366104058827,-11.373999610386136
2019-07-02,10624.9,10938.75,9727.0,10842.85,109561.038728,802.0588235868072,872.1210530420676,-70.06222945526042
2019-07-03,10844.98,11991.89,10841.04,11940.0,96815.90029,820.7366675277299,861.8441759392001,-41.107508411470235
2019-07-04,11940.0,12000.0,11055.0,11145.67,66512.221892,762.6518254013554,842.0057058316312,-79.35388043027581
2019-07-05,11145.67,11406.83,10796.44,10970.73,63534.350582,694.4972416795335,812.5040130012118,-118.00677132167823
2019-07-06,10982.41,11665.0,10964.51,11256.49,51469.496331,655.9809468356052,781.1993997680905,-125.21845293248532
2019-07-07,11256.45,11538.0,11094.37,11406.24,38884.795599,630.2746651563393,751.0144528457404,-120.73978768940106
2019-07-08,11410.0,12338.03,11220.0,12238.6,52182.367215,669.3508870297755,734.6817396825475,-65.33085265277191
2019-07-09,12238.6,12794.73,12068.0,12543.41,78442.130343,716.653557876145,731.0761033212669,-14.422545445121955
2019-07-10,12548.51,13147.08,11569.0,12108.37,109246.044997,710.8430172814078,727.0294861132952,-16.186468831887396
2019-07-11,12108.11,12111.73,11000.0,11342.89,87506.461058,637.1258926868813,709.0487674280124,-71.92287474113107
2019-07-12,11342.88,11885.0,11073.0,11757.22,56321.858281,605.1615826178167,688.2713304659734,-83.10974784815664
2019-07-13,11757.22,11799.98,10830.0,11355.76,54245.594548,541.1965923059543,658.8563828339695,-117.65979052801526
2019-07-14,11355.78,11452.0,10103.0,10174.18,72517.579236,390.6569948558499,605.2165052383457,-214.55951038249577
2019-07-15,10174.18,11100.0,9860.0,10838.72,81922.426332,321.2726721259296,548.4277386158625,-227.1550664899329
2019-07-16,10833.78,11028.0,9350.01,9439.59,97219.443413,151.6389985098849,469.069990594667,-317.4309920847821
2019-07-17,9430.17,9957.0,9060.0,9667.92,84942.672717,35.22140238893917,382.3002729535214,-347.07887056458225
2019-07-18,9668.86,10788.0,9252.0,10627.16,80283.310252,20.130221355277172,309.86626263387257,-289.7360412785954
2019-07-19,10628.64,10769.71,10121.84,10504.29,56546.932133,-1.724353202211205,247.5481394666558,-249.27249266886702
2019-07-20,10505.78,11068.99,10350.0,10740.23,47331.899848,-0.005807876003018464,198.03734999812406,-198.04315787412708
2019-07-21,10740.27,10817.9,10288.0,10589.45,38834.287935,-10.687337231525817,156.2924125521941,-166.9797497837199
2019-07-22,10590.15,10683.16,10100.0,10340.31,40467.954839,-38.808679749596195,117.27219409183604,-156.08087384143224
2019-07-23,10343.08,10343.97,9822.0,9864.91,47624.37071,-98.3224531782871,74.15326463781142,-172.47571781609852
2019-07-24,9864.78,9937.0,9525.0,9763.28,43475.380377,-151.93680611326636,28.935250487595862,-180.8720566008622
2019-07-25,9763.4,10175.0,9720.03,9879.87,37873.354728,-182.91025292997801,-13.433850195918911,-169.4764027340591
2019-07-26,9882.15,9889.98,9637.0,9824.0,27167.463217,-209.54961721167638,-52.65700359907041,-156.89261361260597
2019-07-27,9824.0,10188.66,9333.0,9476.52,43809.778301,-255.75208646700412,-93.27602017265716,-162.47606629434696
2019-07-28,9478.92,9594.99,9165.0,9541.54,29401.022937,-283.84926794662533,-131.3906697274508,-152.45859821917452
2019-07-29,9541.54,9729.0,9395.0,9507.64,29021.937411,-305.33225323183615,-166.1789864283279,-139.15326680350825
2019-07-30,9509.07,9714.28,9402.0,9574.21,32536.368834,-313.3736547717381,-195.61792009700994,-117.75573467472813
2019-07-31,9575.0,10109.8,9555.0,10080.53,39515.35456,-275.7124889722709,-211.63683387206214,-64.07565510020873
2019-08-01,10080.53,10467.86,9863.46,10374.99,41727.637028,-219.57416831488263,-213.22430076062625,-6.349867554256377
2019-08-02,10375.0,10670.0,10281.35,10523.75,42990.444221,-161.22198924354052,-202.82383845720912,41.6018492136686
2019-08-03,10523.75,10904.77,10497.93,10816.86,33802.318824,-90.28518809940033,-180.3161083856474,90.03092028624707
2019-08-04,10816.86,11040.0,10552.0,10929.23,39924.745141,-24.715042609268494,-149.19589523037163,124.48085262110314
2019-08-05,10929.99,11937.52,10927.8,11828.8,65153.673713,98.69980120903165,-99.61675594249098,198.31655715152263
2019-08-06,11830.0,12330.7,11226.7,11481.69,76705.389875,166.57787199306767,-46.37783035537926,212.95570234844695
2019-08-07,11481.69,12141.17,11382.84,11975.03,69173.390353,257.2151311886155,14.340761953419694,242.8743692351958
2019-08-08,11975.04,12060.0,11521.0,11999.77,51207.257174,327.26956353625246,76.92652226998625,250.3430412662662
2019-08-09,11994.17,12045.68,11700.0,11879.99,39427.152588,368.8708474150426,135.3153872989975,233.55546011604508
2019-08-10,11879.98,11985.0,11270.0,11309.31,42633.087048,351.7364590304478,178.59960164528758,173.13685738516023
2019-08-11,11309.24,11600.0,11112.11,11549.97,26772.90691,353.5016366888958,213.58000865400925,139.92162803488657
2019-08-12,11539.08,11577.89,11235.32,11396.08,17568.227075,338.57997660148067,238.58000224350354,99.99997435797712
2019-08-13,11398.35,11456.16,10788.45,10892.71,33234.72968,282.87588420705106,247.43917863621306,35.436705570838
2019-08-14,10893.36,10897.48,9928.1,10050.37,54451.847499,168.8142063002233,231.7141841690151,-62.89997786879181
2019-08-15,10055.16,10460.0,9911.0,10293.93,38174.45112,96.95512296809102,204.7623719288303,-107.80724896073929
2019-08-16,10296.77,10536.03,9750.0,10331.54,51758.142918,42.55059758857897,172.32001706078006,-129.7694194722011
2019-08-17,10331.15,10465.14,10000.0,10216.02,29000.581201,-9.774208308061134,135.90117198701182,-145.67538029507296
2019-08-18,10216.05,10500.0,10080.0,10306.78,24085.395172,-43.41792565377,100.03735245885547,-143.45527811262548
2019-08-19,10306.17,10930.0,10258.6,10915.54,37243.319217,-20.720121002643282,75.88585776655572,-96.605978769199
2019-08-20,10914.73,10949.96,10560.0,10760.51,32298.921679,-15.067879512413128,57.69511031076195,-72.76298982317508
2019-08-21,10760.51,10804.13,9858.0,10142.57,47355.719282,-59.76213043018288,34.20366216257299,-93.96579259275586
2019-08-22,10140.82,10242.0,9762.0,10099.88,34059.642738,-97.50341385088359,7.8622469598816735,-105.36566081076526
2019-08-23,10099.9,10445.0,10019.79,10389.55,27550.336173,-102.85406708532719,-14.281015849160099,-88.57305123616709
2019-08-24,10388.16,10419.42,9890.0,10134.35,27692.456844,-126.23188295749424,-36.67118927082693,-89.5606936866673
2019-08-25,10134.61,10333.0,9906.97,10142.69,26271.657398,-142.4439964418707,-57.82575070503569,-84.61824573683501
2019-08-26,10142.69,10604.0,10137.93,10372.25,41687.511599,-135.21002271661746,-73.30260510735204,-61.90741760926542
2019-08-27,10373.6,10391.08,10051.08,10185.05,28402.775383,-142.9348578581812,-87.22905565751788,-55.70580220066333
2019-08-28,10185.69,10299.0,9601.01,9721.0,42110.555375,-184.37642547213545,-106.65852962044139,-77.71789585169407
2019-08-29,9721.0,9724.0,9320.0,9498.44,35532.69491,-232.4978083551796,-131.82638536738904,-100.67142298779055
2019-08-30,9499.01,9696.0,9350.41,9584.54,26834.318104,-260.6818227694712,-157.59747284780548,-103.0843499216657
2019-08-31,9582.76,9684.51,9420.75,9587.47,17130.290074,-279.55885032745573,-181.98974834373553,-97.5691019837202
2019-09-01,9588.74,9830.0,9520.0,9724.98,19545.404843,-280.1932297494932,-201.63044462488708,-78.56278512460611
2019-09-02,9723.59,10450.0,9712.5,10340.0,44740.248093,-228.4357409234599,-206.99150388460166,-21.444237038858233
2019-09-03,10340.0,10773.0,10272.0,10615.28,47998.376781,-163.32208738826557,-198.25762058533445,34.93553319706888
2019-09-04,10611.85,10799.0,10369.89,10567.02,43943.889026,-114.29569687051298,-181.46523584237016,67.16953897185718
2019-09-05,10565.92,10900.0,10450.0,10564.49,33970.960639,-74.7840154464011,-160.12899176317634,85.34497631677525
2019-09-06,10563.13,10905.87,10150.0,10298.73,58799.640959,-64.17555831415848,-140.9383050733728,76.76274675921431
2019-09-07,10298.71,10558.0,10288.57,10455.88,27637.877392,-42.59656132093005,-121.26995632288425,78.6733950019542
2019-09-08,10455.9,10592.5,10208.0,10381.18,23984.672018,-31.163483205769808,-103.24866169946138,72.08517849369157
2019-09-09,10381.24,10480.0,10068.5,10303.12,39835.727608,-28.07781250921107,-88.21449186141133,60.13667935220026
2019-09-10,10302.58,10384.99,9953.0,10098.15,28915.412225,-41.691172362230645,-78.9098279615752,37.21865559934456
2019-09-11,10098.19,10293.0,9880.0,10158.33,31953.824562,-47.08111330277461,-72.54408502981508,25.46297172704047
2019-09-12,10158.75,10448.81,10040.0,10415.01,34511.162755,-30.291567164422304,-64.09358145673653,33.802014292314226
2019-09-13,10415.01,10439.0,10153.0,10342.06,30280.339776,-22.61153452423605,-55.79717207023644,33.18563754600039
2019-09-14,10344.13,10419.99,10222.33,10335.02,23621.533519,-16.89832907082564,-48.01740347035429,31.11907439952865
2019-09-15,10332.81,10360.0,10252.15,10302.01,18047.654013,-14.862873754667817,-41.386497527216996,26.52362377254918
2019-09-16,10303.34,10355.0,10078.0,10251.31,28971.401657,-17.143210771870145,-36.53784017614763,19.394629404277488
2019-09-17,10249.68,10275.0,10128.01,10187.82,22914.324563,-23.799164722420755,-33.990105085402256,10.1909403629815
2019-09-18,10187.48,10258.02,10100.0,10156.99,24250.249303,-31.202101125585614,-33.432504293438924,2.2304031678533107
2019-09-19,10156.41,10325.0,9653.0,10244.29,44826.282579,-29.682440459970167,-32.682491526745174,3.0000510667750078
2019-09-20,10243.7,10281.0,10061.39,10168.59,25088.491069,-34.19230813836111,-32.984454849068364,-1.2078532892927498
2019-09-21,10167.92,10176.7,9900.0,9986.39,20544.175196,-51.870497252331916,-36.761663329721074,-15.108833922610842
2019-09-22,9985.15,10089.0,9853.97,10028.87,22049.275256,-61.74109559231147,-41.75754978223915,-19.983545810072314
2019-09-23,10028.05,10049.99,9615.77,9702.25,31937.232356,-94.82602482628681,-52.37124479104869,-42.45478003523812
2019-09-24,9702.2,9794.99,7800.0,8493.14,94007.345203,-216.11984659277732,-85.12096515139442,-130.9988814413829
2019-09-25,8497.55,8730.0,8215.64,8430.05,60783.892258,-313.7205349101969,-130.84087910315492,-182.87965580704196
2019-09-26,8430.05,8465.99,7750.0,8063.73,67930.853749,-415.8352561285719,-187.83975450823834,-227.99550162033358
2019-09-27,8063.49,8265.0,7852.15,8177.91,43882.924625,-481.992427953468,-246.6702891972843,-235.3221387561837
2019-09-28,8177.47,8315.0,8001.09,8198.81,34473.605165,-526.6649423125327,-302.669219820334,-223.99572249219875
2019-09-29,8199.38,8229.13,7890.0,8043.82,31544.211388,-568.026770459237,-355.74072994811456,-212.28604051112245
2019-09-30,8043.04,8337.26,7710.0,8289.34,55865.48726,-574.3738805974335,-399.46736007797836,-174.90652051945517
2019-10-01,8289.97,8500.0,8173.05,8292.44,43479.58742,-572.5538229496105,-434.08465265230484,-138.4691702973057
2019-10-02,8292.67,8373.91,8151.22,8359.94,26243.386644,-559.2184065822312,-459.11140343829015,-100.10700314394103
2019-10-03,8360.0,8393.0,8060.0,8223.96,30488.284058,-553.244978868961,-477.93811852442434,-75.30686034453663
2019-10-04,8224.43,8232.41,8005.0,8137.13,26476.330404,-549.1867665139016,-492.18784812231985,-56.99891839158175
2019-10-05,8137.09,8183.41,8012.98,8126.19,21907.615564,-540.6214233124883,-501.87456316035355,-38.746860152134786
2019-10-06,8127.55,8153.87,7785.0,7854.25,34676.104049,-549.4429758092447,-511.38824569013184,-38.05473011911283
2019-10-07,7855.3,8299.92,7762.0,8190.09,52202.072297,-523.3023348786774,-513.771063527841,-9.531271350836391
2019-10-08,8190.82,8325.0,8088.75,8168.39,35452.657423,-498.58927050426064,-510.7347049231249,12.145434418864284
2019-10-09,8170.79,8670.0,8115.0,8560.74,55038.704378,-442.2466785242541,-497.03709964335076,54.79042111909666
2019-10-10,8562.15,8644.0,8414.52,8558.03,39137.946167,-393.27995627753444,-476.2856709701875,83.00571469265304
2019-10-11,8557.82,8779.51,8212.38,8258.5,50405.284418,-374.3280233916139,-455.8941414544728,81.56611806285889
2019-10-12,8257.95,8400.0,8250.0,8300.09,21339.334098,-351.8960757072982,-435.0945283050379,83.19845259773967
2019-10-13,8301.98,8451.37,8160.0,8275.01,27840.739953,-332.3116599921541,-414.53795464246116,82.22629465030707
2019-10-14,8275.24,8388.85,8203.0,8348.2,29810.663253,-307.34219856299933,-393.09880342656885,85.75660486356952
2019-10-15,8346.86,8403.0,8090.0,8159.29,32773.062476,-299.34649859926867,-374.34834246110887,75.0018438618402
2019-10-16,8159.3,8181.16,7917.0,7991.74,34733.593966,-303.0365171621652,-360.0859774013202,57.049460239154996
2019-10-17,7995.02,8124.92,7929.03,8070.58,29656.949158,-296.1849189745517,-347.30576571596646,51.120846741414766
2019-10-18,8070.71,8115.0,7816.01,7947.01,31353.181416,-297.2989669019262,-337.30440595315844,40.00543905123226
2019-10-19,7946.89,8098.1,7866.92,7948.01,26627.889388,-294.7040019800461,-328.78432515853603,34.08032317848995
2019-10-20,7949.87,8297.0,7870.0,8223.35,34286.452654,-267.3480151953254,-316.4970631658939,49.14904797056852
2019-10-21,8223.35,8333.0,8142.03,8197.27,30448.679539,-244.94901682900127,-302.1874538985154,57.238437069514134
2019-10-22,8197.28,8297.99,8000.0,8020.0,34651.828663,-238.74969882884398,-289.49990288458116,50.750204055737186
2019-10-23,8020.06,8047.59,7300.0,7466.62,63897.457098,-275.31616251728246,-286.66315481112144,11.34699229383898
2019-10-24,7468.47,7503.68,7337.99,7412.41,32714.383265,-305.15203962341,-290.3609317735792,-14.791107849830837
2019-10-25,7412.41,8799.0,7361.0,8655.02,90748.218174,-225.92462664817322,-277.473670748498,51.54904410032481
2019-10-26,8655.88,10370.0,8470.38,9230.0,162588.585413,-115.4098771473673,-245.0609120282719,129.6510348809046
2019-10-27,9230.0,9794.98,9074.34,9529.93,93833.541604,-3.5829950353709137,-196.76532862969174,193.18233359432082
2019-10-28,9528.23,9902.1,9160.0,9205.14,80174.217323,58.162317104061,-145.7797994829412,203.9421165870022
2019-10-29,9204.45,9550.0,9072.0,9407.62,64158.462446,122.02770619217517,-92.21829834791794,214.2460045400931
2019-10-30,9407.62,9409.84,9001.01,9154.72,55241.786434,150.49970384021435,-43.674697910291485,194.17440175050584
2019-10-31,9154.02,9405.0,8913.0,9140.85,54376.024902,169.98528941813674,-0.9427004446058405,170.92798986274258
2019-11-01,9140.86,9279.0,9030.0,9231.61,43594.814115,190.55473351003457,37.35678634632224,153.19794716371234
2019-11-02,9231.4,9373.74,9186.21,9289.52,28923.060828,209.11843206055164,71.70911548916813,137.4093165713835
2019-11-03,9289.85,9362.57,9066.14,9194.71,27894.378279,213.71633340855806,100.11055907304612,113.60577433551194
2019-11-04,9196.46,9513.68,9115.84,9393.35,45894.456277,230.7290899244199,126.23426524332089,104.494824681099
2019-11-05,9392.4,9454.95,9175.76,9308.66,45935.873665,234.67288389069836,147.92198897279638,86.75089491790197
2019-11-06,9307.73,9440.91,9250.01,9339.05,37336.170372,237.51268960341622,165.84012909892036,71.67256050449586
2019-11-07,9339.16,9375.0,9101.0,9216.2,39117.470853,227.23091129169188,178.11828553747466,49.11262575421722
2019-11-08,9214.0,9261.0,8696.0,8773.73,62107.289243,181.28910878202805,178.75245018638535,2.536658595642706
2019-11-09,8773.74,8880.0,8724.88,8809.41,29469.481405,146.07511412309577,172.21698297372743,-26.141868850631653
2019-11-10,8809.18,9147.19,8750.0,9039.47,34422.029797,135.17349307552104,164.80828499408616,-29.634791918565128
2019-11-11,9040.16,9072.32,8618.68,8733.27,44888.053545,100.66568749037833,151.9797654933446,-51.314078002966255
2019-11-12,8733.36,8888.0,8567.6,8821.94,40366.629471,79.55586046509052,137.49498448769378,-57.939124022603266
2019-11-13,8821.91,8844.99,8702.0,8777.12,26810.116918,58.534818089550754,121.70295120806519,-63.16813311851443
2019-11-14,8777.54,8800.0,8582.6,8646.68,33468.468961,30.99280690541491,103.56092234753514,-72.56811544212023
2019-11-15,8646.38,8790.0,8400.0,8471.73,46087.417751,-4.895011622389575,81.8697355535502,-86.76474717593977
2019-11-16,8471.62,8543.0,8400.0,8491.02,20902.299752,-31.417661333660362,59.21225617610809,-90.62991750976846
2019-11-17,8490.74,8635.0,8350.68,8502.4,27009.037082,-50.931672801652894,37.183470380555896,-88.11514318220878
2019-11-18,8502.87,8503.52,8060.0,8187.17,43017.69094,-90.78656300817966,11.589463702808786,-102.37602671098844
2019-11-19,8186.5,8218.63,8003.0,8133.64,43556.061025,-125.24749906163379,-15.777928850079729,-109.46957021155406
2019-11-20,8133.83,8264.29,8038.4,8098.01,32466.23098,-153.66176521107445,-43.354696122278675,-110.30706908879577
2019-11-21,8098.56,8134.73,7500.0,7627.74,58418.780261,-211.68693937133503,-77.02114477208994,-134.6657945992451
2019-11-22,7627.79,7750.0,6790.0,7268.23,126603.140259,-283.41473178326123,-118.2998621743242,-165.11486960893703
2019-11-23,7268.23,7344.48,7080.01,7311.57,50449.894755,-332.92460068966284,-161.22480987739192,-171.69979081227092
2019-11-24,7311.1,7330.39,6861.0,6903.28,67890.206483,-400.4905139275588,-209.0779506874253,-191.41256324013352
2019-11-25,6900.23,7377.69,6515.0,7109.57,119645.735197,-432.406593940982,-253.74367933813664,-178.66291460284538
2019-11-26,7109.99,7340.0,7017.48,7156.14,65722.39769,-448.7693735077264,-292.7488181720546,-156.02055533567182
2019-11-27,7154.75,7655.0,6840.0,7508.52,92452.87349,-428.3649486838631,-319.87204427441634,-108.49290440944674
2019-11-28,7507.9,7643.0,7360.0,7419.49,56933.981109,-414.5990323838687,-338.81744189630683,-75.78159048756186
2019-11-29,7418.52,7850.0,7362.3,7739.68,60745.300873,-373.54677280542455,-345.7633080781304,-27.78346472729413
2019-11-30,7740.99,7810.0,7441.0,7541.89,46989.433619,-352.9044979470382,-347.191546051912,-5.712951895126196
2019-12-01,7540.63,7541.85,7210.0,7390.89,60769.342313,-344.75565584491596,-346.7043680105128,1.9487121655968167
2019-12-02,7391.5,7420.56,7151.1,7294.28,46330.25604,-342.1491766384679,-345.79332973610383,3.6441530976359218
2019-12-03,7294.42,7400.0,7241.35,7292.71,33149.477487,-336.3331695492179,-343.9012976987267,7.568128149508766
2019-12-04,7292.71,7750.0,7067.0,7194.32,83153.701586,-335.79238713400264,-342.2795155857819,6.487128451779256
2019-12-05,7194.59,7485.0,7150.0,7389.0,59306.678855,-316.0119748470506,-337.02600743803566,21.01403259098504
2019-12-06,7389.0,7590.03,7305.0,7527.47,48189.087944,-285.8671848803833,-326.7942429265052,40.927058046121886
2019-12-07,7527.8,7619.62,7470.16,7488.21,31498.684173,-262.1235780987445,-313.8601099609531,51.73653186220861
2019-12-08,7487.31,7564.0,7374.86,7510.11,29856.897631,-238.78686534277404,-298.84546103731725,60.058595694543214
2019-12-09,7510.11,7650.0,7273.0,7338.64,46621.887493,-231.46041671239527,-285.36845217233287,53.908035459937594
2019-12-10,7338.64,7407.6,7157.1,7224.13,49723.76214,-232.2172969397352,-274.73822112581337,42.52092418607816
2019-12-11,7224.15,7275.5,7125.66,7210.0,30093.091944,-231.29112279375113,-266.0488014594009,34.75767866564979
2019-12-12,7210.0,7295.0,7080.3,7198.08,42288.600932,-228.88057469882096,-258.615156107285,29.73458140846401
2019-12-13,7197.76,7309.05,7190.76,7258.48,27609.873795,-219.56540938571197,-250.80520676297039,31.239797377258412
2019-12-14,7257.37,7271.77,7012.0,7064.05,29561.985967,-225.27511850637347,-245.69918911165104,20.424070605277564
2019-12-15,7064.14,7200.3,7008.35,7118.59,26395.778137,-222.83053028459653,-241.12545734624013,18.29492706164359
2019-12-16,7119.6,7150.0,6836.0,6891.72,43863.993059,-236.47376708765387,-240.1951192945229,3.721352206869028
2019-12-17,6891.44,6942.21,6560.0,6623.82,53865.069929,-265.8389951574263,-245.3238944671036,-20.515100690322726
2019-12-18,6623.84,7440.0,6435.0,7277.83,95636.651251,-233.64469811627987,-242.98805519693886,9.34335708065899
2019-12-19,7277.83,7380.0,7038.31,7150.3,55509.049075,-215.93196170949795,-237.57683649945068,21.644874789952723
2019-12-20,7151.31,7220.0,7079.5,7187.83,32132.069205,-196.59985242544462,-229.38143968464948,32.781587259204855
2019-12-21,7188.01,7190.58,7105.0,7132.75,19467.174028,-183.60700495303354,-220.2265527383263,36.61954778529275
2019-12-22,7131.59,7518.54,7122.47,7501.44,39137.45515,-141.92386798800362,-204.56601578826178,62.64214780025816
2019-12-23,7500.71,7695.38,7265.84,7317.09,68051.997203,-122.35475648562442,-188.12376392773433,65.76900744210991
2019-12-24,7317.3,7436.68,7157.04,7255.77,43629.494188,-110.52009925173024,-172.60303099253352,62.082931740803275
2019-12-25,7255.77,7271.77,7128.86,7204.63,27492.044323,-104.06798775222069,-158.89602234447096,54.828034592250276
2019-12-26,7205.01,7435.0,7157.12,7202.0,36259.761076,-98.03675523548645,-146.72416892267407,48.687413687187615
2019-12-27,7202.0,7275.86,7076.42,7254.74,33642.701861,-87.98702314704133,-134.9767397675475,46.98971662050619
2019-12-28,7254.77,7365.01,7238.67,7316.14,26848.982199,-74.21259460883448,-122.82391073580492,48.611316126970436
2019-12-29,7315.36,7528.45,7288.0,7388.24,31387.106085,-56.82336889247563,-109.62380236713906,52.800433474663436
2019-12-30,7388.43,7408.24,7220.0,7246.0,29605.911782,-53.898552517636745,-98.47875239723861,44.580199879601864
2019-12-31,7246.0,7320.0,7145.01,7195.23,25954.453533,-55.0428296881455,-89.79156785542,34.748738167274496
2020-01-01,7195.24,7255.0,7175.15,7200.85,16792.388165,-54.863755338108604,-82.80600535195774,27.942250013849133
2020-01-02,7200.77,7212.5,6924.74,6965.71,31951.483932,-72.85583377795956,-80.8159710371581,7.960137259198547
2020-01-03,6965.49,7405.0,6871.04,7344.96,68428.500451,-55.868364364418994,-75.82644970261029,19.958085338191296
2020-01-04,7345.0,7404.0,7272.21,7354.11,29987.974977,-41.192502409486224,-68.89966024398548,27.707157834499256
2020-01-05,7354.19,7495.0,7318.0,7358.75,38331.085604,-28.85474728913232,-60.89067765301485,32.03593036388253
2020-01-06,7357.64,7795.34,7346.76,7758.0,54635.695316,12.989416948058533,-46.11465873280017,59.104075680858706
2020-01-07,7758.9,8207.68,7723.71,8145.28,91171.684661,76.51940981824464,-21.58784502259121,98.10725484083585
2020-01-08,8145.92,8455.0,7870.0,8055.98,112622.64264,118.2979579664725,6.389315575221531,111.90864239125096
2020-01-09,8054.72,8055.96,7750.0,7817.76,64239.51983,130.67900898897096,31.24725425797142,99.43175473099954
2020-01-10,7817.74,8199.0,7672.0,8197.02,82406.777448,169.14440213777743,58.82668383393263,110.3177183038448
2020-01-11,8198.86,8286.34,8003.16,8020.01,54810.032667,183.23307879695312,83.70796282653673,99.5251159704164
2020-01-12,8020.01,8197.0,7960.0,8184.98,38131.494336,205.343089526541,108.03498816653759,97.30810136000342
2020-01-13,8184.97,8196.0,8055.89,8110.34,31159.755683,214.37146728303742,129.30228398983758,85.06918329319984
2020-01-14,8110.34,8880.0,8105.54,8810.01,120399.126742,274.8161339893195,158.40505398973397,116.41107999958552
2020-01-15,8814.64,8916.48,8564.0,8821.41,84816.297606,319.95066050860805,190.7141752935088,129.23648521509926
2020-01-16,8820.01,8859.81,8586.0,8720.01,51991.074284,343.57741877290937,221.2868239893889,122.29059478352048
2020-01-17,8720.15,9041.65,8672.44,8913.28,70897.737377,373.5905493928267,251.74756907007648,121.84298032275021
2020-01-18,8913.27,8988.88,8806.38,8915.96,38294.746545,393.06145743529487,280.0103467431202,113.05111069217469
2020-01-19,8915.09,9198.98,8466.0,8701.7,70676.889259,386.745143708622,301.3573061362206,85.3878375724014
2020-01-20,8701.72,8746.99,8521.28,8642.35,38896.639746,372.6546398634082,315.6167728816581,57.037866981750085
2020-01-21,8642.35,8789.0,8488.0,8736.03,36494.687659,364.84134323409853,325.4616869521462,39.37965628195235
2020-01-22,8736.04,8818.0,8590.0,8682.36,29080.557138,350.2807109093228,330.4254917435815,19.85521916574129
2020-01-23,8682.77,8691.81,8306.39,8404.52,48165.944597,312.7171304735675,326.88381948957874,-14.166689016011219
2020-01-24,8404.52,8528.02,8238.0,8439.0,41687.529529,282.47378818944344,318.0018132295517,-35.528025040108275
2020-01-25,8438.99,8451.26,8254.9,8340.58,25521.157932,247.70861929801504,303.9431744432444,-56.234555145229365
2020-01-26,8340.01,8618.13,8293.66,8615.0,31130.485164,239.5391152457796,291.06236260375147,-51.523247357971854
2020-01-27,8614.39,9000.0,8535.0,8907.57,53973.542996,253.74763354963034,283.5994167929273,-29.85178324329695
2020-01-28,8907.57,9400.0,8862.4,9374.21,74584.853765,299.21279594096995,286.72209262253585,12.4907033184341
2020-01-29,9375.34,9449.24,9216.0,9301.53,53864.065122,325.62598247616916,294.5028705932625,31.12311188290664
2020-01-30,9301.57,9578.0,9204.44,9513.21,60626.744259,359.4953909299438,307.5013746605988,51.994016269345025
2020-01-31,9511.52,9530.22,9210.01,9352.89,45552.022352,369.14537885321624,319.83017549912233,49.31520335409391
2020-02-01,9351.71,9464.53,9281.0,9384.61,28578.067354,375.029496128107,330.8700396249193,44.1594565031877
2020-02-02,9384.41,9477.03,9120.0,9331.51,45690.91254,371.12982167250266,338.92199603443595,32.20782563806671
2020-02-03,9331.59,9618.79,9234.0,9292.24,50892.133451,360.712471923267,343.28009121220214,17.432380711064866
2020-02-04,9291.35,9350.0,9093.01,9197.02,53308.175266,340.844149790124,342.7929029277865,-1.948753137662493
2020-02-05,9197.02,9744.45,9177.22,9612.04,64870.415615,354.5005452722489,345.13443139667896,9.366113875569965
2020-02-06,9612.03,9862.57,9526.35,9772.0,64949.706588,373.92045004858846,350.8916351270609,23.028814921527555
2020-02-07,9772.0,9885.0,9730.0,9813.73,43966.114632,388.2031623371895,358.35394056908666,29.849221768102836
2020-02-08,9813.87,9940.0,9667.11,9895.05,43600.843666,401.45641940276437,366.97443633582225,34.48198306694212
2020-02-09,9895.04,10166.0,9880.75,10151.75,43408.475616,427.7425163127973,379.12805233121725,48.61446398158006
2020-02-10,10151.72,10188.0,9756.0,9851.83,59573.084619,419.5372359282064,387.20988905061506,32.32734687759137
2020-02-11,9851.74,10323.59,9700.0,10223.08,62422.395224,437.9429309439456,397.3564974292812,40.58643351466441
2020-02-12,10223.08,10450.0,10223.08,10326.46,61008.06393,455.6193822418154,409.0090743917881,46.61030785002731
2020-02-13,10325.33,10500.0,10080.0,10229.63,79344.358759,456.55187961488446,418.5176354364074,38.03424417847708
2020-02-14,10227.78,10381.56,10111.37,10344.36,47038.480173,461.23184901412606,427.06047815195114,34.17137086217491
2020-02-15,10344.36,10375.0,9801.0,9904.72,57657.202947,424.5712911472747,426.5626407510159,-1.9913496037412415
2020-02-16,9904.46,10050.0,9638.12,9917.27,60023.999537,392.0113521786898,419.65238303655076,-27.641030857860983
2020-02-17,9910.7,9964.16,9452.67,9706.0,70261.011901,345.18061535511333,404.7580295002633,-59.57741414514999
2020-02-18,9706.0,10250.0,9576.01,10164.71,70604.124019,341.14843561749694,392.03611072371007,-50.88767510621312
2020-02-19,10164.78,10250.0,9350.0,9593.79,55162.586895,288.5581131949475,371.3405112179576,-82.7823980230101
2020-02-20,9594.65,9699.0,9400.0,9596.42,60152.342914,244.276258155116,345.9276606053893,-101.65140245027328
2020-02-21,9597.21,9755.51,9550.21,9677.05,42181.554524,213.23074485433244,319.3882774551779,-106.15753260084546
2020-02-22,9677.05,9709.17,9560.02,9650.86,24636.757623,184.38812623002377,292.3882472101471,-108.00012098012331
2020-02-23,9650.85,9990.0,9645.0,9936.4,37702.089843,182.46746347616318,270.4040904633503,-87.93662698718714
2020-02-24,9936.4,9990.0,9473.56,9656.13,55796.59612,156.52554862939178,247.62838209655862,-91.10283346716685
2020-02-25,9655.52,9675.0,9250.0,9315.84,54379.344552,107.27127860836845,219.5569613989206,-112.28568279055216
2020-02-26,9316.48,9377.44,8633.63,8785.25,92130.345482,25.133018294367503,180.67217277801,-155.5391544836425
2020-02-27,8786.0,8971.77,8531.0,8823.21,72483.578762,-36.47858757323411,137.2420207077612,-173.72060828099532
2020-02-28,8823.25,8900.0,8445.0,8692.91,71155.208977,-94.72838034616143,90.84794049697669,-185.57632084313812
2020-02-29,8690.8,8790.0,8523.55,8523.61,36748.183035,-152.79156977969615,42.12003844164212,-194.91160822133827
2020-03-01,8523.61,8750.0,8411.0,8531.88,43892.201779,-195.8817430420968,-5.48031785510566,-190.40142518699113
2020-03-02,8530.3,8965.75,8498.0,8915.24,60401.31773,-196.82815522156125,-43.74988532839678,-153.07826989316447
2020-03-03,8911.18,8919.65,8651.0,8760.07,55154.997282,-207.70482396363332,-76.5408730554441,-131.16395090818924
2020-03-04,8760.07,8848.29,8660.0,8750.87,38696.482578,-214.59332712093965,-104.15136386854321,-110.44196325239643
2020-03-05,8750.99,9159.42,8746.54,9054.68,58201.866355,-193.30923897215325,-121.98293888926523,-71.32630008288803
2020-03-06,9054.64,9170.0,8985.5,9131.88,43782.948044,-168.27231248552926,-131.24081360851804,-37.03149887701122
2020-03-07,9130.89,9188.0,8835.0,8886.66,45422.204525,-166.3005631015858,-138.2527635071316,-28.047799594454204
2020-03-08,8885.25,8886.76,8000.0,8033.31,77537.315166,-230.93408636941967,-156.78902807958923,-74.14505828983044
2020-03-09,8034.76,8179.31,7632.01,7929.87,116968.863268,-287.19278310211666,-182.86977908409472,-104.32300401802195
2020-03-10,7929.87,8149.0,7728.01,7894.56,86783.443875,-330.8140095097606,-212.4586251692279,-118.35538434053268
2020-03-11,7894.57,7980.0,7590.0,7934.52,79942.411172,-358.03253151563695,-241.57340643850972,-116.45912507712723
2020-03-12,7934.58,7966.17,4410.0,4800.0,261505.608653,-625.3246210471298,-318.32364936023373,-307.00097168689604
2020-03-13,4800.01,5955.0,3782.13,5578.6,402201.673764,-765.5047524914944,-407.7598699864859,-357.7448825050085
2020-03-14,5576.05,5640.52,5055.13,5172.06,136910.135974,-899.039331230053,-506.0157622351993,-393.0235689948537
2020-03-15,5172.48,5940.0,5093.1,5361.3,139916.146534,-978.3189090881251,-600.4763916057846,-377.84251748234055
2020-03-16,5360.33,5365.42,4442.12,5028.97,227276.92276,-1055.794260297861,-691.5399653441998,-364.2542949536612
2020-03-17,5028.86,5525.0,4921.45,5312.64,150089.926318,-1081.833532495827,-769.5986787745253,-312.23485372130176
2020-03-18,5312.64,5436.17,5009.37,5393.04,137127.634894,-1083.4924092036827,-832.3774248603569,-251.11498434332577
2020-03-19,5393.26,6400.0,5252.53,6162.37,199020.873439,-1011.073552958228,-868.1166504799312,-142.9569024782968
2020-03-20,6162.05,6900.0,5670.0,6208.36,219298.329514,-939.144209142466,-882.3221622124382,-56.822046930027795
2020-03-21,6204.57,6456.98,5860.02,6186.98,128913.668363,-873.7923390971537,-880.6161975893814,6.823858492227714
2020-03-22,6187.04,6407.87,5734.01,5816.19,119115.990527,-842.2116735163872,-872.9352927747826,30.723619258395388
2020-03-23,5816.05,6600.0,5688.0,6467.31,164674.215785,-755.929936397365,-849.5342214992992,93.60428510193412
2020-03-24,6465.25,6833.0,6371.33,6744.72,151138.009878,-657.5861259890444,-811.1446023972483,153.5584764082039
2020-03-25,6744.69,6957.96,6450.0,6677.43,132155.734989,-578.4101363416248,-764.5977091861237,186.18757284449885
2020-03-26,6677.42,6780.0,6510.0,6737.36,83026.555211,-505.00535657408363,-712.6792386637156,207.673882089632
2020-03-27,6737.27,6842.59,6261.0,6359.11,82914.968354,-471.91323161006494,-664.5260372529855,192.61280564292053
2020-03-28,6359.11,6360.0,6024.0,6236.65,93159.693429,-450.37731340053506,-621.6962924824954,171.31897908196038
2020-03-29,6236.65,6266.0,5866.56,5881.42,63311.627714,-456.70937390987183,-588.6989087679708,131.98953485809898
2020-03-30,5880.5,6599.0,5857.76,6394.38,118889.549992,-415.54583870881197,-554.068294756139,138.52245604732707
2020-03-31,6394.45,6523.23,6321.4,6410.44,72337.595259,-377.2785010018979,-518.7103360052909,141.43183500339296
2020-04-01,6412.14,6679.94,6150.11,6642.92,97500.7524,-324.4520854081402,-479.8586858858607,155.40660047772053
2020-04-02,6643.36,7198.0,6551.0,6794.09,149299.906871,-267.30726310068803,-437.3484013288262,170.04113822813815
2020-04-03,6793.86,7048.0,6602.1,6734.1,104080.276939,-224.2749691207673,-394.73371488721443,170.45874576644712
2020-04-04,6732.97,6990.41,6650.01,6856.99,72990.861139,-178.20117789295728,-351.427207488363,173.22602959540575
2020-04-05,6857.41,6895.54,6677.52,6772.78,49685.356983,-146.7903023966055,-310.49982647001156,163.70952407340604
2020-04-06,6772.78,7355.14,6765.0,7329.9,118052.000832,-76.0651970658837,-263.612900589186,187.5477035233023
2020-04-07,7329.9,7459.69,7077.0,7197.32,103585.168918,-30.363132239069273,-216.96294691916265,186.59981468009337
2020-04-08,7197.32,7420.0,7150.0,7361.28,76059.145838,18.868777608025994,-169.7966020137249,188.6653796217509
2020-04-09,7360.26,7371.92,7108.08,7283.54,61094.872417,51.02427646135493,-125.63242631870895,176.65670278006388
2020-04-10,7283.54,7295.75,6739.98,6858.92,104674.623375,41.76303736967475,-92.15333358103221,133.91637095070695
2020-04-11,6858.92,6944.3,6760.0,6876.83,45470.293206,35.4598667152859,-66.63069352176859,102.09056023705449
2020-04-12,6876.84,7177.0,6780.0,6903.79,73868.666501,32.268039373923784,-46.85094694263012,79.1189863165539
2020-04-13,6903.79,6903.79,6575.0,6837.91,96415.476573,24.144208387113395,-32.651915876681414,56.79612426379481
2020-04-14,6838.04,6978.0,6754.28,6868.7,69068.623285,19.96041820215305,-22.12944906091452,42.089867263067575
2020-04-15,6868.57,6933.0,6605.0,6621.24,61571.384994,-3.2853481046067827,-18.360628869652974,15.075280765046191
2020-04-16,6621.25,7190.0,6468.27,7101.94,125009.857539,16.88603553658777,-11.311295988404826,28.197331524992595
2020-04-17,7101.99,7148.12,6972.98,7027.55,54126.509763,26.563147671009574,-3.7364072565219457,30.29955492753152
2020-04-18,7026.78,7293.08,7014.4,7248.6,49488.542819,51.47583498235508,7.3060411912534615,44.16979379110162
2020-04-19,7248.6,7266.15,7055.6,7120.74,45664.86393,60.208044870360936,17.88644192707496,42.32160294328598
2020-04-20,7121.4,7220.0,6751.0,6826.83,90149.49137,42.91757632255576,22.89266880617112,20.02490751638464
2020-04-21,6828.98,6940.0,6762.0,6841.37,60109.710808,30.041709781426107,24.32247700122212,5.719232780203988
2020-04-22,6841.36,7156.38,6818.0,7125.14,61486.377334,42.24834756508426,27.907651113994547,14.340696451089713
2020-04-23,7125.12,7738.0,7020.0,7482.39,102773.569561,79.82906551450105,38.29193399409585,41.537131520405204
2020-04-24,7483.96,7615.96,7388.0,7505.0,60182.119939,110.16656173681349,52.66685954263938,57.49970219417411
2020-04-25,7505.0,7705.0,7431.07,7538.67,43874.427726,135.3657218911976,69.20663201235102,66.15908987884659
2020-04-26,7539.03,7700.0,7480.0,7693.1,50522.616209,165.88522660598574,88.54235093107798,77.34287567490776
2020-04-27,7693.1,7792.02,7606.0,7774.62,65441.339576,194.4091094838841,109.71570264163921,84.69340684224488
2020-04-28,7773.51,7780.0,7659.12,7738.98,46302.752638,211.69831561917363,130.1122252371461,81.58609038202752
2020-04-29,7738.58,8952.89,7710.05,8778.57,183546.887514,305.76172993463933,165.24212617664477,140.51960375799456
2020-04-30,8778.58,9460.0,8401.0,8620.0,206277.214124,363.3242143135976,204.85854380403535,158.46567050956227
2020-05-01,8620.0,9059.18,8613.56,8826.96,91468.815059,420.7922096040793,248.04527696404415,172.74693264003514
2020-05-02,8825.67,9010.0,8753.0,8972.05,59002.08755,472.59577047720177,292.9553756666757,179.64039481052606
2020-05-03,8972.58,9200.0,8712.0,8894.16,90126.065643,501.5834518395941,334.6809909012594,166.90246093833468
2020-05-04,8894.15,8950.0,8522.0,8871.96,84418.512331,516.8076073019865,371.10631418140485,145.70129312058168
2020-05-05,8871.92,9118.58,8760.0,9021.83,76480.765342,534.8012606437251,403.8453034738689,130.95595716985616
2020-05-06,9021.36,9395.0,8906.21,9142.92,105925.30242,552.463852171938,433.5690132134828,118.89483895845524
2020-05-07,9143.4,10067.0,9021.0,9986.4,147154.611378,627.2923343986349,472.31367745051324,154.97865694812168
2020-05-08,9986.3,10035.96,9705.0,9800.01,100683.7964,663.9012895973447,510.63119987987955,153.2700897174651
2020-05-09,9800.02,9914.25,9520.0,9539.4,81950.679567,664.2282910824051,541.3506181203848,122.87767296202037
2020-05-10,9539.1,9574.83,8117.0,8722.77,183865.182028,591.7706621481084,551.4346269259295,40.33603522217891
2020-05-11,8722.77,9168.0,8200.0,8561.52,168807.251832,515.3947914770997,544.2266598361635,-28.831868359063833
2020-05-12,8562.04,8978.26,8528.78,8810.79,86522.780066,469.5674877721558,529.294825423362,-59.7273376512062
2020-05-13,8810.99,9398.0,8792.99,9309.37,92466.274018,468.08447218825677,517.052754776341,-48.96828258808421
2020-05-14,9309.35,9939.0,9256.76,9791.98,129565.37747,500.08707283120566,513.6596183873139,-13.572545556108253
2020-05-15,9791.97,9845.62,9150.0,9316.42,115890.761516,481.5249272058081,507.2326801510128,-25.707752945204675
2020-05-16,9315.96,9588.0,9220.0,9381.27,59587.627862,466.6676914342788,499.119682407666,-32.45199097338718
2020-05-17,9380.81,9888.0,9322.1,9680.04,68647.764323,473.5427609416638,494.0042981144656,-20.461537172801798
2020-05-18,9681.11,9950.0,9464.23,9733.93,82006.603583,477.83163008914016,490.76976450940055,-12.938134420260383
2020-05-19,9733.93,9897.21,9474.0,9775.53,78539.760454,479.06499902133146,488.4288114117868,-9.363812390455337
2020-05-20,9775.13,9842.0,9326.0,9511.43,74923.73809,453.5040772557095,481.44386458057136,-27.939787324861868
2020-05-21,9511.43,9578.47,8815.0,9068.65,108928.780969,392.98809493500266,463.7527106514577,-70.76461571645501
2020-05-22,9067.51,9271.0,8933.52,9170.0,58943.131024,349.1816917500055,440.8385068711672,-91.65681512116174
2020-05-23,9170.0,9307.85,9070.0,9179.15,43526.296966,311.61107168483613,414.99301983390103,-103.3819481490649
2020-05-24,9179.01,9298.0,8700.0,8720.34,70379.86645,242.0240494493355,380.39922575698796,-138.37517630765245
2020-05-25,8718.14,8979.66,8642.72,8900.35,62833.910949,199.1059659377679,344.140573793144,-145.03460785537607
2020-05-26,8900.35,9017.67,8700.0,8841.18,58299.770138,158.4915590163091,307.01077083777705,-148.51921182146793
2020-05-27,8841.0,9225.0,8811.73,9204.07,68910.355514,153.81347314888262,276.3713112999982,-122.55783815111556
2020-05-28,9204.07,9625.47,9110.0,9575.89,74110.787662,178.05630076672242,256.70830919334304,-78.65200842662063
2020-05-29,9575.87,9605.26,9330.0,9427.07,57374.362961,183.14915658392783,241.99647867146,-58.84732208753218
2020-05-30,9426.6,9740.0,9331.23,9697.72,55665.27254,206.64242930015644,234.9256687971993,-28.28323949704287
2020-05-31,9697.72,9700.0,9381.41,9448.27,48333.786403,202.79479476956294,228.49949399167204,-25.7046992221091
2020-06-01,9448.27,10380.0,9421.67,10200.77,76649.12696,257.4977045274245,234.29913609882254,23.19856842860196
2020-06-02,10202.71,10228.99,9266.0,9518.04,108970.773151,242.95887081033288,236.03108304112462,6.9277877692082654
2020-06-03,9518.02,9690.0,9365.21,9666.24,46252.644939,240.62150683471918,236.94916779984356,3.6723390348756197
2020-06-04,9666.32,9881.63,9450.0,9789.06,57456.100969,245.8457201662477,238.7284782731244,7.117241893123293
2020-06-05,9788.14,9854.75,9581.0,9621.16,47788.05005,233.74337197680688,237.7314570138609,-3.98808503705402
2020-06-06,9621.17,9735.0,9531.05,9666.3,32752.950893,225.1986447973104,235.22489457055082,-10.026249773240409
2020-06-07,9666.85,9802.0,9372.46,9746.99,57952.848385,222.37450077009998,232.65481581046066,-10.280315040360676
2020-06-08,9746.99,9800.0,9633.0,9782.01,40664.664125,220.4212882043903,230.2081102892466,-9.786822084856311
2020-06-09,9782.0,9877.0,9570.0,9772.43,46024.001289,215.61485342266133,227.28945891592957,-11.674605493268245
2020-06-10,9772.44,9992.72,9704.18,9885.0,47130.762982,218.3719218595088,225.50595150464542,-7.134029645136621
2020-06-11,9885.22,9964.0,9113.0,9280.4,94418.98473,169.81324987288463,214.36741117829328,-44.554161305408655
2020-06-12,9278.88,9557.12,9232.51,9465.13,50119.066932,144.56980885917255,200.40789071446915,-55.83808185529659
2020-06-13,9464.96,9494.73,9351.0,9473.34,27759.784851,123.79959371898076,185.0862313153715,-61.28663759639073
2020-06-14,9473.34,9480.99,9245.0,9342.1,30055.506608,95.64652380892585,167.19828981408236,-71.55176600515651
2020-06-15,9342.1,9495.0,8910.45,9426.02,86107.924707,79.1937593630555,149.59738372387702,-70.40362436082151
2020-06-16,9426.05,9589.0,9373.09,9525.59,52052.446927,73.3438298471956,134.34667294854074,-61.00284310134515
2020-06-17,9526.97,9565.0,9236.61,9465.14,48046.411152,63.102502393492614,120.09783883753113,-56.995336444038514
2020-06-18,9465.13,9489.0,9280.0,9386.32,37381.953765,48.07191817884086,105.69265470579309,-57.62073652695223
2020-06-19,9386.32,9438.3,9215.79,9310.23,45330.983673,29.67813375791593,90.48975051621767,-60.81161675830174
2020-06-20,9310.23,9395.0,9170.95,9358.95,30329.065384,18.81533247362495,76.15486690769913,-57.33953443407418
2020-06-21,9358.95,9422.0,9281.54,9294.69,24316.926234,4.9640171372302575,61.91669695360535,-56.952679816375095
2020-06-22,9294.69,9780.0,9277.09,9685.69,57895.468343,25.246160196897108,54.58258960226371,-29.3364294053666
2020-06-23,9685.69,9720.0,9577.03,9624.89,41031.02938,35.99888014168391,50.865847710147754,-14.866967568463842
2020-06-24,9624.33,9670.0,9208.0,9296.49,61571.561464,17.815981179433948,44.255874404005,-26.43989322457105
2020-06-25,9298.33,9340.0,9009.69,9249.49,55831.619156,-0.3821987047140283,35.3282597822612,-35.71045848697523
2020-06-26,9249.49,9298.0,9045.45,9162.21,50292.298277,-21.598183528994923,23.942971120009975,-45.541154649004895
2020-06-27,9162.21,9196.24,8833.0,9012.0,46290.930113,-49.956824818342284,9.163011932339524,-59.119836750681806
2020-06-28,9012.0,9191.0,8948.06,9116.35,30688.176421,-63.281608451667125,-5.325912144461807,-57.955696307205315
2020-06-29,9116.16,9238.0,9024.67,9192.56,42120.293261,-66.92066561792853,-17.644862839155152,-49.27580277877338
2020-06-30,9192.93,9205.0,9064.89,9138.55,31463.162801,-73.31764014285727,-28.77941829989558,-44.53822184296169
2020-07-01,9138.08,9292.0,9080.1,9232.0,38488.528699,-70.03928525335323,-37.03139169058711,-33.00789356276612
2020-07-02,9231.99,9261.96,8940.0,9086.54,45725.168076,-78.27625181851909,-45.280363716173504,-32.99588810234558
2020-07-03,9086.54,9125.0,9037.47,9058.26,28943.420177,-86.09363300982113,-53.44301757490303,-32.6506154349181
2020-07-04,9057.79,9190.0,9040.04,9135.46,26441.968484,-85.07883328209391,-59.77018071634121,-25.308652565752702
2020-07-05,9135.0,9145.24,8893.03,9069.41,34073.653627,-88.58314878564488,-65.53277433020195,-23.050374455442935
2020-07-06,9069.41,9375.0,9055.92,9344.2,54463.132277,-68.3986307467112,-66.1059456135038,-2.2926851332073994
2020-07-07,9342.47,9379.42,9203.0,9257.39,34587.336678,-58.73009233163066,-64.63077495712918,5.9006826254985185
2020-07-08,9257.4,9470.0,9231.0,9436.06,56140.517781,-36.23286032743272,-58.95119203118989,22.718331703757173
2020-07-09,9436.06,9440.79,9160.0,9232.43,48044.450645,-34.43790237169196,-54.04853409929031,19.610631727598346
2020-07-10,9232.42,9317.48,9125.0,9288.34,38295.494006,-28.179084573072032,-48.87464419404666,20.695559620974628
2020-07-11,9288.34,9299.28,9178.25,9234.03,22561.366,-27.286744878165337,-44.557064330870396,17.27031945270506
2020-07-12,9234.02,9345.0,9157.5,9302.75,30872.702286,-20.794720959043843,-39.80459565650509,19.00987469746125
2020-07-13,9303.31,9343.82,9200.89,9242.62,42740.069115,-20.268095712335708,-35.897295667671216,15.629199955335508
2020-07-14,9242.61,9279.54,9113.0,9255.85,45772.552509,-18.56913751947468,-32.43166403803191,13.862526518557232
2020-07-15,9255.85,9276.49,9160.57,9197.6,39053.579665,-21.673154462167076,-30.279962122858947,8.60680766069187
2020-07-16,9197.6,9226.15,9047.25,9133.72,43375.571191,-28.953929508867077,-30.014755600060575,1.0608260911934977
2020-07-17,9133.72,9186.83,9089.81,9154.32,28054.358741,-32.68497628894511,-30.548799737837484,-2.1361765511076243
2020-07-18,9154.31,9219.3,9121.1,9170.28,22554.541457,-33.9625203327214,-31.231543856814266,-2.7309764759071307
2020-07-19,9170.3,9232.27,9101.35,9208.99,26052.019417,-31.48843067661801,-31.282921220775016,-0.20550945584299285
2020-07-20,9208.99,9221.52,9131.0,9160.78,35458.764082,-33.03701079588973,-31.63373913579796,-1.403271660091768
2020-07-21,9160.78,9437.73,9152.8,9390.0,60413.582486,-15.588439541235857,-28.424679216885544,12.836239675649686
2020-07-22,9390.0,9544.0,9261.0,9518.16,48815.004107,8.483329271284674,-21.0430775192515,29.526406790536175
2020-07-23,9518.16,9664.0,9440.33,9603.27,51856.2335,34.03570279367159,-10.027321456666883,44.06302425033847
2020-07-24,9603.27,9637.0,9463.44,9537.8,43931.136205,48.444819339203605,1.6671067025072155,46.77771263669639
2020-07-25,9538.1,9732.9,9513.0,9700.42,40679.545416,72.15447111317553,15.76457958464088,56.389891528534655
2020-07-26,9700.42,10111.0,9650.0,9931.54,65279.269319,108.34505901456942,34.28067547062659,74.06438354394282
2020-07-27,9931.54,11394.86,9917.21,11029.96,150188.933144,223.08805456107984,72.04215128871725,151.04590327236258
2020-07-28,11029.96,11242.23,10565.0,10906.27,97267.734187,300.5770903361408,117.74913909820197,182.82795123793886
2020-07-29,10906.27,11342.82,10812.0,11100.53,76838.094233,373.3590176204634,168.87111480265426,204.48790281780916
2020-07-30,11100.52,11170.0,10831.0,11099.61,60794.826456,426.05370118942847,220.3076320800091,205.74606910941935
2020-07-31,11099.79,11444.0,10960.0,11335.46,70063.660974,481.29764186381,272.5056340367693,208.79200782704066
2020-08-01,11335.46,11861.0,11220.0,11801.17,85087.485126,556.2457134250617,329.2536499144278,226.9920635106339
2020-08-02,11801.17,12123.46,10518.5,11071.35,97553.077604,550.4074707630789,373.48441408415806,176.92305667892083
2020-08-03,11071.36,11473.0,10936.0,11219.81,56931.841475,551.4038621730579,409.068303701938,142.33555847111984
2020-08-04,11219.68,11414.98,11000.0,11191.97,58629.113709,543.6798513156555,435.9906132246815,107.68923809097396
2020-08-05,11191.99,11780.93,11093.0,11744.91,74970.256852,575.5416678653746,463.9008241528202,111.64084371255444
2020-08-06,11744.91,11900.0,11562.5,11762.46,63529.08502,595.345750143757,490.18980935100757,105.15594079274939
2020-08-07,11762.47,11909.94,11322.0,11594.23,65755.926022,590.6571450895681,510.28327649871966,80.37386859084842
2020-08-08,11594.36,11808.27,11512.0,11761.41,41858.16104,593.5888973110486,526.9444006611855,66.64449664986319
2020-08-09,11761.02,11797.11,11521.97,11681.68,41493.067342,582.7610804212,538.1077366131883,44.65334380801164
2020-08-10,11681.69,12067.35,11450.0,11892.92,84952.337887,584.4876503175165,547.3837193540539,37.10393096346252
2020-08-11,11892.9,11935.0,11125.0,11392.08,90748.284634,539.2264996628637,545.7522754158159,-6.5257757529522
2020-08-12,11392.09,11617.52,11150.0,11564.33,64909.613644,511.36119359824625,538.8740590523021,-27.512865454055827
2020-08-13,11564.34,11792.96,11270.36,11780.0,70132.491502,500.9063675521975,531.2805207522812,-30.374153200083697
2020-08-14,11779.77,11850.0,11634.03,11760.54,59818.852697,485.45456517934326,522.1153296376935,-36.660764458350286
2020-08-15,11760.55,11980.0,11680.0,11852.4,56237.90505,475.1440696999907,512.721077650153,-37.57700795016228
2020-08-16,11852.4,11931.72,11686.0,11911.0,41368.236906,466.32594281787897,503.44205068369826,-37.11610786581929
2020-08-17,11910.99,12468.0,11769.78,12281.13,84734.21154,483.6289380775579,499.47942816247024,-15.850490084912337
2020-08-18,12281.15,12387.77,11817.93,11945.01,75923.835527,464.860983502349,492.555739230446,-27.69475572809705
2020-08-19,11945.1,12020.08,11561.0,11754.59,73940.169606,429.66898509154635,479.97838840266616,-50.30940331111981
2020-08-20,11754.38,11888.0,11668.0,11853.55,46085.254351,405.0946389281926,465.0016385077715,-59.906999579578894
2020-08-21,11853.54,11878.0,11485.81,11531.34,64448.306142,355.5214088694029,443.1055925800978,-87.5841837106949
2020-08-22,11531.23,11686.0,11376.81,11662.96,43678.701646,323.1300587222686,419.11048580853196,-95.98042708626338
2020-08-23,11663.51,11718.07,11514.13,11648.13,37900.00469,292.88680651329014,393.86574994948364,-100.9789434361935
2020-08-24,11648.12,11824.9,11585.09,11748.2,46212.391867,273.83700143202987,369.8600002459929,-96.02299881396306
2020-08-25,11748.19,11767.85,11117.64,11318.42,69590.923272,221.50684643751447,340.18936948429723,-118.68252304678276
2020-08-26,11318.42,11539.32,11244.0,11461.43,53998.231231,189.39134783568625,310.02976515457505,-120.6384173188888
2020-08-27,11461.42,11592.2,11125.0,11330.38,63246.036383,151.61719539453043,278.3472512025661,-126.73005580803567
2020-08-28,11330.38,11542.65,11276.89,11526.91,45953.908365,135.97183726662115,249.87216841537713,-113.90033114875598
2020-08-29,11526.9,11580.02,11417.04,11465.84,32973.7992,117.29286053089163,223.35630683848007,-106.06344630758844
2020-08-30,11465.84,11719.0,11458.0,11711.16,43177.879054,120.89135043274473,202.863315557333,-81.97196512458828
2020-08-31,11711.17,11800.77,11570.0,11649.51,55353.617744,117.41505220277031,185.77366288642048,-68.35861068365017
2020-09-01,11649.51,12050.85,11515.0,11921.97,78148.193668,135.08809430518158,175.6365491701727,-40.54845486499113
2020-09-02,11921.97,11954.57,11160.1,11388.54,87221.845602,104.84220883778107,161.47768110369438,-56.63547226591331
2020-09-03,11388.54,11462.6,9960.8,10140.85,121950.106015,-19.580319193235482,125.26608104430841,-144.8464002375439
2020-09-04,10138.29,10627.05,9875.5,10446.25,92733.599113,-92.47682612131575,81.71749961118358,-174.19432573249935
2020-09-05,10446.25,10565.68,9825.0,10166.69,90001.605568,-170.83668965617835,31.206661757711196,-202.04335141388955
2020-09-06,10166.69,10347.14,9994.86,10256.2,56368.788815,-223.14248940963444,-19.66316847575793,-203.4793209338765
2020-09-07,10255.89,10410.75,9875.0,10373.44,62620.230676,-252.22740386707483,-66.17601555402132,-186.0513883130535
2020-09-08,10373.45,10438.0,9850.0,10126.65,73491.878418,-291.82729520703833,-111.30627148462472,-180.52102372241362
2020-09-09,10126.66,10343.0,9981.01,10219.2,49347.113776,-312.1442779354202,-151.4738727747838,-160.67040516063636
2020-09-10,10219.29,10483.35,10070.83,10336.87,58253.75375,-315.11816152107167,-184.20273052404139,-130.91543099703028
2020-09-11,10336.86,10397.6,10200.0,10387.89,43830.254467,-309.78706562355,-209.3195975439431,-100.4674680796069
2020-09-12,10387.89,10477.97,10269.25,10440.92,35379.153096,-297.84963076795793,-227.0256041887461,-70.82402657921185
2020-09-13,10440.67,10580.11,10200.0,10332.83,43837.609865,-293.7252059578168,-240.36552454256025,-53.359681415256546
2020-09-14,10332.84,10750.0,10212.34,10671.77,67059.291361,-260.1085744859665,-244.3141345312415,-15.794439954725021
2020-09-15,10671.77,10930.04,10606.48,10785.31,61822.452786,-221.74923558937553,-239.8011547428683,18.051919153492776
2020-09-16,10785.23,11093.0,10661.22,10954.01,64991.51244,-175.7110158203741,-226.9831269583695,51.27211113799541
2020-09-17,10954.01,11045.46,10745.83,10939.99,55601.614529,-138.75718533673535,-209.33793863404267,70.58075329730733
2020-09-18,10940.0,11038.03,10812.84,10933.39,47266.728275,-108.74997130725569,-189.2203451686853,80.47037386142961
2020-09-19,10933.4,11179.79,10887.37,11080.65,38440.036858,-72.25349340601133,-165.8269748161505,93.57348141013918
2020-09-20,11080.64,11080.64,10723.0,10920.28,39157.922565,-55.629033587019876,-143.7873865703244,88.15835298330452
2020-09-21,10920.28,10988.86,10296.35,10417.22,70683.431179,-82.1003652549116,-131.44998230724184,49.349617052330245
2020-09-22,10417.22,10572.71,10353.0,10529.61,43991.235476,-92.93881182941368,-123.74774821167621,30.80893638226253
2020-09-23,10529.61,10537.15,10136.82,10241.46,51876.568079,-123.35766527861779,-123.66973162506453,0.31206634644674125
2020-09-24,10241.46,10795.24,10190.93,10736.32,57676.619427,-106.30830356185652,-120.19744601242294,13.889142450566425
2020-09-25,10736.33,10760.53,10556.24,10686.67,48101.117008,-95.699734654856,-115.29790374090956,19.59816908605356
2020-09-26,10686.57,10820.94,10644.68,10728.6,28420.836659,-82.95273924732464,-108.82887084219259,25.876131594867942
2020-09-27,10728.59,10799.0,10594.82,10774.25,30549.483253,-68.37885123005617,-100.73886691976531,32.360015689709144
2020-09-28,10774.26,10950.0,10626.0,10696.12,50095.251734,-62.41390932216564,-93.07387540024538,30.659966078079748
2020-09-29,10696.11,10867.54,10635.87,10840.48,41874.898399,-45.513354729690036,-83.56177126613431,38.04841653644428
2020-09-30,10840.58,10849.34,10665.13,10776.59,39596.027322,-36.8501469466446,-74.21944640223637,37.36929945559177
2020-10-01,10776.59,10920.0,10437.0,10619.13,60866.332893,-42.203700427771764,-67.81629720734345,25.61259677957169
2020-10-02,10619.13,10664.64,10374.0,10570.4,50130.393705,-49.80441953204172,-64.2139216722831,14.409502140241386
2020-10-03,10570.4,10603.56,10496.46,10542.06,22298.221341,-57.45256789542327,-62.861650916911145,5.409083021487874
2020-10-04,10542.07,10696.87,10517.87,10666.63,23212.001595,-52.85276883088591,-60.8598744997061,8.007105668820195
2020-10-05,10666.62,10798.0,10615.64,10792.21,34025.761653,-38.628849121281746,-56.413669424021236,17.78482030273949
2020-10-06,10792.2,10800.0,10525.0,10599.66,48674.740471,-42.40465163801491,-53.611865866819976,11.207214228805064
2020-10-07,10599.65,10681.87,10546.17,10666.39,32811.990279,-39.556466696561984,-50.800786032768386,11.244319336206402
2020-10-08,10666.4,10950.0,10530.41,10925.57,51959.691572,-16.19886918748489,-43.880402663711685,27.681533476226797
2020-10-09,10925.44,11104.64,10829.0,11050.64,48240.073237,12.262939336007548,-32.65173426376784,44.91467359977539
2020-10-10,11050.64,11491.0,11050.51,11293.22,43648.036943,53.77343958277743,-15.36669949445879,69.14013907723621
2020-10-11,11293.22,11445.0,11221.0,11369.02,29043.851339,91.72983220252354,6.052606844937674,85.67722535758587
2020-10-12,11369.02,11720.01,11172.0,11528.25,52825.28371,133.12450069716942,31.466985615384026,101.65751508178539
2020-10-13,11528.24,11557.0,11300.0,11420.56,42205.283709,155.44847743004175,56.26328397831557,99.18519345172618
2020-10-14,11420.57,11547.98,11280.0,11417.89,41415.106015,170.9542885178489,79.20148488622223,91.75280363162668
2020-10-15,11417.89,11617.34,11250.83,11505.12,48760.717679,188.11303750666775,100.98379541031134,87.1292420963564
2020-10-16,11505.13,11541.15,11200.0,11319.32,48797.749502,184.59111107333047,117.70525854291517,66.88585253041529
2020-10-17,11319.24,11402.42,11255.0,11360.2,22368.915241,182.989247217316,130.76205627779535,52.22719093952065
2020-10-18,11360.31,11505.0,11346.22,11503.14,23284.041191,191.05149921368684,142.81994486497365,48.23155434871319
2020-10-19,11503.14,11823.99,11407.96,11751.47,47414.534692,215.00065392066062,157.25608667611107,57.74456724454956
2020-10-20,11751.46,12038.38,11677.59,11909.99,62134.750663,243.95955685152876,174.5967807111946,69.36277614033415
2020-10-21,11910.0,13217.68,11886.95,12780.96,114584.456767,333.3470784429337,206.34684025754245,127.00023818539125
2020-10-22,12780.75,13185.0,12678.08,12968.52,70038.824144,414.5432611320066,247.9861244324353,166.5571366995713
2020-10-23,12968.84,13027.69,12720.08,12923.07,50386.999841,469.8087232259277,292.3506441911338,177.45807903479385
2020-10-24,12923.06,13166.73,12870.0,13111.73,35952.20907,522.803729445086,338.4412612419243,184.3624682031617
2020-10-25,13111.73,13350.0,12888.0,13028.83,38481.579504,551.753050791207,381.10361915178083,170.64943163942615
2020-10-26,13029.64,13238.81,12765.0,13052.19,60951.672986,570.0098347428248,418.88486226998964,151.1249724728351
2020-10-27,13052.15,13789.29,13019.87,13636.17,80811.01945,624.4030434258002,459.98849850115175,164.41454492464845
2020-10-28,13636.16,13859.48,12888.0,13266.4,94440.561226,630.40577907855,494.07195461663144,136.3338244619186
2020-10-29,13266.4,13642.91,12920.77,13455.7,74872.602132,643.0255203554498,523.8626677643952,119.16285259105462
2020-10-30,13455.69,13669.98,13115.0,13560.1,70657.778881,653.9130610099382,549.8727464135038,104.04031459643443
2020-10-31,13560.1,14100.0,13411.5,13791.0,67339.238515,673.4105579784427,574.5803087264916,98.83024925195116
2020-11-01,13791.0,13895.0,13603.0,13761.5,36285.648526,678.6589039454648,595.3960277702863,83.26287617517846
2020-11-02,13761.49,13830.0,13195.05,13549.37,64566.421908,658.1148000285102,607.9397822219312,50.175017806579035
2020-11-03,13549.63,14066.11,13284.99,14023.53,74115.630787,672.3438377000857,620.820593317562,51.52324438252367
2020-11-04,14023.53,14259.0,13525.0,14144.01,93016.988262,685.4408462724023,633.7446439085301,51.6962023638722
2020-11-05,14144.01,15750.0,14093.56,15590.02,143741.522673,803.2419687006004,667.6441088669442,135.59785983365623
2020-11-06,15590.02,15960.0,15166.0,15579.92,122618.197695,885.5768427545954,711.2306556444745,174.34618711012092
2020-11-07,15579.93,15753.52,14344.22,14818.3,101431.206553,879.2361675233424,744.8317580202481,134.40440950309426
2020-11-08,14818.3,15650.0,14703.88,15475.1,65547.178574,916.642918638192,779.1939901438369,137.44892849435507
2020-11-09,15475.1,15840.0,14805.54,15328.41,108976.334134,923.8023627465427,808.1156646643782,115.68669808216453
2020-11-10,15328.41,15460.0,15072.46,15297.21,61681.919606,916.3950626861697,829.7715442687365,86.62351841743316
2020-11-11,15297.21,15965.0,15272.68,15684.24,78469.746458,931.0225619244993,850.0217477998891,81.0008141246102
2020-11-12,15684.25,16340.7,15440.64,16291.86,102196.356592,980.3440207360181,876.086202387115,104.25781834890313
2020-11-13,16291.85,16480.0,15952.35,16320.7,75691.881014,1010.1148044688471,902.8919228034615,107.22288166538556
2020-11-14,16320.04,16326.99,15670.0,16070.45,59116.347179,1001.9652497926454,922.7065882012984,79.25866159134705
2020-11-15,16069.56,16180.0,15774.72,15957.0,43596.841513,975.111721202542,933.1876148015472,41.92410640099479
2020-11-16,15957.0,16880.0,15864.0,16713.57,81300.675924,1003.3134099572744,947.2127738326926,56.1006361245818
2020-11-17,16713.08,17858.82,16538.0,17659.38,115221.403102,1089.4242098653158,975.6550610392173,113.76914882609844
2020-11-18,17659.38,18476.93,17214.45,17776.12,149019.788134,1153.7874381708716,1011.2815364655482,142.50590170532337
2020-11-19,17777.75,18179.8,17335.65,17802.82,93009.561008,1193.1958086305422,1047.664390898547,145.53141773199513
2020-11-20,17802.81,18815.22,17740.04,18655.67,88423.018489,1278.5072577527262,1093.832964269383,184.67429348334326
2020-11-21,18655.66,18965.9,18308.58,18703.8,75577.458394,1334.6162591133816,1141.9896232381827,192.62663587519887
2020-11-22,18703.8,18750.0,17610.86,18414.43,81645.737778,1340.2833540926586,1181.648369409078,158.63498468358057
2020-11-23,18413.88,18766.0,18000.0,18368.0,82961.506093,1325.7456837306381,1210.46783227339,115.27785145724806
2020-11-24,18368.01,19418.97,18018.0,19160.01,113581.509241,1362.4278430341183,1240.8598344255356,121.56800860858266
2020-11-25,19160.0,19484.21,18500.27,18719.11,93266.576887,1340.4696733370292,1260.7818022078345,79.68787112919472
2020-11-26,18718.83,18915.03,16188.0,17149.47,181005.246693,1182.7765241631023,1245.1807465988882,-62.40422243578587
2020-11-27,17149.47,17457.62,16438.08,17139.52,85297.024787,1044.9550936232663,1205.135616003764,-160.18052238049768
2020-11-28,17139.53,17880.49,16865.56,17719.85,64910.69997,971.3611512501957,1158.3807230530504,-187.01957180285467
2020-11-29,17719.84,18360.05,17517.0,18184.99,55329.016303,939.7376220262777,1114.652102847696,-174.91448082141824
2020-11-30,18185.0,19863.16,18184.99,19695.87,115463.466888,1024.778131927469,1096.6773086636506,-71.89917673618152
2020-12-01,19695.87,19888.0,18001.12,18764.96,127698.762652,1005.4663019990294,1078.4351073307264,-72.96880533169701
2020-12-02,18764.96,19342.0,18330.0,19204.09,75911.013478,1013.9079588699169,1065.5296776385646,-51.621718768647725
2020-12-03,19204.08,19598.0,18867.2,19421.9,66689.391279,1026.3424426420388,1057.6922306392596,-31.3497879972208
2020-12-04,19422.34,19527.0,18565.31,18650.52,71283.6682,962.8537624903729,1038.7245370094822,-75.87077451910932
2020-12-05,18650.51,19177.0,18500.0,19147.66,42922.748573,941.7971183545633,1019.3390532784985,-77.54193492393517
2020-12-06,19147.66,19420.0,18857.0,19359.4,37043.091861,931.4579570703281,1001.7628340368644,-70.30487696653631
2020-12-07,19358.67,19420.91,18902.88,19166.9,41372.296293,897.3864437328775,980.8875559760671,-83.5011122431896
2020-12-08,19166.9,19294.84,18200.0,18324.11,61626.947614,793.2345008760931,943.3569449560724,-150.12244407997935
2020-12-09,18324.11,18639.57,17650.0,18541.28,79585.553801,719.9183689982601,898.66922976451,-178.75086076624984
2020-12-10,18541.29,18557.32,17911.12,18254.63,52890.675094,631.4060905298938,845.2166019175868,-213.81051138769294
2020-12-11,18254.81,18292.73,17572.33,18036.53,72610.724259,537.4650622081826,783.666293975706,-246.20123176752338
2020-12-12,18036.53,18948.66,18020.7,18808.69,49519.978432,519.3363925862359,730.800313697812,-211.46392111157616
2020-12-13,18808.69,19411.0,18711.12,19174.99,56560.821744,528.4351683230452,690.3272846228588,-161.89211629981355
2020-12-14,19174.99,19349.0,19000.0,19273.14,47257.201294,537.37141520148,659.736110738583,-122.36469553710299
2020-12-15,19273.69,19570.0,19050.0,19426.43,61834.366011,550.4771195626308,637.8843125033925,-87.40719294076166
2020-12-16,19426.43,21560.0,19278.6,21335.52,114306.33557,706.763957799285,651.660241562571,55.103716236714035
2020-12-17,21335.52,23800.0,21230.0,22797.16,184882.476748,937.7546833943925,708.8791299289353,228.8755534654572
2020-12-18,22797.15,23285.18,22350.0,23107.39,79646.134315,1132.791352354725,793.6615744140933,339.1297779406317
2020-12-19,23107.39,24171.47,22750.0,23821.61,86045.064677,1329.6633710290043,900.8619337370756,428.8014372919288
2020-12-20,23821.6,24295.0,23060.0,23455.52,76690.145685,1439.551210491427,1008.5997890879459,430.95142140348105
2020-12-21,23455.54,24102.77,21815.0,22719.71,88030.297243,1450.5434355917168,1096.9885183887,353.5549172030169
2020-12-22,22719.88,23837.1,22353.4,23810.79,87033.12616,1529.6628890396132,1183.5233925188827,346.1394965207305
2020-12-23,23810.79,24100.0,22600.0,23232.76,119047.259733,1528.108353831678,1252.440384781442,275.667969050236
2020-12-24,23232.39,23794.43,22703.42,23729.2,69013.834252,1549.0781242091434,1311.7679326669822,237.3101915421612
2020-12-25,23728.99,24789.86,23433.6,24712.47,79519.943569,1626.2916124056283,1374.6726686147117,251.61894379091655
2020-12-26,24712.47,26867.03,24500.0,26493.39,97806.513386,1810.320965124749,1461.8023279167194,348.51863720802953
2020-12-27,26493.4,28422.0,25700.0,26281.66,148455.586214,1916.9829256297598,1552.8384474593277,364.1444781704322
2020-12-28,26281.54,27500.0,26101.0,27079.41,79721.742496,2042.3422060752273,1650.7391991825077,391.6030068927196
2020-12-29,27079.42,27410.0,25880.0,27385.0,69411.592606,2141.6611613407586,1748.923591614158,392.73756972660044
2020-12-30,27385.0,28996.0,27320.0,28875.54,95356.057826,2313.972238413862,1861.933320974099,452.0389174397633
2020-12-31,28875.55,29300.0,27850.0,28923.63,75508.505152,2426.4399798424893,1974.834652747777,451.60532709471227
2021-01-01,28923.63,29600.0,28624.57,29331.69,54182.925011,2519.45578888381,2083.7588799749838,435.6969089088261
2021-01-02,29331.7,33300.0,28946.53,32178.33,129993.873362,2790.702069028619,2225.147517785711,565.554551242908
2021-01-03,32176.45,34778.11,31962.99,33000.05,120957.56675,3036.964401688754,2387.5108945663196,649.4535071224345
2021-01-04,33000.05,33600.0,28130.0,31988.71,140899.88569,3114.618999622602,2532.9325155775764,581.6864840450257
2021-01-05,31989.75,34360.0,29900.0,33949.53,116049.997038,3296.383952424083,2685.622802946878,610.761149477205
2021-01-06,33949.53,36939.21,33288.0,36769.36,127139.20131,3626.170465844909,2873.7323355264843,752.4381303184246
2021-01-07,36769.36,40365.0,36300.0,39432.28,132825.700437,4055.652999541053,3110.1164683293982,945.5365312116546
2021-01-08,39432.48,41950.0,36500.0,40582.81,139789.957499,4437.704067256942,3375.633988114907,1062.070079142035
2021-01-09,40586.96,41380.0,38720.0,40088.22,75785.979675,4647.005227806345,3629.9082360531947,1017.0969917531502
2021-01-10,40088.22,41350.0,35111.11,38150.02,118209.544503,4603.416049002528,3824.609798643062,778.806250359466
2021-01-11,38150.02,38264.74,30420.0,35404.47,251156.138287,4297.786167614897,3919.245072437429,378.5410951774679
2021-01-12,35410.37,36628.0,32531.0,34051.24,133948.151996,3901.4049651873793,3915.6770509874195,-14.272085800040259
2021-01-13,34049.15,37850.0,32380.0,37371.38,124477.914938,3811.243909551151,3894.790422700166,-83.54651314901503
2021-01-14,37371.38,40100.0,36701.23,39144.5,102950.389421,3838.617396906793,3883.5558175414917,-44.93842063469856
2021-01-15,39145.21,39747.76,34408.0,36742.22,118300.920916,3624.6840619642753,3831.7814664260486,-207.0974044617733
2021-01-16,36737.43,37950.0,35357.8,35994.98,86348.431508,3356.1566449926286,3736.656502139365,-380.4998571467363
2021-01-17,35994.98,36852.5,33850.0,35828.61,80157.727384,3094.253436311221,3608.175888973736,-513.9224526625153
2021-01-18,35824.99,37469.83,34800.0,36631.27,70698.11875,2917.8263248222356,3470.1059761434362,-552.2796513212006
2021-01-19,36622.46,37850.0,35844.06,35891.49,79611.307769,2687.334584198994,3313.5516977545476,-626.2171135555536
2021-01-20,35901.94,36415.31,33400.0,35468.23,89368.422918,2442.360661098741,3139.3134904233866,-696.9528293246458
2021-01-21,35468.23,35600.0,30071.0,30850.13,135004.076658,1854.200913244138,2882.290974987537,-1028.090061743399
2021-01-22,30851.99,33826.53,28850.0,32945.17,142971.684049,1539.3871972527122,2613.7102194405725,-1074.3230221878603
2021-01-23,32950.0,33456.0,31390.16,32078.0,64595.287675,1206.019446008686,2332.172064754195,-1126.1526187455092
2021-01-24,32078.0,33071.0,30900.0,32259.9,57978.037966,945.6006158772216,2054.8577749788005,-1109.257159101579
2021-01-25,32259.45,34875.0,31910.0,32254.2,88499.226921,730.3379926588168,1789.953818514804,-1059.6158258559872
2021-01-26,32254.19,32921.88,30837.37,32467.77,84972.20691,570.3989232693639,1546.042839465716,-975.6439161963522
2021-01-27,32464.01,32557.29,29241.72,30366.15,95911.961711,270.9396646506284,1291.0222045026987,-1020.0825398520703
2021-01-28,30362.19,33783.98,29842.1,33364.86,92621.145617,272.4462892125812,1087.3070214446752,-814.860732232094
2021-01-29,33368.18,38531.9,31915.4,34252.2,231827.005626,341.30684931995347,938.1069870197309,-596.8001376997775
2021-01-30,34246.28,34933.0,32825.0,34262.88,84889.68134,392.2198596682283,828.9295615494304,-436.70970188120214
2021-01-31,34262.89,34342.69,32171.67,33092.98,68742.280384,334.31387222408375,730.0064236843612,-395.6925514602774
2021-02-01,33092.97,34717.27,32296.16,33526.37,82718.276882,319.70851029805635,647.9468410071003,-328.2383307090439
2021-02-02,33517.09,35984.33,33418.0,35466.24,78056.65988,459.3696254808092,610.2313979018421,-150.86177242103292
2021-02-03,35472.71,37662.63,35362.38,37618.87,80784.333663,735.2755177125364,635.240221863981,100.03529584855539
2021-02-04,37620.26,38708.27,36161.95,36936.66,92080.735898,888.6405840740044,685.9202943059856,202.7202897680188
2021-02-05,36936.65,38310.12,36570.0,38290.24,66681.334275,1106.6493331141974,770.0661020676281,336.58323104656927
2021-02-06,38289.32,40955.51,38215.94,39186.94,98757.311183,1336.3741440931044,883.3277104727234,453.046433620381
2021-02-07,39181.01,39700.0,37351.0,38795.69,84363.679763,1469.9178091723807,1000.6457302126548,469.27207895972583
2021-02-08,38795.69,46794.45,37988.89,46374.87,138597.536914,2162.4017882610133,1232.9969418223266,929.4048464386867
2021-02-09,46374.86,48142.19,44961.09,46420.42,115499.861712,2683.937079133757,1523.1849692846126,1160.7521098491443
2021-02-10,46420.42,47310.0,43727.0,44807.58,97154.1822,2933.301571080956,1805.2082896438812,1128.0932814370747
2021-02-11,44807.58,48678.9,43994.02,47969.51,89561.081454,3347.4784058420846,2113.6623128835217,1233.8160929585629
2021-02-12,47968.66,48985.8,46125.0,47287.6,85870.035697,3579.4306449758224,2406.815979301982,1172.6146656738401
2021-02-13,47298.15,48150.0,46202.53,47153.69,63768.097399,3709.6860956364326,2667.390002568872,1042.2960930675604
2021-02-14,47156.78,49707.43,47014.17,48577.79,73735.475533,3883.065880676666,2910.525178190431,972.5407024862352
2021-02-15,48580.47,49010.92,45570.79,47911.1,79398.156784,3921.470032709025,3112.71414909415,808.7558836148751
2021-02-16,47911.1,50689.18,47003.62,49133.45,88813.266298,4004.379040338834,3291.0471273430867,713.3319129957472
2021-02-17,49133.45,52618.74,48947.0,52119.71,85743.637818,4261.922461811322,3485.222194236734,776.700267574588
2021-02-18,52117.67,52530.0,50901.9,51552.6,60758.046954,4369.893034625253,3662.1563623144384,707.7366723108144
2021-02-19,51552.61,56368.0,50710.2,55906.0,79659.77802,4751.965785010812,3880.1182468537136,871.8475381570988
2021-02-20,55906.0,57700.46,53863.93,55841.19,80948.205314,4991.987047734408,4102.492007029853,889.4950407045553
2021-02-21,55841.19,58352.8,55477.59,57408.57,58166.708511,5248.182315706072,4331.630068765096,916.5522469409752
2021-02-22,57412.35,57508.47,47622.0,54087.67,134019.434944,5124.181658809721,4490.140386774021,634.0412720356999
2021-02-23,54087.67,54183.59,44892.56,48891.0,169375.025051,4554.085740628136,4502.929457544844,51.15628308329178
2021-02-24,48891.0,51374.99,46988.69,49676.2,91881.209252,4118.168018512901,4425.977169738456,-307.80915122555507
2021-02-25,49676.21,52041.73,46674.34,47073.73,83310.673121,3522.1019055335855,4245.202116897482,-723.100211363896
2021-02-26,47073.73,48424.11,44106.78,46276.87,109423.200663,2951.393447723196,3986.4403830626247,-1035.0469353394287
2021-02-27,46276.88,48394.0,45000.0,46106.43,66060.834292,2457.0267249632234,3680.5576514427444,-1223.530926479521
2021-02-28,46103.67,46638.46,43000.0,45135.66,83055.369042,1964.2617230861724,3337.29846577143,-1373.0367426852577
2021-03-01,45134.11,49790.0,44950.53,49587.03,85086.111648,1910.9025709251,3052.019286802164,-1141.116715877064
2021-03-02,49595.76,50200.0,47047.6,48440.65,64221.06214,1755.8711830960601,2792.7896660609435,-1036.9184829648834
2021-03-03,48436.61,52640.0,48100.71,50349.37,81035.913705,1766.6604811434372,2587.5638290774423,-820.9033479340051
2021-03-04,50349.37,51773.88,47500.0,48374.09,82649.716829,1597.4085581760737,2389.5327748971686,-792.1242167210949
2021-03-05,48374.09,49448.93,46300.0,48751.71,78192.496372,1476.7232218549034,2206.970864288716,-730.2476424338124
2021-03-06,48746.81,49200.0,47070.0,48882.2,44399.234242,1375.7498874510857,2040.72666892119,-664.9767814701042
2021-03-07,48882.2,51450.03,48882.2,50971.75,55235.028032,1447.6494130611973,1922.1112177491914,-474.4618046879941
2021-03-08,50959.11,52402.78,49274.67,52375.17,66987.359664,1599.4372532051639,1857.576424840386,-258.13917163522206
2021-03-09,52375.18,54895.0,51789.41,54884.5,71656.737076,1900.3066179537927,1866.1224634630673,34.184154490725405
2021-03-10,54874.67,57387.69,53005.0,55851.59,84749.238943,2191.521343976754,1931.2022395658046,260.3191044109494
2021-03-11,55851.59,58150.0,54272.82,57773.16,81914.812859,2547.9940627243486,2054.5606041975134,493.43345852683524
2021-03-12,57773.15,58081.51,54962.84,57221.72,73405.406047,2754.2553202875715,2194.499547415525,559.7557728720467
2021-03-13,57221.72,61844.0,56078.23,61188.39,83245.091346,3200.8980113096113,2395.7792401943425,805.1187711152688
2021-03-14,61188.38,61724.79,58966.78,58968.31,52601.05275,3337.2538745170823,2584.0741670588905,753.1797074581918
2021-03-15,58976.08,60633.43,54600.0,55605.2,102771.427298,3137.771728887412,2694.8136794245947,442.95804946281714
2021-03-16,55605.2,56938.29,53271.34,56900.75,77986.694355,3049.072934119009,2765.665530363478,283.40740375553105
2021-03-17,56900.74,58974.73,54123.69,58912.97,70421.620841,3105.3512808489686,2833.6026804605763,271.74860038839233
2021-03-18,58912.97,60129.97,57023.0,57648.16,66580.406675,3013.1588598442468,2869.5139163373105,143.64494350693622
2021-03-19,57641.0,59468.0,56270.74,58030.01,52392.652961,2937.05130652323,2883.021394374495,54.02991214873509
2021-03-20,58030.01,59880.0,57820.17,58102.28,44476.941776,2849.7173396019425,2876.360583419985,-26.643243818042265
2021-03-21,58100.02,58589.1,55450.11,57351.56,48564.470274,2688.9313844402204,2838.874743624032,-149.94335918381148
2021-03-22,57351.56,58430.73,53650.0,54083.25,62581.626169,2271.5965035079353,2725.419095600813,-453.8225920928776
2021-03-23,54083.25,55830.9,53000.0,54340.89,59789.365427,1939.2900696891083,2568.1932904184723,-628.903220729364
2021-03-24,54342.8,57200.0,51700.0,52303.65,83537.465021,1494.3209825696322,2353.4188288487044,-859.0978462790722
2021-03-25,52303.66,53287.0,50427.56,51293.78,87400.534538,1048.1097492701083,2092.357012932985,-1044.2472636628768
2021-03-26,51293.78,55073.46,51214.6,55025.59,63813.774692,984.264028032354,1870.738415952859,-886.474387920505
2021-03-27,55025.59,56700.36,53950.0,55817.14,50105.475055,986.1693572274817,1693.8246042077835,-707.6552469803019
2021-03-28,55817.14,56559.75,54691.84,55777.63,39050.387511,973.2719444062532,1549.7140722474776,-576.4421278412244
2021-03-29,55777.65,58405.82,54800.01,57635.47,67857.937398,1100.2794763052225,1459.8271530590266,-359.5476767538041
2021-03-30,57635.46,59368.0,57071.35,58746.57,55122.443122,1275.8827622510726,1423.038274897436,-147.15551264636338
2021-03-31,58746.57,59800.0,56769.0,58740.55,60975.542666,1398.44348186961,1418.119316291871,-19.675834422261005
2021-04-01,58739.46,59490.0,57935.45,58720.44,47415.61722,1476.925943315815,1429.88064169666,47.045301619155
2021-04-02,58720.45,60200.0,58428.57,58950.01,47382.418781,1539.8972627586772,1451.8839659090634,88.01329684961388
2021-04-03,58950.01,59791.72,56880.0,57051.94,47409.852113,1420.2720883876027,1445.5615904047713,-25.289502017168616
2021-04-04,57051.95,58492.85,56388.0,58202.01,41314.081973,1402.1067000525727,1436.8706123343316,-34.76391228175885
2021-04-05,58202.01,59272.0,56777.77,59129.99,54258.01579,1445.9230288493054,1438.6810956373263,7.241933211979131
2021-04-06,59129.99,59495.24,57413.02,57991.15,54201.000727,1372.926670740213,1425.5302106579038,-52.603539917690796
2021-04-07,57990.03,58655.0,55473.0,55953.45,71228.405659,1137.538336942598,1367.9318359148426,-230.39349897224452
2021-04-08,55953.44,58153.31,55700.0,58077.52,44283.147019,1109.5953593297381,1316.264540597822,-206.66918126808378
2021-04-09,58077.52,58894.9,57654.0,58142.54,40831.884911,1080.2445323187494,1269.0605389420075,-188.8160066232581
2021-04-10,58142.55,61500.0,57900.01,59769.13,69906.424117,1174.6948583663398,1250.187402826874,-75.49254446053419
2021-04-11,59769.13,60699.0,59232.52,60002.43,41156.715391,1253.9183917840637,1250.933600618312,2.9847911657516306
2021-04-12,59998.8,61300.0,59350.59,59860.0,56375.037117,1290.3365060938668,1258.814181713423,31.522324380443706
2021-04-13,59860.01,63777.77,59805.15,63575.0,82848.688746,1600.5178035605786,1327.1549060828543,273.36289747772435
2021-04-14,63575.01,64854.0,61301.0,62959.53,82616.343993,1776.2004975466334,1416.96402437561,359.23647317102336
2021-04-15,62959.53,63800.0,62020.0,63159.98,51649.70034,1909.5923461391576,1515.4896887283196,394.102657410838
2021-04-16,63158.74,63520.61,60000.0,61334.8,91764.139884,1846.7414885277321,1581.7400486882023,265.0014398395299
2021-04-17,61334.81,62506.05,59580.91,60006.66,58912.256128,1670.5053865412556,1599.4931162588132,71.01227028244239
2021-04-18,60006.67,60499.0,50931.3,56150.01,124882.131824,1205.7385785855658,1520.742208724164,-315.00363013859806
2021-04-19,56150.01,57526.81,54221.58,55633.14,78229.042267,786.6326341349777,1373.9202938063268,-587.287659671349
2021-04-20,55633.14,57076.24,53329.96,56425.0,72744.482151,512.4771205724392,1201.6316591595494,-689.1545385871102
2021-04-21,56425.0,56757.91,53536.02,53787.63,66984.756909,81.45422965510079,977.5961732586597,-896.141943603559
2021-04-22,53787.62,55521.48,50500.0,51690.96,104656.631337,-424.425747327492,697.1917891414294,-1121.6175364689213
2021-04-23,51690.95,52131.85,47500.0,51125.14,132230.780719,-861.0703361619744,385.53936408074867,-1246.6097002427232
2021-04-24,51110.56,51166.22,48657.14,50047.84,55361.512573,-1279.2964916743222,52.57219292973451,-1331.8686846040566
2021-04-25,50047.84,50567.91,46930.0,49066.77,58255.645004,-1670.6496734384127,-292.07218034389496,-1378.5774930945176
2021-04-26,49066.76,54356.62,48753.44,54001.39,86310.802124,-1564.581771134639,-546.5740985020439,-1018.0076726325951
2021-04-27,54001.38,55460.0,53222.0,55011.97,54064.034675,-1383.0340782056373,-713.8660944427626,-669.1679837628748
2021-04-28,55011.97,56428.0,53813.16,54846.22,55130.459015,-1238.2570073557945,-818.744277025369,-419.5127303304255
2021-04-29,54846.23,55195.84,52330.94,53555.0,52486.019455,-1213.7197922186679,-897.7393800640289,-315.980412154639
2021-04-30,53555.0,57963.0,53013.01,57694.27,68578.910045,-850.4657371429275,-888.2846514798086,37.81891433688111
2021-05-01,57697.25,58458.07,56956.14,57800.37,42600.351836,-547.7092468454939,-820.1695705529457,272.46032370745183
2021-05-02,57797.35,57911.02,56035.25,56578.21,36812.878863,-401.75941260282707,-736.4875389629221,334.7281263600951
2021-05-03,56578.21,58981.44,56435.0,57169.39,57649.931286,-235.673138907252,-636.3246589517881,400.65152004453614
2021-05-04,57169.39,57200.0,53046.69,53200.01,85324.625903,-419.5085297280166,-592.9614331070338,173.45290337901724
2021-05-05,53205.05,58069.82,52900.0,57436.11,77263.923439,-220.83587547388743,-518.5363215804045,297.7004461065171
2021-05-06,57436.11,58360.0,55200.0,56393.68,70181.671908,-145.8208229901793,-443.9932218623595,298.1723988721802
2021-05-07,56393.68,58650.0,55241.63,57314.75,74542.747829,-11.910900696784665,-357.5767576292446,345.6658569324599
2021-05-08,57315.49,59500.0,56900.0,58862.05,69709.906028,216.57135637863394,-242.74713482766887,459.31849120630284
2021-05-09,58866.53,59300.0,56235.66,58240.84,69806.11991,343.55840843055194,-125.48602617602471,469.04443460657666
2021-05-10,58240.83,59500.0,53400.0,55816.14,89586.34925,245.71113116717606,-51.24659470738455,296.9577258745606
2021-05-11,55816.14,56862.43,54370.0,56670.02,64329.54055,234.36581557715544,5.875887349523445,228.489928227632
2021-05-12,56670.02,58000.01,48600.0,49631.32,99842.789836,-338.6855378403998,-63.03639768846121,-275.6491401519386
2021-05-13,49537.15,51367.19,46000.0,49670.97,147332.002121,-780.6347687192247,-206.55607189461392,-574.0786968246107
2021-05-14,49671.92,51483.0,48799.75,49841.45,80082.204306,-1104.3956217585437,-386.1239818673999,-718.2716398911439
2021-05-15,49844.16,50700.0,46555.0,46762.99,89437.449359,-1591.0438613562,-627.10795776516,-963.9359035910401
2021-05-16,46762.99,49795.89,43825.39,46431.5,114269.812775,-1980.6330649001611,-897.8129791921602,-1082.820085708001
2021-05-17,46426.83,46686.0,42001.0,43538.04,166657.172736,-2494.112776338872,-1217.0729386215028,-1277.0398377173694
2021-05-18,43538.02,45799.29,42250.02,42849.78,116979.860784,-2922.8926895590776,-1558.2368888090177,-1364.6558007500598
2021-05-19,42849.78,43584.9,30000.0,36690.09,354347.243161,-3716.893331659703,-1989.968177379155,-1726.9251542805482
2021-05-20,36671.23,42451.67,34850.0,40526.64,203017.596923,-3990.566275394842,-2390.0877969822923,-1600.4784784125495
2021-05-21,40525.39,42200.0,33488.0,37252.01,202100.888258,-4420.729906236957,-2796.216218833225,-1624.5136874037316
2021-05-22,37263.35,38829.0,35200.62,37449.73,126542.243689,-4691.601469931076,-3175.2932690527955,-1516.3082008782808
2021-05-23,37458.51,38270.64,31111.01,34655.25,217136.046593,-5073.278718182235,-3554.8903588786834,-1518.3883593035516
2021-05-24,34681.44,39920.0,34031.0,38796.29,161630.893971,-4984.159083983766,-3840.7441038997,-1143.4149800840664
2021-05-25,38810.99,39791.77,36419.62,38324.72,111996.228404,-4895.154594694563,-4051.626202058673,-843.5283926358898
2021-05-26,38324.72,40841.0,37800.44,39241.91,104780.773396,-4696.470341323315,-4180.595029911601,-515.8753114117135
2021-05-27,39241.92,40411.14,37134.27,38529.98,86547.158794,-4544.077147470358,-4253.291453423352,-290.78569404700556
2021-05-28,38529.99,38877.83,34684.0,35663.49,135377.62972,-4601.562284508975,-4322.945619640477,-278.61666486849754
2021-05-29,35661.79,37338.58,33632.76,34605.15,112663.092689,-4678.587023960783,-4394.073900504538,-284.513123456245
2021-05-30,34605.15,36488.0,33379.0,35641.27,73535.386967,-4602.963363714072,-4435.851793146445,-167.1115705676275
2021-05-31,35641.26,37499.0,34153.84,37253.81,94160.735289,-4362.6229647889995,-4421.2060274749565,58.583062685956975
2021-06-01,37253.82,37894.81,35666.0,36693.09,81234.66377,-4169.335381986857,-4370.831898377337,201.49651639047988
2021-06-02,36694.85,38225.0,35920.0,37568.68,67587.372495,-3900.5378127602526,-4276.77308125392,376.2352684936677
2021-06-03,37568.68,39476.0,37170.0,39246.79,75889.106011,-3511.6245284629404,-4123.7433706957245,612.1188422327841
2021-06-04,39246.78,39289.07,35555.15,36829.0,91317.799245,-3359.7740119512237,-3970.9494989468244,611.1754869956007
2021-06-05,36829.15,37925.0,34800.0,35513.2,70459.62149,-3307.478889191887,-3838.255376995837,530.7764878039502
2021-06-06,35516.07,36480.0,35222.0,35796.31,47650.206637,-3206.2305862984867,-3711.850418856367,505.6198325578803
2021-06-07,35796.31,36900.0,33300.0,33552.79,77574.952573,-3269.3370089740492,-3623.347736879904,354.01072790585476
2021-06-08,33556.96,34068.01,31000.0,33380.81,123251.189037,-3295.2411633896627,-3557.726422181856,262.48525879219324
2021-06-09,33380.8,37534.79,32396.82,37388.05,136607.597517,-2958.317966269249,-3437.844730999335,479.5267647300857
2021-06-10,37388.05,38491.0,35782.0,36675.72,109527.284943,-2717.457820761585,-3293.767348951785,576.3095281902001
2021-06-11,36677.83,37680.4,35936.77,37331.98,78466.0053,-2445.4303241870657,-3124.0999439988414,678.6696198117756
2021-06-12,37331.98,37463.63,34600.36,35546.11,87717.54999,-2346.8977804413735,-2968.6595112873483,621.7617308459749
2021-06-13,35546.12,39380.0,34757.0,39020.57,86921.025555,-1965.7897443962647,-2768.0855579091317,802.295813512867
2021-06-14,39020.56,41064.05,38730.0,40516.29,108522.391949,-1525.481969780907,-2519.5648402834872,994.0828705025801
2021-06-15,40516.28,41330.0,39506.4,40144.04,80679.622838,-1192.8222378767823,-2254.2163198021462,1061.394081925364
2021-06-16,40143.8,40527.14,38116.01,38349.01,87771.976937,-1061.7912543293787,-2015.731306707593,953.9400523782142
2021-06-17,38349.0,39559.88,37365.0,38092.97,79541.307119,-967.4563099052975,-1806.076307347134,838.6199974418364
2021-06-18,38092.97,38202.84,35129.29,35819.84,95228.042935,-1063.8543299729718,-1657.6319118723018,593.77758189933
2021-06-19,35820.48,36457.0,34803.52,35483.72,68712.449461,-1154.0691396559268,-1556.9193574290268,402.8502177731
2021-06-20,35483.72,36137.72,33336.0,35600.16,89878.17085,-1202.309812317435,-1485.9974484067086,283.6876360892736
2021-06-21,35600.17,35750.0,31251.23,31608.93,168778.873159,-1544.7923927523225,-1497.7564372758316,-47.035955476490926
2021-06-22,31614.12,33298.78,28805.0,32509.56,204208.179762,-1723.66960086795,-1542.9390699942555,-180.73053087369453
2021-06-23,32509.56,34881.0,31683.0,33678.07,126966.100563,-1750.9581302933802,-1584.5428820540806,-166.41524823929967
2021-06-24,33675.07,35298.0,32286.57,34663.09,86625.80426,-1673.8069994410107,-1602.3957055314668,-71.41129390954393
2021-06-25,34663.08,35500.0,31275.0,31584.45,116061.130356,-1839.8757487795738,-1649.8917141810882,-189.98403459848555
2021-06-26,31576.09,32730.0,30151.0,32283.65,107820.375287,-1893.242709101476,-1698.561913165166,-194.68079593631
2021-06-27,32283.65,34749.0,31973.45,34700.34,96613.244211,-1720.6946271986744,-1702.988455971868,-17.70617122680642
2021-06-28,34702.49,35297.71,33862.72,34494.89,82222.267819,-1582.2875017511906,-1678.8482651277327,96.56076337654213
2021-06-29,34494.89,36600.0,34225.43,35911.73,90788.79622,-1342.7928307966067,-1611.6371782615076,268.8443474649009
2021-06-30,35911.72,36100.0,34017.55,35045.0,77152.197634,-1208.9929281307996,-1531.1083282353661,322.11540010456656
2021-07-01,35045.0,35057.57,32711.0,33504.69,71708.266112,-1213.2599795677743,-1467.5386585018477,254.27867893407347
2021-07-02,33502.33,33977.04,32699.0,33786.55,56172.181378,-1180.292228077451,-1410.0893724169684,229.79714433951744
2021-07-03,33786.54,34945.61,33316.73,34669.13,43044.578641,-1070.6069273021058,-1342.192883393996,271.58595609189024
2021-07-04,34669.12,35967.85,34357.15,35286.51,43703.475789,-923.2208149874932,-1258.3984697126955,335.1776547252023
2021-07-05,35288.13,35293.78,33125.55,33690.14,64123.874245,-924.5720852254817,-1191.6331928152526,267.0611075897709
2021-07-06,33690.15,35118.88,33532.0,34220.01,58210.596349,-872.8255068053695,-1127.871655613276,255.04614880790655
2021-07-07,34220.02,35059.09,33777.77,33862.12,53807.521675,-850.8862159428245,-1072.4745676791858,221.58835173636135
2021-07-08,33862.11,33929.64,32077.0,32875.71,70136.48032,-902.6885810397798,-1038.5173703513046,135.82878931152482
2021-07-09,32875.71,34100.0,32261.07,33815.81,47153.939899,-857.9936980697021,-1002.4126358949842,144.41893782528211
2021-07-10,33815.81,34262.0,33004.78,33502.87,34761.175468,-838.162508300331,-969.5626103760536,131.40010207572266
2021-07-11,33502.87,34666.0,33306.47,34258.99,31572.647448,-752.7562769049473,-926.2013436818324,173.44506677688514
2021-07-12,34259.0,34678.43,32658.34,33086.63,48181.403762,-770.7857391803045,-895.1182227815268,124.3324836012223
2021-07-13,33086.94,33340.0,32202.25,32729.77,41126.361008,-804.594967582023,-877.0135717416262,72.4186041596032
2021-07-14,32729.12,33114.03,31550.0,32820.02,46777.823484,-814.715075673601,-864.5538725280212,49.83879685442025
2021-07-15,32820.03,33185.25,31133.0,31880.0,51639.576353,-888.3467834299736,-869.3124547084117,-19.034328721561906
2021-07-16,31874.49,32249.18,31020.0,31383.87,48499.864154,-975.4891552228073,-890.5477948112909,-84.94136041151637
2021-07-17,31383.86,31955.92,31164.31,31520.07,34012.242132,-1021.7814504425696,-916.7945259375467,-104.9869245050229
2021-07-18,31520.07,32435.0,31108.97,31778.56,35923.716186,-1025.7858247550066,-938.5927857010388,-87.19303905396782
2021-07-19,31778.57,31899.0,30407.44,30839.65,47340.468499,-1092.1320915268007,-969.3006468661912,-122.83144466060946
2021-07-20,30839.65,31063.07,29278.0,29790.35,61034.049017,-1215.3716784103817,-1018.5148531750293,-196.8568252353524
2021-07-21,29790.34,32858.0,29482.61,32144.51,82796.265128,-1110.2802814854367,-1036.8679388371108,-73.41234264832588
2021-07-22,32144.51,32591.35,31708.0,32287.83,46148.092433,-1003.8580157295946,-1030.2659542156077,26.40793848601311
2021-07-23,32287.58,33650.0,31924.32,33634.09,50112.863626,-801.6448101860697,-984.5417254097002,182.89691522363057
2021-07-24,33634.1,34500.0,33401.14,34258.14,47977.550138,-584.2983407695137,-904.493048481663,320.19470771214924
2021-07-25,34261.51,35398.0,33851.12,35381.02,47852.928313,-317.7795018731267,-787.1503391599558,469.3708372868291
2021-07-26,35381.02,40550.0,35205.78,37237.6,152452.512724,42.75622093029233,-621.1690271419062,663.9252480721985
2021-07-27,37241.33,39542.61,36383.0,39457.87,88397.267015,501.8555339992963,-396.5641149136657,898.419648912962
2021-07-28,39456.61,40900.0,38772.0,40019.56,101344.528441,900.6367561017978,-137.12394071057304,1037.760696812371
2021-07-29,40019.57,40640.0,39200.0,40016.48,53998.439283,1202.562821782085,130.81341178795856,1071.7494099941264
2021-07-30,40018.49,42316.71,38313.23,42206.37,73602.784805,1600.1022427933422,424.6711779890353,1175.431064804307
2021-07-31,42206.36,42448.0,41000.15,41461.83,44849.791012,1833.9364644654852,706.5242352843253,1127.41222918116
2021-08-01,41461.84,42599.0,39422.01,39845.44,53953.186326,1867.2975616221156,938.6789005518834,928.6186610702322
2021-08-02,39850.27,40480.01,38690.0,39147.82,50837.351954,1816.5048307719262,1114.244086595892,702.2607441760342
2021-08-03,39146.86,39780.0,37642.03,38207.05,57117.435853,1680.9618669346382,1227.5876426636414,453.3742242709968
2021-08-04,38207.04,39969.66,37508.56,39723.18,52329.35243,1676.5558198605795,1317.3812781030292,359.1745417575503
2021-08-05,39723.17,41350.0,37332.7,40862.46,84343.755621,1744.8804744907538,1402.8811173805743,341.9993571101795
2021-08-06,40862.46,43392.43,39853.86,42836.87,75753.941347,1936.0293010586538,1509.5107541161904,426.51854694246344
2021-08-07,42836.87,44700.0,42446.41,44572.54,73396.740808,2202.1847714345495,1648.0455575798621,554.1392138546873
2021-08-08,44572.54,45310.0,43261.0,43794.37,69329.092698,2323.538775046043,1783.1442010730984,540.3945739729447
2021-08-09,43794.36,46454.15,42779.0,46253.4,74587.884845,2588.29956106592,1944.1752730716628,644.1242879942572
2021-08-10,46248.87,46700.0,44589.46,45584.99,53814.643421,2712.9164781918516,2097.9235140957007,614.9929640961509
2021-08-11,45585.0,46743.47,45341.14,45511.0,52734.901977,2773.7320516871987,2233.085221614,540.6468300731985
2021-08-12,45510.67,46218.12,43770.0,44399.0,55266.108781,2701.0635460019257,2326.680886491585,374.38265951034055
2021-08-13,44400.06,47886.0,44217.39,47800.0,48239.370431,2884.653023929408,2438.27531397915,446.3777099502581
2021-08-14,47799.99,48144.0,45971.03,47068.51,46114.359022,2937.2649166198244,2538.0732345072847,399.19168211253964
2021-08-15,47068.5,47372.27,45500.0,46973.82,42110.711334,2937.4583377690724,2617.9502551596424,319.50808260942995
2021-08-16,46973.82,48053.83,45660.0,45901.29,52480.574014,2818.5766211450464,2658.075528356723,160.50109278832315
2021-08-17,45901.3,47160.0,44376.0,44695.95,57039.341629,2597.162665144504,2645.892955714279,-48.73029056977521
2021-08-18,44695.95,46000.0,44203.28,44705.29,54099.415985,2394.837968390304,2595.6819582494845,-200.8439898591805
2021-08-19,44699.37,47033.0,43927.7,46760.62,53411.75392,2372.9878160228836,2551.1431298041643,-178.1553137812807
2021-08-20,46760.62,49382.99,46622.99,49322.47,56850.352228,2533.190257147864,2547.5525552729046,-14.362298125040525
2021-08-21,49322.47,49757.04,48222.0,48821.87,46745.136584,2589.902822050368,2556.0226086283974,33.88021342197044
2021-08-22,48821.88,49500.0,48050.0,49239.22,37007.887795,2638.1140586885012,2572.4408986404183,65.67316004808299
2021-08-23,49239.22,50500.0,49029.0,49488.85,52462.541954,2665.7359214826065,2591.0999032088557,74.63601827375078
2021-08-24,49488.85,49860.0,47600.0,47674.01,51014.594748,2512.224663882749,2575.324855343634,-63.10019146088507
2021-08-25,47674.01,49264.3,47126.28,48973.32,44655.830342,2466.971631132059,2553.6542105013195,-86.68257936926057
2021-08-26,48973.32,49352.84,46250.0,46843.87,49371.277774,2233.5326837503817,2489.6299051511323,-256.09722140075064
2021-08-27,46843.86,49149.93,46348.0,49069.9,42068.104965,2202.760600374422,2432.2560441957903,-229.4954438213681
2021-08-28,49069.9,49299.0,48346.88,48895.35,26681.063786,2139.624516813492,2373.7297387193307,-234.1052219058388
2021-08-29,48895.35,49632.27,47762.54,48767.83,32652.283473,2055.6032032906805,2310.104431633601,-254.5012283429205
2021-08-30,48767.84,48888.61,46853.0,46982.91,40288.35083,1823.9620806925668,2212.8759614453943,-388.9138807528275
2021-08-31,46982.91,48246.11,46700.0,47100.89,48645.52737,1631.1024879938414,2096.5212667550836,-465.41877876124227
2021-09-01,47100.89,49156.0,46512.0,48810.52,49904.65528,1597.794345702896,1996.7758825446463,-398.9815368417503
2021-09-02,48810.51,50450.13,48584.06,49246.64,54410.770538,1588.2799396834453,1915.0766939724062,-326.796754288961
2021-09-03,49246.63,51000.0,48316.84,49999.14,59025.644157,1622.7540667088615,1856.6121685196974,-233.85810181083593
2021-09-04,49998.0,50535.69,49370.0,49915.64,34664.65959,1624.6098178916363,1810.2116983940853,-185.60188050244892
2021-09-05,49917.54,51900.0,49450.0,51756.88,40544.835873,1754.429226164284,1799.0552039481252,-44.62597778384111
2021-09-06,51756.88,52780.0,50969.33,52663.9,49249.667081,1908.5009651110595,1820.944356180712,87.55660893034747
2021-09-07,52666.2,52920.0,42843.05,46863.73,123048.802719,1544.7715188145376,1765.7097887074772,-220.93826989293962
2021-09-08,46868.57,47340.99,44412.02,46048.31,65069.3152,1177.146322783752,1647.9970955227323,-470.85077273898014
2021-09-09,46048.31,47399.97,45513.08,46395.14,50651.66002,903.3734618162343,1499.072368781433,-595.6989069651986
2021-09-10,46395.14,47033.0,44132.29,44850.91,49048.26618,555.3977620631413,1310.3374474377747,-754.9396853746334
2021-09-11,44842.2,45987.93,44722.22,45173.69,30440.4081,302.1867407516038,1108.7073061005406,-806.5205653489368
2021-09-12,45173.68,46460.0,44742.06,46025.24,32094.28052,168.2882284334337,920.6234905671192,-752.3352621336855
2021-09-13,46025.23,46880.0,43370.0,44940.73,65429.15056,-25.049446213961346,731.4889032109031,-756.5383494248645
2021-09-14,44940.72,47250.0,44594.44,47111.52,44855.85099,-3.0709355107537704,584.5769354665719,-587.6478709773256
2021-09-15,47103.28,48500.0,46682.32,48121.41,43204.71174,94.74471743918548,486.6104918610946,-391.8657744219091
2021-09-16,48121.4,48557.0,47021.1,47737.82,40725.08895,139.70142881089123,417.22867925105396,-277.52725044016273
2021-09-17,47737.81,48150.0,46699.56,47299.98,34461.92776,138.40447699316428,361.46383879947604,-223.05936180631176
2021-09-18,47299.98,48843.2,47035.56,48292.74,30906.47038,215.0056175691061,332.17219455340205,-117.16657698429594
2021-09-19,48292.75,48372.83,46829.18,47241.75,29847.24349,188.73089160928794,303.48393396457925,-114.75304235529131
2021-09-20,47241.75,47347.25,42500.0,43015.62,78003.524443,-171.13267877642647,208.5606114163781,-379.69329019280457
2021-09-21,43016.64,43639.0,39600.0,40734.38,84534.080485,-633.1061008304605,40.227268967010374,-673.3333697974708
2021-09-22,40734.09,44000.55,40565.39,43543.61,58349.05542,-763.7380856211676,-120.56580195062523,-643.1722836705424
2021-09-23,43546.37,44978.0,43069.09,44865.26,48699.57655,-751.9507450939855,-246.8427905792973,-505.1079545146882
2021-09-24,44865.26,45200.0,40675.0,42810.57,84113.426292,-898.0533045659249,-377.08489337662286,-520.9684111893021
2021-09-25,42810.58,42966.84,41646.28,42670.64,33594.57189,-1013.4494032454531,-504.3577953503889,-509.0916078950642
2021-09-26,42670.63,43950.0,40750.0,43160.9,49879.99765,-1053.2011112907276,-614.1264585384567,-439.0746527522708
2021-09-27,43160.9,44350.0,42098.0,42147.35,39776.84383,-1153.196311482432,-721.9404291272518,-431.25588235518023
2021-09-28,42147.35,42787.38,40888.0,41026.54,43372.2624,-1307.8076357183018,-839.1138704454618,-468.69376527284
2021-09-29,41025.01,42590.0,40753.88,41524.28,33511.53487,-1374.3323184020337,-946.1575600367762,-428.1747583652575
2021-09-30,41524.29,44141.37,41410.17,43824.1,46381.22781,-1227.3294650243115,-1002.3919410342834,-224.93752399002813
2021-10-01,43820.01,48495.0,43283.03,48141.61,66244.87492,-753.7528765941897,-952.6641281462647,198.911251552075
2021-10-02,48141.6,48336.59,47430.18,47634.9,30508.98131,-414.5486221079773,-845.0410269386073,430.49240483063
2021-10-03,47634.89,49228.08,47088.0,48200.01,30825.05601,-98.98610224432923,-695.8300419997516,596.8439397554224
2021-10-04,48200.01,49536.12,46891.0,49224.94,46796.49372,231.13833471146063,-510.4363666575092,741.5747013689698
2021-10-05,49224.93,51886.3,49022.4,51471.99,52125.66793,666.4006333553261,-275.0689666549422,941.4696000102683
2021-10-06,51471.99,55750.0,50382.41,55315.0,79877.545181,1306.38869487567,41.22256565118025,1265.1661292244896
2021-10-07,55315.0,55332.31,53357.0,53785.22,54917.37766,1670.8824901423068,367.15455054940554,1303.7279395929013
2021-10-08,53785.22,56100.0,53617.61,53951.43,46160.25785,1950.6720734407645,683.8580551276773,1266.8140183130872
2021-10-09,53955.67,55489.0,53661.67,54949.72,55177.08013,2227.2862247607336,992.5436890542886,1234.7425357064449
2021-10-10,54949.72,56561.31,54080.0,54659.0,89237.836128,2395.4331954557492,1273.1215903345808,1122.3116051211684
2021-10-11,54659.01,57839.04,54415.06,57471.35,52933.165751,2724.2208996133268,1563.34145219033,1160.8794474229967
2021-10-12,57471.35,57680.0,53879.0,55996.93,53471.2855,2833.1553014505917,1817.3042220423827,1015.851079408209
2021-10-13,55996.91,57777.0,54167.19,57367.0,55808.44492,2995.509430508835,2052.945263735673,942.564166773162
2021-10-14,57370.83,58532.54,56818.05,57347.94,43053.336781,3087.0526435258726,2259.766739693713,827.2859038321594
2021-10-15,57347.94,62933.0,56850.0,61672.42,82512.908022,3468.56721049334,2501.526833853639,967.0403766397012
2021-10-16,61672.42,62378.42,60150.0,60875.57,35467.88096,3664.380421530608,2734.097551389033,930.2828701415751
2021-10-17,60875.57,61718.39,58963.0,61528.33,39099.24124,3828.1080322118796,2952.899647553603,875.2083846582768
2021-10-18,61528.32,62695.78,59844.45,62009.84,51798.44844,3951.17054163781,3152.5538263704443,798.6167152673656
2021-10-19,62005.6,64486.0,61322.22,64280.59,53628.107744,4183.701903249152,3358.7834417461863,824.9184615029653
2021-10-20,64280.59,67000.0,63481.4,66001.41,51428.934856,4455.480469716735,3578.122847340296,877.3576223764385
2021-10-21,66001.4,66639.74,62000.0,62193.15,68538.64537,4313.844868291424,3725.2672515305217,588.5776167609024
2021-10-22,62193.15,63732.39,60000.0,60688.22,52119.35886,4033.664783205604,3786.9467578655385,246.71802534006565
2021-10-23,60688.23,61747.64,59562.15,61286.75,27626.93678,3815.9287645975564,3792.7431592119424,23.185605385614053
2021-10-24,61286.75,61500.0,59510.63,60852.22,31226.57676,3567.1881373166398,3747.6321548328824,-180.44401751624264
2021-10-25,60852.22,63710.63,60650.0,63078.78,36853.83806,3509.2714847482057,3699.9600208159472,-190.68853606774155
2021-10-26,63078.78,63293.48,59817.55,60328.81,40217.50083,3204.5326659581333,3600.8745498443845,-396.34188388625125
2021-10-27,60328.81,61496.0,58000.0,58413.44,62124.49016,2776.4652419379054,3435.992688263089,-659.5274463251835
2021-10-28,58413.44,62499.0,57820.0,60575.89,61056.35301,2581.9472858885856,3265.1836077881885,-683.2363218996029
2021-10-29,60575.9,62980.0,60174.81,62253.71,43973.90414,2533.9664680620335,3118.9401798429576,-584.9737117809241
2021-10-30,62253.7,62359.25,60673.0,61859.19,31478.12566,2436.025867564742,2982.3573173873147,-546.3314498225727
2021-10-31,61859.19,62405.3,59945.36,61299.8,39267.63794,2286.907096604584,2843.2672732307688,-556.360176626185
2021-11-01,61299.81,62437.74,59405.0,60911.11,44687.66672,2113.0079216745,2697.2154029195153,-584.2074812450155
2021-11-02,60911.12,64270.0,60624.68,63219.99,46368.2841,2136.866426539251,2585.1456076434624,-448.2791811042116
2021-11-03,63220.57,63500.0,60382.76,62896.48,43336.09049,2105.4001676550542,2489.196519645781,-383.79635199072663
2021-11-04,62896.49,63086.31,60677.01,61395.01,35930.93314,1936.97856690357,2378.752929097339,-441.77436219376887
2021-11-05,61395.01,62595.72,60721.0,60937.12,31604.48749,1746.423653871454,2252.287074052162,-505.8634201807081
2021-11-06,60940.18,61560.49,60050.0,61470.61,25590.57408,1619.7838370642785,2125.7864266545857,-506.00258959030725
2021-11-07,61470.62,63286.35,61322.78,63273.59,25515.6883,1645.9329966932492,2029.8157406623184,-383.8827439690692
2021-11-08,63273.58,67789.0,63273.58,67525.83,54442.094554,1986.8731873234356,2021.2272299945419,-34.3540426711063
2021-11-09,67525.82,68524.25,66222.4,66947.66,44661.378068,2185.2273174488146,2054.0272474853964,131.20006996341817
2021-11-10,66947.67,69000.0,62822.9,64882.43,65171.504046,2150.982407234238,2073.4182794351645,77.5641277990735
2021-11-11,64882.42,65600.07,64100.0,64774.26,37237.98058,2091.0107834794035,2076.9367802440124,14.074003235391046
2021-11-12,64774.25,65450.7,62278.0,64122.23,44490.10816,1968.1814966802704,2055.185723531264,-87.00422685099375
2021-11-13,64122.22,65000.0,63360.22,64380.0,22504.97383,1870.0811552088053,2018.1648098667724,-148.08365465796714
2021-11-14,64380.01,65550.51,63576.27,65519.1,25705.07347,1862.778823227367,1987.0876125388913,-124.30878931152438
2021-11-15,65519.11,66401.82,63400.0,63606.74,37829.37124,1683.2764397863284,1926.325377988379,-243.04893820205052
2021-11-16,63606.73,63617.31,58574.07,60058.87,77455.15609,1240.437063132682,1789.1477150172398,-548.7106518845578
2021-11-17,60058.87,60840.23,58373.0,60344.87,46289.38491,902.161915462355,1611.7505551062627,-709.5886396439078
2021-11-18,60344.86,60976.0,56474.26,56891.62,62146.99931,351.37754716836207,1359.6759535186827,-1008.2984063503206
2021-11-19,56891.62,58320.0,55600.0,58052.24,50715.88726,8.432101386249997,1089.4271830921962,-1080.9950817059462
2021-11-20,58057.1,59845.0,57353.0,59707.51,33811.5901,-128.30911227650358,845.8799240184563,-974.1890362949599
2021-11-21,59707.52,60029.76,58486.65,58622.02,31902.22785,-320.5721245504392,612.5895143046773,-933.1616388551165
2021-11-22,58617.7,59444.0,55610.0,56247.18,51724.32047,-656.9982210664894,358.671967230444,-1015.6701882969334
2021-11-23,56243.83,58009.99,55317.0,57541.27,49917.85017,-809.8605106894101,124.96547164647316,-934.8259823358833
2021-11-24,57541.26,57735.0,55837.0,57138.29,39612.04964,-952.5417859131849,-90.53597986545844,-862.0058060477264
2021-11-25,57138.29,59398.9,57000.0,58960.36,42153.51522,-908.1236193687,-254.05350776610675,-654.0701116025932
2021-11-26,58960.37,59150.0,53500.0,53726.53,65927.87066,-1280.4875786928824,-459.3403219514619,-821.1472567414205
2021-11-27,53723.72,55280.0,53610.0,54721.03,29716.99957,-1478.2999390899786,-663.1322453791652,-815.1676937108134
2021-11-28,54716.47,57445.05,53256.64,57274.88,36163.7137,-1412.7084842547702,-813.0474931542863,-599.6609911004839
2021-11-29,57274.89,58865.97,56666.67,57776.25,40125.28009,-1305.2245981672968,-911.4829141568885,-393.74168401040833
2021-11-30,57776.25,59176.99,55875.55,56950.56,49161.05194,-1272.0062304558378,-983.5875774166783,-288.4186530391595
2021-12-01,56950.56,59053.55,56458.01,57184.07,44956.63656,-1212.857067941659,-1029.4414755216744,-183.41559241998448
2021-12-02,57184.07,57375.47,55777.77,56480.34,37574.05976,-1208.8314042289421,-1065.319461263128,-143.51194296581411
2021-12-03,56484.26,57600.0,51680.0,53601.05,58927.69027,-1421.5884893061084,-1136.5732668717242,-285.0152224343842
2021-12-04,53601.05,53859.1,42000.3,49152.47,114203.373748,-1926.9505532348776,-1294.648724144355,-632.3018290905227
2021-12-05,49152.46,49699.05,47727.21,49396.33,45580.82012,-2281.4767223729796,-1492.0143237900797,-789.4623985828998
2021-12-06,49396.32,50891.11,47100.0,50441.92,58571.21575,-2449.8307668843263,-1683.577612408929,-766.2531544753972
2021-12-07,50441.91,51936.33,50039.74,50588.95,38253.46877,-2542.0848955825713,-1855.2790690436577,-686.8058265389136
2021-12-08,50588.95,51200.0,48600.0,50471.19,38425.92466,-2594.7881030175777,-2003.1808758384418,-591.6072271791359
2021-12-09,50471.19,50797.76,47320.0,47545.59,37692.68665,-2839.8907515433675,-2170.522850979427,-669.3679005639406
2021-12-10,47535.9,50125.0,46852.0,47140.54,44233.57391,-3031.870994672783,-2342.792479718098,-689.078514954685
2021-12-11,47140.54,49485.71,46751.0,49389.99,28889.19358,-2968.2883248206417,-2467.891648738607,-500.3966760820349
2021-12-12,49389.99,50777.0,48638.0,50053.9,26017.93421,-2831.684713684961,-2540.650261727878,-291.0344519570831
2021-12-13,50053.9,50189.97,45672.75,46702.75,50869.52093,-2959.717386285949,-2624.463686639492,-335.2536996464569
2021-12-14,46702.76,48700.41,46290.0,48343.28,39955.98445,-2895.430421670928,-2678.6570336457794,-216.7733880251485
2021-12-15,48336.95,49500.0,46547.0,48864.98,51629.181,-2770.4496896030832,-2697.01556483724,-73.43412476584308
2021-12-16,48864.98,49436.43,47511.0,47632.38,31949.86739,-2739.285301919117,-2705.4695122536154,-33.8157896655016
2021-12-17,47632.38,47995.96,45456.0,46131.2,43104.4887,-2803.4040830565355,-2725.0564264141994,-78.347656642336
2021-12-18,46133.83,47392.37,45500.0,46834.48,25020.05271,-2765.5898622034438,-2733.1631135720486,-32.426748631395185
2021-12-19,46834.47,48300.01,46406.91,46681.23,29305.70665,-2716.671713532749,-2729.8648335641888,13.193120031439776
2021-12-20,46681.24,47537.57,45558.85,46914.16,35848.50609,-2628.804996328843,-2709.6528661171196,80.84786978827651
2021-12-21,46914.17,49328.96,46630.0,48889.88,37713.92924,-2372.3983660827216,-2642.2019661102404,269.80360002751877
2021-12-22,48887.59,49576.13,48421.87,48588.16,27004.2022,-2168.5429336553207,-2547.4701596192567,378.92722596393605
2021-12-23,48588.17,51375.0,47920.42,50838.81,35192.54046,-1804.5753676947716,-2398.89120123436,594.3158335395883
2021-12-24,50838.82,51810.0,50384.43,50820.0,31684.84269,-1500.3511451593513,-2219.1831900193583,718.832044860007
2021-12-25,50819.99,51156.23,50142.32,50399.66,19135.51613,-1278.4322113192538,-2031.0329942793376,752.6007829600837
2021-12-26,50399.67,51280.0,49412.0,50775.49,22569.88914,-1060.0143319708004,-1836.8292618176301,776.8149298468297
2021-12-27,50775.48,52088.0,50449.0,50701.44,28792.21566,-882.7163999231998,-1646.0066894387442,763.2902895155444
2021-12-28,50701.44,50704.05,47313.01,47543.74,45853.33924,-985.6446138468891,-1513.9342743203733,528.2896604734842
2021-12-29,47543.74,48139.08,46096.99,46464.66,39498.87,-1141.1344154811595,-1439.3743025525305,298.23988707137096
2021-12-30,46464.66,47900.0,45900.0,47120.87,30352.29569,-1197.6052923686148,-1391.0205005157472,193.4152081471325
2021-12-31,47120.88,48548.26,45678.0,46216.93,34937.99796,-1300.310107111014,-1372.8784218348007,72.56831472378667
2022-01-01,46216.93,47954.63,46208.37,47722.65,19604.46325,-1245.8440775546405,-1347.4715529787688,101.6274754241283
2022-01-02,47722.66,47990.0,46654.0,47286.18,18340.4604,-1223.7917287278033,-1322.735588128576,98.94385940077268
2022-01-03,47286.18,47570.0,45696.0,46446.1,27662.0771,-1259.5828317412233,-1310.1050368511055,50.52220510988218
2022-01-04,46446.1,47557.54,45500.0,45832.01,35491.4136,-1322.2573103786053,-1312.5354915566056,-9.721818821999705
2022-01-05,45832.01,47070.0,42500.0,43451.13,51784.11857,-1546.2205365431873,-1359.272500553922,-186.94803598926524
2022-01-06,43451.14,43816.0,42430.58,43082.31,38880.37305,-1733.4910922385898,-1434.1162188908556,-299.37487334773414
2022-01-07,43082.3,43145.83,40610.0,41566.48,54836.50818,-1981.3790650228693,-1543.5687881172585,-437.81027690561086
2022-01-08,41566.48,42300.0,40501.0,41679.74,32952.73111,-2143.978484554449,-1663.6507274046967,-480.3277571497524
2022-01-09,41679.74,42786.7,41200.02,41864.62,22724.39426,-2232.1901268136207,-1777.3586072864816,-454.8315195271391
2022-01-10,41864.62,42248.5,39650.0,41822.49,50729.17019,-2279.2245459418773,-1877.7317950175607,-401.4927509243166
2022-01-11,41822.49,43100.0,41268.93,42729.29,37296.43729,-2217.7634834817654,-1945.7381327104017,-272.0253507713637
2022-01-12,42729.29,44322.0,42450.0,43902.66,33943.2928,-2050.734406243995,-1966.7373874171205,-83.99701882687464
2022-01-13,43902.65,44500.0,42311.22,42560.11,34910.87762,-2003.5989821261464,-1974.109706358926,-29.489275767220533
2022-01-14,42558.35,43448.78,41725.95,43059.96,32640.88292,-1903.9624078785346,-1960.0802466628477,56.11783878431311
2022-01-15,43059.96,43800.0,42555.0,43084.29,21936.05616,-1802.2611328084313,-1928.5164238919645,126.25529108353317
2022-01-16,43084.29,43475.0,42581.79,43071.66,20602.35271,-1703.0495796018367,-1883.423055033939,180.37347543210217
2022-01-17,43071.66,43176.18,41540.42,42201.62,27562.08613,-1675.3166580912439,-1841.8017756454,166.4851175541562
2022-01-18,42201.63,42691.0,41250.0,42352.12,29324.08257,-1622.4909599494276,-1797.9396125062058,175.44865255677814
2022-01-19,42352.12,42559.13,41138.56,41660.01,31685.72159,-1617.8244333716575,-1761.9165766792962,144.0921433076387
2022-01-20,41660.0,43505.0,40553.31,40680.91,42330.33953,-1673.8364204304162,-1744.3005454295203,70.46412499910411
2022-01-21,40680.92,41100.0,35440.45,36445.31,88860.891999,-2036.5280180356494,-1802.7460399507463,-233.78197808490313
2022-01-22,36445.31,36835.22,34008.0,35071.42,90471.338961,-2407.0778678057322,-1923.6124055217435,-483.4654622839887
2022-01-23,35071.42,36499.0,34601.01,36244.55,44279.52354,-2576.3805949155576,-2054.1660434005066,-522.214551515051
2022-01-24,36244.55,37550.0,32917.17,36660.35,91904.753211,-2646.4954882931634,-2172.631932379038,-473.8635559141253
2022-01-25,36660.35,37545.14,35701.0,36958.32,49232.40183,-2647.4996299617414,-2267.605471895579,-379.8941580661626
2022-01-26,36958.32,38919.98,36234.63,36809.34,69830.16036,-2629.9998591327167,-2340.0843493430066,-289.9155097897101
2022-01-27,36807.24,37234.47,35507.01,37160.1,53020.87934,-2558.336849404761,-2383.7348493553577,-174.60200004940316
2022-01-28,37160.11,38000.0,36155.01,37716.56,42154.26956,-2428.6458093112888,-2392.7170413465437,-35.92876796474502
2022-01-29,37716.57,38720.74,37268.44,38166.84,26129.49682,-2263.439372664703,-2366.861507610176,103.42213494547286
2022-01-30,38166.83,38359.26,37351.63,37881.76,21430.66527,-2130.9513738941387,-2319.679480866969,188.72810697283012
2022-01-31,37881.75,38744.0,36632.61,38466.9,36855.2458,-1956.1880543571533,-2246.9811955650057,290.7931412078524
2022-02-01,38466.9,39265.2,38000.0,38694.59,34574.44663,-1778.8091794565844,-2153.346792343322,374.5376128867374
2022-02-02,38694.59,38855.92,36586.95,36896.36,35794.6813,-1763.0143437999286,-2075.2803026346432,312.26595883471464
2022-02-03,36896.37,37387.0,36250.0,37311.61,32081.10999,-1697.422784880342,-1999.708799083783,302.286014203441
2022-02-04,37311.98,41772.33,37026.73,41574.25,64703.95874,-1286.6498793464125,-1857.097015136309,570.4471357898965
2022-02-05,41571.7,41913.69,40843.01,41382.59,32532.34372,-965.4456954739944,-1678.766751203846,713.3210557298517
2022-02-06,41382.6,42656.0,41116.56,42380.87,22405.16704,-623.152893916129,-1467.6439797463026,844.4910858301737
2022-02-07,42380.87,44500.5,41645.85,43839.99,51060.62006,-231.47627851990546,-1220.4104395010233,988.9341609811179
2022-02-08,43839.99,45492.0,42666.0,44042.99,64880.29387,94.22450309844862,-957.483450981129,1051.7079540795776
2022-02-09,44043.0,44799.0,43117.92,44372.72,34428.16729,374.63264250772045,-691.0602322833591,1065.6928747910797
2022-02-10,44372.71,45821.0,43174.01,43495.44,62357.29091,520.0738612186033,-448.83341358296667,968.9072748015699
2022-02-11,43495.44,43920.0,41938.51,42373.73,44975.1687,538.6156267474289,-251.34360551688758,789.9592322643165
2022-02-12,42373.73,43079.49,41688.88,42217.87,26556.85681,534.5713048483885,-94.16062344383235,628.7319282922209
2022-02-13,42217.87,42760.0,41870.0,42053.66,17732.08113,512.2113226785077,27.113765780635674,485.09755689787204
2022-02-14,42053.65,42842.4,41550.56,42535.94,34010.1306,527.3281306915233,127.1566387628132,400.17149192871005
2022-02-15,42535.94,44751.4,42427.03,44544.86,38095.19576,693.418072802102,240.408925570671,453.009147231431
2022-02-16,44544.85,44549.97,43307.0,43873.56,28471.8727,762.092322913777,344.7456050392922,417.34671787448485
2022-02-17,43873.56,44164.71,40073.21,40515.7,47245.99494,539.3486462444198,383.6662132803177,155.68243296410208
2022-02-18,40515.71,40959.88,39450.0,39974.44,43845.92241,315.51051043516054,370.0350727112863,-54.52456227612578
2022-02-19,39974.45,40444.32,39639.03,40079.17,18042.0551,144.8977201522939,325.00760219948785,-180.10988204719393
2022-02-20,40079.17,40125.44,38000.0,38386.89,33439.29011,-125.42122061237023,234.92183763711625,-360.3430582494865
2022-02-21,38386.89,39494.35,36800.0,37008.16,62347.68496,-445.7644224010728,98.78458562947844,-544.5490080305512
2022-02-22,37008.16,38429.0,36350.0,38230.33,53785.94589,-594.1705842309457,-39.80644834260639,-554.3641358883393
2022-02-23,38230.33,39249.93,37036.79,37250.01,43560.732,-781.8742086363491,-188.22000040135492,-593.6542082349941
2022-02-24,37250.02,39843.0,34322.28,38327.21,120476.29458,-834.0947211062521,-317.3949445423344,-516.6997765639178
2022-02-25,38328.68,39683.53,38014.37,39219.17,56574.57125,-794.3493708065434,-412.7858297951762,-381.56354101136725
2022-02-26,39219.16,40348.45,38573.18,39116.72,29361.2568,-762.3300864314733,-482.69468112243567,-279.63540530903765
2022-02-27,39116.73,39855.7,37000.0,37699.07,46229.44719,-841.6451190557855,-554.4847687091057,-287.1603503466798
2022-02-28,37699.08,44225.84,37450.17,43160.0,73945.63858,-458.5653854246193,-535.3008920522084,76.73550662758907
2022-03-01,43160.0,44949.0,42809.98,44421.2,61743.09873,-52.597327617586416,-438.760179165284,386.1628515476976
2022-03-02,44421.2,45400.0,43334.09,43892.98,57782.65081,223.9310063066514,-306.22194207089694,530.1529483775483
2022-03-03,43892.99,44101.12,41832.28,42454.0,50940.61021,323.2419117309764,-180.32917131052227,503.5710830414987
2022-03-04,42454.0,42527.3,38550.0,39148.66,61964.68498,133.6920865023858,-117.52491974794066,251.21700625032645
2022-03-05,39148.65,39613.24,38407.59,39397.96,30363.13341,3.5480116195612936,-93.31033347444027,96.85834509400156
2022-03-06,39397.97,39693.87,38088.57,38420.81,39677.26158,-176.40644034412253,-109.92955484837672,-66.4768854957458
2022-03-07,38420.8,39547.57,37155.0,37988.0,63994.11559,-349.9122196279932,-157.92608780430004,-191.98613182369314
2022-03-08,37988.01,39362.08,37867.65,38730.63,55583.06638,-422.62105274637725,-210.8650807927155,-211.75597195366174
2022-03-09,38730.63,42594.06,38656.45,41941.71,67392.58799,-218.61593849158817,-212.41525233249007,-6.2006861590980975
2022-03-10,41941.7,42039.63,38539.73,39422.0,71962.93154,-257.2940291638588,-221.39100769876381,-35.90302146509498
2022-03-11,39422.01,40236.26,38223.6,38729.57,59018.7642,-339.90183206477377,-245.0931725719658,-94.80865949280798
2022-03-12,38729.57,39486.71,38660.52,38807.36,24034.36432,-394.5440499265678,-274.98334804288623,-119.56070188368159
2022-03-13,38807.35,39310.0,37578.51,37777.34,32791.82359,-515.0255134943363,-322.9917811331763,-192.03373236116005
2022-03-14,37777.35,39947.12,37555.0,39671.37,46945.45375,-452.45987368567876,-348.8853996436768,-103.57447404200195
2022-03-15,39671.37,39887.61,38098.33,39280.33,46015.54926,-429.47904621523776,-365.004128957989,-64.47491725724876
2022-03-16,39280.33,41718.0,38828.48,41114.0,88120.76167,-260.30410678722546,-344.0641245238363,83.76001773661085
2022-03-17,41114.01,41478.82,40500.0,40917.9,37189.38087,-140.4365148503275,-303.33860258913455,162.90208773880704
2022-03-18,40917.89,42325.02,40135.04,41757.51,45408.00969,22.054692676880222,-238.25994353593163,260.3146362128118
2022-03-19,41757.51,42400.0,41499.29,42201.13,29067.18108,184.49977330158436,-153.70800016842844,338.2077734700128
2022-03-20,42201.13,42296.26,40911.0,41262.11,30653.33468,234.76142024913133,-76.01411608491648,310.77553633404784
2022-03-21,41262.11,41544.22,40467.94,41002.25,39426.24877,250.73528700006864,-10.664235467919461,261.3995224679881
2022-03-22,41002.26,43361.0,40875.51,42364.13,59454.94294,369.0330425798602,65.27522014163648,303.7578224382237
2022-03-23,42364.13,43025.96,41751.47,42882.76,40828.87039,498.8831582896237,151.99680777123393,346.88635051838975
2022-03-24,42882.76,44220.89,42560.46,43991.46,56195.12374,683.3756061159074,258.27256744016864,425.1030386757388
2022-03-25,43991.46,45094.14,43579.0,44313.16,54614.43648,845.7958930895911,375.7772325700531,470.018660519538
2022-03-26,44313.16,44792.99,44071.97,44511.27,23041.61741,979.2132017659533,496.46442640923317,482.7487753567201
2022-03-27,44511.27,46999.0,44421.46,46827.76,41874.91071,1257.3745324751726,648.6464476224211,608.7280848527515
2022-03-28,46827.76,48189.84,46663.56,47122.21,58949.2614,1484.4670333729955,815.810564772536,668.6564686004594
2022-03-29,47122.21,48096.47,46950.85,47434.8,36772.28457,1670.4074596220235,986.7299437424335,683.6775158795899
2022-03-30,47434.79,47700.22,46445.42,47067.99,40947.2085,1767.790101730272,1142.9419753400014,624.8481263902706
2022-03-31,47067.99,47600.0,45200.0,45510.34,48645.12667,1699.6843073509153,1254.2904417421842,445.3938656087312
2022-04-01,45510.35,46720.09,44200.0,46283.49,56271.06474,1688.6312284798987,1341.158599089727,347.47262939017173
2022-04-02,46283.49,47213.0,45620.0,45811.0,37073.53582,1623.0362381566883,1397.5341269031194,225.50211125356896
2022-04-03,45810.99,47444.11,45530.92,46407.35,33394.67794,1600.7200920270334,1438.1713199279022,162.54877209913116
2022-04-04,46407.36,46890.71,45118.0,46580.51,44641.87514,1578.807440876706,1466.298544117663,112.50889675904318
2022-04-05,46580.5,47200.0,45353.81,45497.55,42192.74852,1457.257330250366,1464.4903013442035,-7.232971093837477
2022-04-06,45497.54,45507.14,43121.0,43170.47,60849.32936,1159.7828295573563,1403.548806986834,-243.76597742947774
2022-04-07,43170.47,43900.99,42727.35,43444.19,37396.54156,935.3370773955176,1309.906461068571,-374.5693836730534
2022-04-08,43444.2,43970.62,42107.14,42252.01,42375.04203,653.7274758169151,1178.67066401824,-524.9431882013248
2022-04-09,42252.02,42800.0,42125.48,42753.97,17891.66047,465.68567998392245,1036.0736672113765,-570.387987227454
2022-04-10,42753.96,43410.3,41868.0,42158.85,22771.09403,265.578567237455,881.9746472165922,-616.3960799791372
2022-04-11,42158.85,42414.71,39200.0,39530.45,63560.44721,-103.89998055237083,684.7997216627997,-788.6997022151705
2022-04-12,39530.45,40699.0,39254.63,40074.94,57751.01778,-348.7583301819832,478.0881112938432,-826.8464414758264
2022-04-13,40074.95,41561.31,39588.54,41147.79,41342.27254,-451.04098780994536,292.2622914730855,-743.3032792830309
2022-04-14,41147.78,41500.0,39551.94,39942.38,36807.01401,-622.1949675719152,109.37083966408537,-731.5658072360005
2022-04-15,39942.37,40870.36,39766.4,40551.9,24026.35739,-700.5767469572529,-52.6186776601823,-647.9580692970706
2022-04-16,40551.9,40709.35,39991.55,40378.71,15805.44718,-767.8189188750257,-195.65872590315098,-572.1601929718747
2022-04-17,40378.7,40595.67,39546.17,39678.12,19988.49259,-867.6389804188657,-330.05477680629394,-537.5842036125717
2022-04-18,39678.11,41116.73,38536.51,40801.13,54243.49575,-846.3731143301993,-433.31844431107504,-413.0546700191243
2022-04-19,40801.13,41760.0,40571.0,41493.18,35788.85843,-764.860277772641,-499.62681100338824,-265.23346676925274
2022-04-20,41493.19,42199.0,40820.0,41358.19,40877.35041,-703.0490208939518,-540.311252981501,-162.73776791245086
2022-04-21,41358.19,42976.0,39751.0,40480.01,59316.27657,-716.663688343484,-575.5817400538976,-141.0819482895863
2022-04-22,40480.01,40795.06,39177.0,39709.18,46664.0196,-780.6540552815059,-616.5962030994193,-164.05785218208655
2022-04-23,39709.19,39980.0,39285.0,39441.6,20291.42375,-843.2380287482592,-661.9245682291873,-181.3134605190719
2022-04-24,39441.61,39940.0,38929.62,39450.13,26703.61186,-881.9810503675326,-705.9358646568564,-176.04518571067615
2022-04-25,39450.12,40616.0,38200.0,40426.08,63037.12784,-824.4306422303052,-729.6348201715463,-94.79582205875897
2022-04-26,40426.08,40797.31,37702.26,38112.65,66650.258,-954.4931926386707,-774.6064946649713,-179.88669797369948
2022-04-27,38112.64,39474.72,37881.31,39235.72,57083.12272,-955.9270062903743,-810.8705969900519,-145.05640930032234
2022-04-28,39235.72,40372.63,38881.43,39742.07,56086.6715,-905.7640169144724,-829.849280974936,-75.9147359395364
2022-04-29,39742.06,39925.25,38175.0,38596.11,51453.65715,-947.5560449884506,-853.390633777639,-94.16541121081161
2022-04-30,38596.11,38795.38,37578.2,37630.8,35321.18989,-1046.5055137644958,-892.0136097750104,-154.49190398948542
2022-05-01,37630.8,38675.0,37386.38,38468.35,38812.24104,-1045.2909321643674,-922.669074252882,-122.62185791148545
2022-05-02,38468.35,39167.34,38052.0,38525.16,53200.92628,-1027.8953376666686,-943.7143269356393,-84.18101073102935
2022-05-03,38525.16,38651.51,37517.8,37728.95,40316.45358,-1066.0677312919288,-968.1850078068973,-97.88272348503153
2022-05-04,37728.95,40023.77,37670.0,39690.0,62574.61736,-927.3889202428618,-960.0257902940903,32.63687005122847
2022-05-05,39690.0,39845.51,35571.9,36552.97,88722.43355,-1058.4163028084877,-979.7038927969699,-78.71241001151782
2022-05-06,36552.97,36675.63,35258.0,36013.77,68437.80187,-1192.0244651854518,-1022.1680072746663,-169.8564579107856
2022-05-07,36013.77,36146.3,34785.0,35472.39,34281.70682,-1326.3059090399329,-1082.9955876277197,-243.31032141221317
2022-05-08,35472.4,35514.22,33713.95,34038.4,72445.64344,-1530.7899358884315,-1172.5544572798622,-358.23547860856934
2022-05-09,34038.39,34243.15,30033.33,30076.31,191876.926428,-1989.617479021712,-1335.9670616282322,-653.6504173934798
2022-05-10,30074.23,32658.99,29730.4,31017.1,165532.00311,-2251.3752694649156,-1519.0487031955688,-732.3265662693468
2022-05-11,31017.11,32162.59,27785.0,29103.94,207063.739278,-2583.4162133225254,-1731.9222052209602,-851.4940081015652
2022-05-12,29103.94,30243.0,26700.0,29029.75,204507.263138,-2820.039901948039,-1949.545744566376,-870.4941573816632
2022-05-13,29029.74,31083.37,28751.67,29287.05,97872.36957,-2952.7662687976845,-2150.1898494126376,-802.5764193850468
2022-05-14,29287.05,30343.27,28630.0,30086.74,51095.87863,-2959.311470531189,-2312.014173636348,-647.2972968948411
2022-05-15,30086.74,31460.0,29480.0,31328.89,46275.66912,-2831.626241455946,-2415.9365872002677,-415.6896542556783
2022-05-16,31328.89,31328.9,29087.04,29874.01,73082.19658,-2815.3775150698566,-2495.8247727741855,-319.5527422956711
2022-05-17,29874.01,30788.37,29450.38,30444.93,56724.13307,-2725.01948140475,-2541.6637145002983,-183.35576690445168
2022-05-18,30444.93,30709.99,28654.47,28715.32,59749.15799,-2761.146384015796,-2585.560248403398,-175.5861356123978
2022-05-19,28715.33,30545.18,28691.38,30319.23,67877.36415,-2630.0376452180026,-2594.4557277663193,-35.58191745168324
2022-05-20,30319.22,30777.33,28730.0,29201.01,60517.25325,-2586.5479194337677,-2592.874166099809,6.326246666041243
2022-05-21,29201.01,29656.18,28947.28,29445.06,20987.13124,-2503.530066817246,-2575.005346243296,71.47527942605029
2022-05-22,29445.07,30487.99,29255.11,30293.94,36158.98748,-2342.240409447404,-2528.452358884118,186.2119494367139
2022-05-23,30293.93,30670.51,28866.35,29109.15,63901.49932,-2283.694832767931,-2479.5008536608807,195.80602089294962
2022-05-24,29109.14,29845.86,28669.0,29654.58,59442.96036,-2168.2906934006205,-2417.258821608829,248.96812820820833
2022-05-25,29654.58,30223.74,29294.21,29542.15,59537.38659,-2062.133254370383,-2346.2337081611395,284.10045379075655
2022-05-26,29542.14,29886.64,28019.56,29201.35,94581.65463,-1982.6477023738116,-2273.5165070036737,290.8688046298621
2022-05-27,29201.35,29397.66,28282.9,28629.8,90998.5201,-1943.3721536314988,-2207.4876363292387,264.11548269773994
2022-05-28,28629.81,29266.0,28450.0,29031.33,34479.35127,-1858.4231379088087,-2137.6747366451527,279.251598736344
2022-05-29,29031.33,29587.78,28839.21,29468.1,27567.34764,-1735.84697871971,-2057.309185060064,321.462206340354
2022-05-30,29468.1,32222.0,29299.62,31734.22,96785.9476,-1439.2566889992522,-1933.6986858479017,494.4419968486495
2022-05-31,31734.23,32399.0,31200.01,31801.04,62433.11632,-1185.153223389214,-1783.9895933561643,598.8363699669503
2022-06-01,31801.05,31982.97,29301.0,29805.83,103395.63382,-1131.725343228769,-1653.5367433306853,521.8114001019164
2022-06-02,29805.84,30689.0,29594.55,30452.62,56961.42928,-1025.3729545762399,-1527.9039855797964,502.53103100355656
2022-06-03,30452.63,30699.0,29282.36,29700.21,54067.44727,-990.3845822179719,-1420.4001049074316,430.01552268945966
2022-06-04,29700.21,29988.88,29485.0,29864.04,25617.90113,-938.6165459575896,-1324.0433931174632,385.42684715987366
2022-06-05,29864.03,30189.0,29531.42,29919.21,23139.9281,-882.9600326942418,-1235.826721032819,352.8666883385772
2022-06-06,29919.2,31765.64,29890.23,31373.1,68836.92456,-713.3124507050743,-1131.32386696727,418.0114162621958
2022-06-07,31373.1,31589.6,29218.96,31125.33,110674.51658,-592.0338898793125,-1023.4658715496786,431.4319816703661
2022-06-08,31125.32,31327.22,29843.88,30204.77,68542.61276,-563.703235216628,-931.5133442830685,367.81010906644053
2022-06-09,30204.77,30700.0,29944.1,30109.93,46291.1865,-542.6484689114877,-853.7403692087523,311.0919002972646
2022-06-10,30109.93,30382.8,28850.0,29091.88,76204.2498,-601.1805070608934,-803.2283967791807,202.04788971828725
2022-06-11,29091.87,29440.41,28099.99,28424.7,65901.39895,-693.410217781242,-781.2647609795929,87.85454319835094
2022-06-12,28424.71,28544.96,26560.0,26574.53,92474.598809,-905.3597607355769,-806.0837609307898,-99.27599980478703
2022-06-13,26574.53,26895.84,21925.77,22487.41,254611.034966,-1387.1376674862877,-922.2945422418895,-464.84312524439815
2022-06-14,22485.27,23362.88,20846.0,22136.41,187201.64671,-1776.791153772614,-1093.1938645480345,-683.5972892245795
2022-06-15,22136.42,22800.0,20111.62,22583.72,200774.493467,-2026.1440429852883,-1279.7839002354854,-746.3601427498029
2022-06-16,22583.72,22995.73,20232.0,20401.31,99673.59429,-2372.511417234702,-1498.3294036353288,-874.1820135993732
2022-06-17,20400.6,21365.43,20246.66,20468.81,86694.33663,-2611.4600846126195,-1720.955539830787,-890.5045447818325
2022-06-18,20468.81,20792.06,17622.0,18970.79,196441.655524,-2888.4105210527305,-1954.446536075176,-933.9639849775544
2022-06-19,18970.79,20815.95,17960.41,20574.0,128320.87595,-2944.5867260009327,-2152.4745740603275,-792.1121519406051
2022-06-20,20574.0,21090.0,19637.03,20573.89,109028.94154,-2955.051653228147,-2312.9899898938916,-642.0616633342556
2022-06-21,20573.9,21723.0,20348.4,20723.52,104371.0749,-2917.638571674219,-2433.919706249957,-483.7188654242618
2022-06-22,20723.51,20900.0,19770.51,19987.99,92133.97938,-2913.7516437140257,-2529.8860937427708,-383.86554997125495
2022-06-23,19988.0,21233.0,19890.07,21110.13,83127.08716,-2787.9857412527454,-2581.506023244766,-206.4797180079795
2022-06-24,21110.12,21558.41,20736.72,21237.69,77430.36622,-2647.503558512395,-2594.7055302982917,-52.7980282141034
2022-06-25,21237.68,21614.5,20906.62,21491.19,51431.67794,-2487.0459673795012,-2573.173617714534,86.12765033503274
2022-06-26,21491.18,21888.0,20964.73,21038.07,53278.10464,-2369.135251051681,-2532.3659443819633,163.23069333028252
2022-06-27,21038.08,21539.85,20510.0,20742.56,64475.0013,-2273.329815170324,-2480.5587185396353,207.2289033693114
2022-06-28,20742.57,21212.1,20202.01,20281.29,63801.0832,-2209.1581509878342,-2426.2786050292752,217.120454041441
2022-06-29,20281.28,20432.31,19854.92,20123.01,77309.04379,-2146.3319394375867,-2370.2892719109377,223.95733247335102
2022-06-30,20123.0,20179.08,18626.0,19942.21,93846.64806,-2087.0722929017793,-2313.645876109106,226.57358320732692
2022-07-01,19942.21,20918.35,18975.0,19279.8,111844.59494,-2069.7013186312615,-2264.8569646135375,195.15564598227593
2022-07-02,19279.8,19467.39,18977.01,19252.81,46180.3021,-2034.6582895745123,-2218.817229605733,184.15894003122048
2022-07-03,19252.82,19647.63,18781.0,19315.83,51087.46631,-1978.988699406691,-2170.8515235659243,191.86282415923324
2022-07-04,19315.83,20354.01,19055.31,20236.71,74814.04601,-1839.359833042654,-2104.55318546127,265.1933524186161
2022-07-05,20236.71,20750.0,19304.4,20175.83,96041.13756,-1713.8591561700596,-2026.414379603028,312.55522343296843
2022-07-06,20175.84,20675.22,19761.25,20564.51,82439.5808,-1564.9954445898802,-1934.1305926003986,369.1351480105184
2022-07-07,20564.51,21838.1,20251.68,21624.98,85014.58261,-1345.9337281713379,-1816.4912197145864,470.5574915432485
2022-07-08,21624.99,22527.37,21189.26,21594.75,403081.57349,-1161.3774121377573,-1685.4684581992205,524.0910460614632
2022-07-09,21594.75,21980.0,21322.12,21591.83,178417.84468,-1003.7798720870924,-1549.1307409767949,545.3508688897025
2022-07-10,21592.15,21607.65,20655.0,20862.47,192188.21556,-927.0494931632093,-1424.7144914140779,497.6649982508686
2022-07-11,20861.11,20868.48,19875.23,19963.61,137535.40724,-928.0723644546088,-1325.386066022184,397.3137015675752
2022-07-12,19963.61,20059.42,19240.0,19328.75,139506.45862,-968.9415386634828,-1254.0971605504437,285.15562188696094
2022-07-13,19331.28,20366.61,18910.94,20234.87,209250.24888,-917.6364012070371,-1186.8050086817625,269.1686074747254
2022-07-14,20234.87,20900.0,19616.07,20588.84,174809.21696,-838.7457504795384,-1117.1931570413176,278.4474065617792
2022-07-15,20588.84,21200.0,20382.29,20830.04,143343.3049,-748.1374543200509,-1043.3820164970643,295.24456217701345
2022-07-16,20830.04,21588.94,20478.61,21195.6,121011.67393,-639.4607840603967,-962.5977700097308,323.1369859493341
2022-07-17,21195.6,21684.54,20750.01,20798.16,118229.4525,-578.7325576853364,-885.824727544852,307.0921698595156
2022-07-18,20799.58,22777.63,20762.45,22432.58,239942.73132,-394.1771375033313,-787.4952095365478,393.3180720332165
2022-07-19,22432.58,23800.0,21579.54,23396.62,263770.76574,-168.18691214702267,-663.6335500586428,495.4466379116201
2022-07-20,23398.48,24276.74,22906.19,23223.3,238762.17094,-3.0384801767322642,-531.5145360822606,528.4760559055284
2022-07-21,23223.3,23442.77,22341.46,23152.19,184817.68191,120.71335091312358,-401.0689586831838,521.7823095963074
2022-07-22,23152.19,23756.49,22500.0,22684.83,171598.43966,179.01198380787173,-285.0527701849727,464.06475399284443
2022-07-23,22684.83,23000.77,21934.57,22451.07,122137.77375,204.00000691563037,-187.2422147648521,391.24222168048243
2022-07-24,22448.58,23014.64,22257.15,22579.68,115189.67277,231.5122186733861,-103.49132807720446,335.00354675059054
2022-07-25,22577.13,22666.0,21250.0,21310.9,180344.76643,149.2158350799109,-52.94989544578139,202.16573052569228
2022-07-26,21310.9,21347.82,20706.5,21254.67,177817.24326,78.55256206416743,-26.649403943791626,105.20196600795906
2022-07-27,21254.67,23112.63,21042.53,22952.45,210971.19796,157.72985457816685,10.22644776060007,147.50340681756677
2022-07-28,22954.31,24199.72,22582.13,23842.93,236029.0741,289.00129623923567,65.9814174563272,223.01987878290848
2022-07-29,23845.25,24442.66,23414.03,23773.75,198298.50623,383.03719729860677,129.3925734247831,253.64462387382366
2022-07-30,23777.28,24668.0,23502.25,23643.51,151060.13211,441.9574366209199,191.90554606401048,250.05189055690943
2022-07-31,23644.64,24194.82,23227.31,23293.32,127743.32483,455.14808068688217,244.55405298858483,210.59402769829734
2022-08-01,23296.36,23509.68,22850.0,23268.01,144210.16219,458.2767268275966,287.2985877563872,170.9781390712094
2022-08-02,23266.9,23459.89,22654.37,22987.79,158073.28225,433.151686318728,316.46920746885536,116.68247884987267
2022-08-03,22985.93,23647.68,22681.22,22818.37,145948.80995,395.0156382127061,332.1784936176255,62.83714459508059
2022-08-04,22816.91,23223.32,22400.0,22622.98,154854.67016,345.04869866283116,334.75253462666666,10.296164036164498
2022-08-05,22622.41,23472.86,22586.95,23312.42,175251.69749,356.96669532702435,339.1953667667382,17.77132856028618
2022-08-06,23313.56,23354.36,22909.52,22954.21,83911.80307,333.66100387786355,338.0884941889633,-4.427490311099746
2022-08-07,22954.21,23402.0,22844.62,23174.39,88890.00877,329.1633709319103,336.3034695375527,-7.140098605642379
2022-08-08,23174.39,24245.0,23154.25,23810.0,170958.44152,372.5923665334303,343.56124893672825,29.031117596702074
2022-08-09,23810.98,23933.25,22865.0,23149.95,143182.50858,349.7183047792605,344.79266010523475,4.925644674025762
2022-08-10,23151.32,24226.0,22664.69,23954.05,208916.54953,391.95636688320883,354.2254014608296,37.730965422379256
2022-08-11,23954.05,24918.54,23852.13,23934.39,249759.79557,419.0138073705384,367.18308264277135,51.83072472776706
2022-08-12,23933.09,24456.5,23583.0,24403.68,174207.5704,472.8738099475595,388.32122810372897,84.55258184383052
2022-08-13,24401.7,24888.0,24291.22,24441.38,152852.25435,512.6903497449675,413.1950524319767,99.49529731299083
2022-08-14,24443.06,25047.56,24144.0,24305.24,151206.14473,527.182848449549,435.99261163549124,91.19023681405781
2022-08-15,24305.25,25211.32,23773.22,24094.82,242539.54758,515.7439474522871,451.9428787988505,63.80106865343663
2022-08-16,24093.04,24247.49,23671.22,23854.74,179324.94821,481.7527407170819,457.9048511824968,23.84788953458508
2022-08-17,23856.15,24446.71,23180.4,23342.66,210668.68766,408.7817070559722,448.08022235719193,-39.29851530121971
2022-08-18,23342.66,23600.0,23111.04,23191.2,144185.97011,334.86990909292945,425.43815970433945,-90.56825061141001
2022-08-19,23191.45,23208.67,20783.57,20834.39,283995.87747,85.13798864788987,357.37812549304954,-272.24013684515967
2022-08-20,20834.39,21382.85,20761.9,21140.07,183041.68363,-87.10642752583954,268.4812148892717,-355.58764241511125
2022-08-21,21140.07,21800.0,21069.11,21515.61,159200.6841,-191.10548375851795,176.5638751597138,-367.66935891823175
2022-08-22,21516.7,21548.71,20890.18,21399.83,222222.04526,-279.6443969464199,85.32222073848708,-364.96661768490696
2022-08-23,21400.75,21684.87,20890.14,21529.12,200967.77164,-335.5119283962413,1.155390911541403,-336.6673193077827
2022-08-24,21529.11,21900.0,21145.0,21368.08,174383.22046,-388.30578433674236,-76.73684413811536,-311.568940198627
2022-08-25,21368.05,21819.88,21310.15,21559.04,169915.78301,-410.0100784857168,-143.39149100763564,-266.61858747808117
2022-08-26,21559.04,21886.77,20107.9,20241.05,273811.61955,-527.4811912407749,-220.20943105426352,-307.2717601865114
2022-08-27,20239.14,20402.93,19800.0,20037.6,162582.46032,-629.735411305388,-302.1146271044884,-327.62078420089955
2022-08-28,20037.6,20171.18,19520.0,19555.61,139307.95976,-741.1219892898516,-389.91609954156104,-351.2058897482906
2022-08-29,19555.61,20433.62,19550.79,20285.73,210509.49545,-761.7016502259467,-464.2732096784382,-297.42844054750844
2022-08-30,20287.2,20576.25,19540.0,19811.66,256634.35529,-806.9625053727286,-532.8110688172964,-274.15143655543227
2022-08-31,19813.03,20490.0,19797.94,20050.02,276946.60765,-814.2126624777848,-589.0913875493941,-225.12127492839068
2022-09-01,20048.44,20208.37,19565.66,20131.46,245289.97263,-804.1175700389795,-632.0966240473113,-172.0209459916682
2022-09-02,20132.64,20441.26,19755.29,19951.86,245986.6033,-801.3716421163917,-665.9516276611273,-135.42001445526444
2022-09-03,19950.98,20055.93,19652.72,19831.9,146639.03204,-799.657292409338,-692.6927606107695,-106.96453179856849
2022-09-04,19832.45,20029.23,19583.1,20000.3,145588.77893,-775.7676190786333,-709.3077323043423,-66.45988677429102
2022-09-05,20000.3,20057.27,19633.83,19796.84,222543.01057,-764.4404092716286,-720.3342676977995,-44.10614157382906
2022-09-06,19795.34,20180.0,18649.51,18790.61,356315.05718,-827.1233029069226,-741.6920747396241,-85.43122816729851
2022-09-07,18790.61,19464.06,18510.77,19292.84,287394.7788,-826.7439938985954,-758.7024585714184,-68.04153532717692
2022-09-08,19292.85,19458.25,19012.0,19319.77,262813.28273,-814.8769683918035,-769.9373605354956,-44.93960785630793
2022-09-09,19320.54,21597.22,19291.75,21360.11,428919.74652,-633.5309288250355,-742.6560741934037,109.12514536836818
2022-09-10,21361.62,21810.8,21111.13,21648.34,307997.33504,-461.2382661579104,-686.372512586305,225.1342464283946
2022-09-11,21647.21,21860.0,21350.0,21826.87,280702.55149,-306.7531513485337,-610.4486403387507,303.695488990217
2022-09-12,21826.87,22488.0,21538.51,22395.74,395395.61828,-136.84209955943516,-515.7273321828876,378.88523262345245
2022-09-13,22395.44,22799.0,19860.0,20173.57,431915.03333,-179.42857351886414,-448.4675804500829,269.03900693121875
2022-09-14,20173.62,20541.48,19617.62,20226.71,340826.40151,-206.51018618202215,-400.0761015964708,193.56591541444863
2022-09-15,20227.17,20330.24,19497.0,19701.88,333069.76076,-267.2413620727348,-373.5091536917236,106.26779161898884
2022-09-16,19701.88,19890.0,19320.01,19803.3,283791.07064,-303.6867977469701,-359.54468250277296,55.85788475580284
2022-09-17,19803.3,20189.0,19748.08,20113.62,179350.24338,-304.02522401313763,-348.4407908048459,44.41556679170827
2022-09-18,20112.61,20117.26,19335.62,19416.18,254217.46904,-356.461937195887,-350.0450200830541,-6.416917112832891
2022-09-19,19417.45,19686.2,18232.56,19537.02,380512.40306,-383.84292972144976,-356.8046020107333,-27.038327710716487
2022-09-20,19537.02,19634.62,18711.87,18875.0,324098.3286,-453.7317081420915,-376.19002323700494,-77.54168490508658
2022-09-21,18874.31,19956.0,18125.98,18461.36,385034.10021,-536.3140649315719,-408.2148315759183,-128.0992333556536
2022-09-22,18461.36,19550.17,18356.39,19401.63,379321.72111,-519.8962069753907,-430.5511066558128,-89.34510031957785
2022-09-23,19401.63,19500.0,18531.42,19289.91,385886.91829,-510.0206065028797,-446.4450066252262,-63.575599877653474
2022-09-24,19288.57,19316.14,18805.34,18920.5,239496.56746,-525.9397160300832,-462.34394850619765,-63.59576752388557
2022-09-25,18921.99,19180.21,18629.2,18807.38,191191.4492,-541.4421555054687,-478.16358990605187,-63.27856559941682
2022-09-26,18809.13,19318.96,18680.72,19227.82,439239.21943,-513.8782872254378,-485.3065293699291,-28.571757855508736
2022-09-27,19226.68,20385.86,18816.32,19079.13,593260.74161,-498.2878116530446,-487.9027858265522,-10.385025826492438
2022-09-28,19078.1,19790.0,18471.28,19412.82,521385.45547,-453.77541270996517,-481.0773112032348,27.30189849326962
2022-09-29,19412.82,19645.52,18843.01,19591.51,406424.93256,-399.4753233647061,-464.75691363552903,65.2815902708229
2022-09-30,19590.54,20185.0,19155.36,19422.61,444322.9534,-365.8535972581376,-444.97625036005076,79.12265310191316
2022-10-01,19422.61,19484.0,19159.42,19310.95,165625.13959,-344.24986771871045,-424.83097383178267,80.58110611307222
2022-10-02,19312.24,19395.91,18920.35,19056.8,206812.47032,-343.67486745028145,-408.59975255548244,64.92488510520099
2022-10-03,19057.74,19719.1,18959.68,19629.08,293585.75212,-293.6558801465253,-385.61097807369106,91.95509792716575
2022-10-04,19629.08,20475.0,19490.6,20337.82,327012.00127,-194.5830453057315,-347.40539152009916,152.82234621436766
2022-10-05,20337.82,20365.6,19730.0,20158.26,312239.75224,-129.06828244977441,-303.7379697060342,174.6696872562598
2022-10-06,20158.26,20456.6,19853.0,19960.67,320122.1702,-92.0303539164779,-261.396446548123,169.36609263164507
2022-10-07,19960.67,20068.82,19320.0,19530.09,220874.83913,-96.3115169867815,-228.3794606358547,132.06794364907321
2022-10-08,19530.09,19627.38,19237.14,19417.96,102480.09842,-107.51298073717044,-204.2061646561179,96.69318391894745
2022-10-09,19416.52,19558.0,19316.04,19439.02,113900.82681,-113.38383717137913,-186.04169915917015,72.65786198779102
2022-10-10,19439.96,19525.0,19020.25,19131.87,212509.09849,-141.19338181730927,-177.07203569079797,35.8786538734887
2022-10-11,19131.87,19268.09,18860.0,19060.0,243473.84286,-167.10566458187895,-175.07876146901418,7.9730968871352275
2022-10-12,19060.0,19238.31,18965.88,19155.53,213826.26731,-177.8823457839535,-175.63947833200206,-2.24286745195144
2022-10-13,19155.1,19513.79,18190.0,19375.13,399756.68337,-166.78051657436663,-173.867685980475,7.087169406108359
2022-10-14,19375.58,19951.87,19070.37,19176.93,351634.32601,-171.99269577968153,-173.4926879403163,1.4999921606347755
2022-10-15,19176.93,19227.68,18975.18,19069.39,113847.64232,-182.69497070373836,-175.3331444930007,-7.361826210737661
2022-10-16,19068.4,19425.84,19063.74,19262.98,131894.61885,-173.55487304362396,-174.97749020312537,1.4226171595014137
2022-10-17,19262.98,19676.96,19152.03,19549.86,222813.87634,-141.5309803122691,-168.28818822495413,26.757207912685033
2022-10-18,19548.48,19706.66,19091.0,19327.44,260313.07848,-132.57105318300455,-161.14476121656423,28.573708033559683
2022-10-19,19327.44,19360.16,19065.97,19123.97,186137.29538,-140.27161109388544,-156.97013119202848,16.698520098143035
2022-10-20,19123.35,19347.82,18900.0,19041.92,223530.13068,-151.25157400305397,-155.8264197542336,4.574845751179623
2022-10-21,19041.92,19250.0,18650.0,19164.37,269310.75769,-148.36235321675122,-154.33360644673712,5.971253229985905
2022-10-22,19164.37,19257.0,19112.72,19204.35,110403.90837,-141.21869188028722,-151.71062353344715,10.491931653159924
2022-10-23,19204.29,19695.0,19070.11,19570.4,167057.20184,-104.81190659524873,-142.33088014580747,37.51897355055874
2022-10-24,19570.4,19601.15,19157.0,19329.72,256168.14467,-94.29317844776233,-132.72333980619845,38.43016135843612
2022-10-25,19330.6,20415.87,19237.0,20080.07,326370.67061,-25.120463478106103,-111.20276454057999,86.08230106247389
2022-10-26,20079.02,21020.0,20050.41,20771.59,380492.69576,84.52494526994997,-72.05722257847401,156.58216784842398
2022-10-27,20771.61,20872.21,20200.0,20295.11,328643.57791,131.4564199840097,-31.354494065977274,162.81091404998696
2022-10-28,20295.11,20750.0,20000.09,20591.84,287039.94569,190.39878427583608,12.9961616023854,177.40262267345068
2022-10-29,20591.84,21085.0,20554.01,20809.67,254881.77755,251.78566474064428,60.75406223003718,191.03160251060712
2022-10-30,20809.68,20931.21,20515.0,20627.48,192795.60886,282.47777148953537,105.09880408193682,177.37896740759857
2022-10-31,20627.48,20845.92,20237.95,20490.74,303567.61628,292.39713978009604,142.55847122156865,149.8386685585274
2022-11-01,20490.74,20700.0,20330.74,20483.62,279932.43771,296.2685862780527,173.30049423286545,122.96809204518723
2022-11-02,20482.81,20800.0,20048.04,20151.84,373716.27299,269.45871004394576,192.53213739508152,76.92657264886424
2022-11-03,20151.84,20393.32,20031.24,20207.82,319185.1544,249.84870775176387,203.99545146641802,45.85325628534585
2022-11-04,20207.12,21302.05,20180.96,21148.52,453694.39165,306.6790625627109,224.5321736856766,82.14688887703429
2022-11-05,21148.52,21480.65,21080.65,21299.37,245621.98525,359.74296946515824,251.57433284157298,108.16863662358526
2022-11-06,21299.37,21365.27,20886.13,20905.58,230036.97217,365.80417322673384,274.42030091860516,91.38387230812867
2022-11-07,20905.58,21069.77,20384.89,20591.13,386977.60337,341.2999405815099,287.79622885118613,53.503711730323744
2022-11-08,20590.67,20700.88,17166.83,18547.23,760705.362783,155.16585585283974,261.27015425151683,-106.10429839867709
2022-11-09,18545.38,18587.76,15588.0,15922.81,731926.929729,-201.789405468513,168.65824230751087,-370.44764777602387
2022-11-10,15922.68,18199.0,15754.26,17601.15,608448.36432,-345.2709417690785,65.872405492193,-411.1433472612715
2022-11-11,17602.45,17695.0,16361.6,17070.31,393552.86492,-496.09675007557234,-46.52142562136007,-449.57532445421225
2022-11-12,17069.98,17119.1,16631.39,16812.08,167819.96035,-629.2111383490301,-163.05936816689407,-466.15177018213603
2022-11-13,16813.16,16954.28,16229.0,16329.85,184960.78846,-764.8010307188415,-283.4077006772836,-481.39333004155793
2022-11-14,16331.78,17190.0,15815.21,16619.46,380210.7775,-839.2139545901373,-394.56895145985436,-444.64500313028293
2022-11-15,16617.72,17134.69,16527.72,16900.57,282461.84391,-865.5262572859901,-488.7604126250816,-376.76584466090856
2022-11-16,16900.57,17015.92,16378.61,16662.76,261493.40809,-895.2483604546942,-570.0580021910041,-325.1903582636901
2022-11-17,16661.61,16751.0,16410.74,16692.56,228038.97873,-905.9554400261331,-637.2374897580299,-268.7179502681032
2022-11-18,16692.56,17011.0,16546.04,16700.45,214224.18184,-903.3904973538847,-690.468091277201,-212.92240607668373
2022-11-19,16699.43,16822.41,16553.53,16700.68,104963.15558,-891.0675309029357,-730.5879792023479,-160.47955170058776
2022-11-20,16700.68,16753.33,16180.0,16280.23,154842.13478,-904.7983403114195,-765.4300514241622,-139.36828888725722
2022-11-21,16279.5,16319.0,15476.0,15781.29,324096.997753,-945.0464862546869,-801.3533383902671,-143.69314786441976
2022-11-22,15781.29,16315.0,15616.63,16226.94,239548.06623,-930.2597460534889,-827.1346199229115,-103.12512613057743
2022-11-23,16227.96,16706.0,16160.2,16603.11,264927.70408,-878.0655792741672,-837.3208117931628,-40.74476748100449
2022-11-24,16603.11,16812.63,16458.05,16598.95,206565.92346,-827.4981200678667,-835.3562734481036,7.8581533802368995
2022-11-25,16599.55,16666.0,16342.81,16522.14,182089.49533,-784.5768557886549,-825.2003899162139,40.62353412755897
2022-11-26,16521.35,16701.99,16385.0,16458.57,181804.81666,-747.079148951223,-809.5761417232158,62.49699277199272
2022-11-27,16457.61,16600.0,16401.0,16428.78,162025.47607,-711.5632914694615,-789.973571672465,78.41028020300348
2022-11-28,16428.77,16487.04,15995.27,16212.91,252695.40367,-692.8488926849532,-770.5486358749627,77.69974319000949
2022-11-29,16212.18,16548.71,16100.0,16442.53,248106.25009,-651.9736356009671,-746.8336358201636,94.86000021919654
2022-11-30,16442.91,17249.0,16428.3,17163.64,303019.80719,-554.994518106665,-708.465812277464,153.47129417079896
2022-12-01,17165.53,17324.0,16855.01,16977.37,232818.18218,-487.54814949310094,-664.2822797205914,176.73413022749048
2022-12-02,16978.0,17105.73,16787.85,17092.74,202372.2062,-419.9461438899598,-615.4150525544651,195.4689086645053
2022-12-03,17092.13,17188.98,16858.74,16885.2,154542.57306,-378.75179597992246,-568.0824012395566,189.33060525963413
2022-12-04,16885.2,17202.84,16878.25,17105.7,178619.13387,-324.5710186033393,-519.3801247123132,194.80910610897388
2022-12-05,17106.65,17424.25,16867.0,16966.35,233703.29225,-289.539115888314,-473.4119229475134,183.87280705919943
2022-12-06,16966.35,17107.01,16906.37,17088.96,218730.76883,-249.01202269690475,-428.53194289739173,179.51992020048698
2022-12-07,17088.96,17142.21,16678.83,16836.64,220657.41334,-234.5503739264641,-389.73562910320624,155.18525517674215
2022-12-08,16836.64,17299.0,16733.49,17224.1,236417.97804,-189.63859356299872,-349.71622199516474,160.07762843216602
2022-12-09,17224.1,17360.0,17058.21,17128.56,238422.06465,-159.91160218349614,-311.75529803283104,151.8436958493349
2022-12-10,17128.56,17227.72,17092.0,17127.49,140573.97937,-134.88422600657577,-276.38108362758,141.4968576210042
2022-12-11,17127.49,17270.99,17071.0,17085.05,155286.47871,-117.1242677368391,-244.52972044943184,127.40545271259273
2022-12-12,17085.05,17241.89,16871.85,17209.83,226227.49694,-91.92106091311871,-214.00798854216922,122.0869276290505
2022-12-13,17208.93,18000.0,17080.14,17774.7,284462.9139,-26.0665705422507,-176.41970494218552,150.35313439993482
2022-12-14,17775.82,18387.95,17660.94,17803.15,266681.22209,28.095398500932788,-135.51668425356186,163.61208275449465
2022-12-15,17804.01,17854.82,17275.51,17356.34,223701.96882,34.56685118718087,-101.49997716541333,136.0668283525942
2022-12-16,17356.96,17531.73,16527.32,16632.12,253379.04116,-18.529382191827608,-84.90585817069619,66.37647597886858
2022-12-17,16631.5,16796.82,16579.85,16776.52,144825.66684,-48.39874586834776,-77.60443571022651,29.20568984187875
2022-12-18,16777.54,16863.26,16663.07,16738.21,112619.31646,-74.30518469333765,-76.94458550684874,2.639400813511088
2022-12-19,16739.0,16815.99,16256.3,16438.88,179094.28305,-117.63364605543757,-85.08239761656651,-32.551248438871056
2022-12-20,16438.88,17061.27,16397.2,16895.56,248808.92324,-113.80957850659252,-90.82783379457172,-22.9817447120208
2022-12-21,16896.15,16925.0,16723.0,16824.67,156810.96362,-115.17158166910303,-95.69658336947799,-19.474998299625042
2022-12-22,16824.68,16868.52,16559.85,16821.43,176044.27235,-115.1846430452133,-99.59419530462506,-15.590447740588246
2022-12-23,16821.9,16955.14,16731.13,16778.5,161612.00947,-117.30684619691965,-103.13672548308398,-14.170120713835672
2022-12-24,16778.52,16869.99,16776.62,16836.12,100224.29096,-113.03624358134402,-105.116629102736,-7.919614478608025
2022-12-25,16835.73,16857.96,16721.0,16832.11,125441.07202,-108.72205357106213,-105.83771399640122,-2.8843395746609133
2022-12-26,16832.11,16944.52,16791.0,16919.39,124564.00656,-97.1404852886917,-104.09826825485932,6.957782966167613
2022-12-27,16919.39,16972.83,16592.37,16706.36,173749.58616,-103.95343908126233,-104.06930242013993,0.11586333887760247
2022-12-28,16706.06,16785.19,16465.33,16547.31,193037.56577,-120.79431810300593,-107.41430555671315,-13.38001254629279
2022-12-29,16547.32,16664.41,16488.91,16633.47,160998.47158,-125.73900317015068,-111.07924507940065,-14.659758090750032
2022-12-30,16633.47,16677.35,16333.0,16607.48,164916.31174,-130.25339741740027,-114.91407554700058,-15.339321870399687
2022-12-31,16607.48,16644.09,16470.0,16542.4,114490.42864,-137.49751373740946,-119.43076318508237,-18.066750552327093
2023-01-01,16541.77,16628.0,16499.01,16616.75,96925.41374,-135.67512608228935,-122.67963576452378,-12.995490317765572
2023-01-02,16617.17,16799.23,16548.7,16672.87,121888.57191,-128.2243650866003,-123.7885816289391,-4.435783457661202
2023-01-03,16672.78,16778.4,16605.28,16675.18,159541.53733,-120.74135444796775,-123.17913619274483,2.4377817447770838
2023-01-04,16675.65,16991.87,16652.66,16850.36,220362.18862,-99.52815403937348,-118.44893976207058,18.920785722697104
2023-01-05,16850.36,16879.82,16753.0,16831.85,163473.56641,-83.25048244814388,-111.40924829928525,28.158765851141368
2023-01-06,16831.85,17041.0,16679.0,16950.65,207401.28415,-60.07167442141872,-101.14173352371195,41.07005910229323
2023-01-07,16950.31,16981.91,16908.0,16943.57,104526.5688,-41.79184848114892,-89.27175651519936,47.47990803405044
2023-01-08,16943.83,17176.99,16911.0,17127.83,135155.89695,-12.294983730436797,-73.87640195824686,61.58141822781006
2023-01-09,17127.83,17398.8,17104.66,17178.26,266211.52723,14.978115247813548,-56.10549851703478,71.08361376484834
2023-01-10,17179.04,17499.0,17146.34,17440.66,221382.42581,57.107430797754205,-33.46291265407699,90.57034345183119
2023-01-11,17440.64,18000.0,17315.6,17943.26,262221.60653,129.55737966681772,-0.8588541898980431,130.41623385671576
2023-01-12,17943.26,19117.04,17892.05,18846.62,454568.32178,256.9066287275782,50.694242393597214,206.212386333981
2023-01-13,18846.62,20000.0,18714.12,19930.01,368615.87823,440.17824404608837,128.59104272409544,311.5872013219929
2023-01-14,19930.01,21258.0,19888.05,20954.92,393913.74951,660.5100424404045,234.97484266735728,425.5351997730472
2023-01-15,20952.76,21050.74,20551.01,20871.5,178542.22549,818.9529039466033,351.7704549232065,467.1824490233968
2023-01-16,20872.99,21474.05,20611.48,21185.65,293078.08262,958.8166512355492,473.1796941856751,485.6369570498741
2023-01-17,21185.65,21647.45,20841.31,21134.81,275407.74409,1053.4142122028352,589.2265977891071,464.18761441372806
2023-01-18,21132.29,21650.0,20407.15,20677.47,350916.01949,1079.0414270666333,687.1895636446123,391.851863422021
2023-01-19,20677.47,21192.0,20659.19,21071.59,251385.84925,1118.2627329905008,773.40419751379,344.8585354767108
2023-01-20,21071.59,22755.93,20861.28,22667.21,338079.13659,1263.533867455175,871.4301315020671,392.10373595310784
2023-01-21,22666.0,23371.8,22422.0,22783.55,346445.48432,1372.2317207542183,971.5904493524974,400.6412714017208
2023-01-22,22783.35,23078.71,22292.37,22707.88,253577.75286,1435.719534925789,1064.4162664671558,371.3032684586333
2023-01-23,22706.02,23180.0,22500.0,22916.45,293588.37938,1485.7372863715973,1148.6804704480442,337.05681592355313
2023-01-24,22917.81,23162.2,22462.93,22632.89,293158.78254,1485.3733333861564,1216.0190430356668,269.3542903504897
2023-01-25,22631.94,23816.73,22300.0,23060.94,346042.83223,1502.307292347581,1273.2766928980498,229.03059944953134
2023-01-26,23060.42,23282.47,22850.01,23009.65,288924.43581,1494.362818116817,1317.4939179418034,176.86890017501355
2023-01-27,23009.65,23500.0,22534.88,23074.16,280833.86315,1476.2548361056251,1349.246101574568,127.00873453105714
2023-01-28,23074.16,23189.0,22878.46,23022.6,148115.71085,1441.1312053435176,1367.623122328358,73.50808301515963
2023-01-29,23021.4,23960.54,22967.76,23742.3,295688.79204,1454.6015093863825,1385.018799739963,69.58270964641952
2023-01-30,23743.37,23800.51,22500.0,22826.15,302405.90121,1375.495320139209,1383.1141038198123,-7.618783680603201
2023-01-31,22827.38,23320.0,22714.77,23125.13,264649.34909,1321.6926326077883,1370.8298095774076,-49.137176969619304
2023-02-01,23125.13,23812.66,22760.23,23732.66,310790.42271,1312.941437161713,1359.2521350942689,-46.31069793255574
2023-02-02,23731.41,24255.0,23363.27,23488.94,364177.20751,1271.6807405910076,1341.7378561936166,-70.05711560260897
2023-02-03,23489.33,23715.7,23204.62,23431.9,332571.02904,1220.311696376455,1317.4526242301845,-97.14092785372941
2023-02-04,23431.9,23587.78,23253.96,23326.84,166126.47295,1157.7777535146124,1285.5176500870703,-127.73989657245784
2023-02-05,23327.66,23433.33,22743.0,22932.91,209251.33917,1064.1652597793836,1241.247172025533,-177.0819122461494
2023-02-06,22932.91,23158.25,22628.13,22762.52,265371.6069,965.102533807003,1186.0182443818271,-220.91571057482406
2023-02-07,22762.52,23350.25,22745.78,23240.46,308006.72482,914.6172352952271,1131.7380425645072,-217.12080726928002
2023-02-08,23242.42,23452.0,22665.85,22963.0,280056.30717,842.5066767997305,1073.8917694115519,-231.3850926118214
2023-02-09,22961.85,23011.39,21688.0,21796.35,402894.6955,683.3424879294726,995.7819131151361,-312.4394251856636
2023-02-10,21797.83,21938.16,21451.0,21625.19,338591.94247,537.2000323994471,904.0655369719984,-366.86550457255134
2023-02-11,21625.19,21906.32,21599.78,21862.55,177021.58433,435.51372071752485,810.3551737211038,-374.841453003579
2023-02-12,21862.02,22090.0,21630.0,21783.54,204435.65163,344.5790466565595,717.1999483081951,-372.62090165163556
2023-02-13,21782.37,21894.99,21351.07,21773.97,295730.76791,268.64368610558813,627.4886958676738,-358.8450097620856
2023-02-14,21774.63,22319.08,21532.77,22199.84,361958.40109,240.0612391086106,550.0032045158612,-309.94196540725056
2023-02-15,22199.84,24380.0,22047.28,24324.05,375669.16111,384.384493010024,516.8794622146938,-132.49496920466981
2023-02-16,24322.87,25250.0,23505.25,23517.72,450080.68366,428.75519628879556,499.2546090295142,-70.49941274071864
2023-02-17,23517.72,25021.11,23339.37,24569.97,496813.21376,542.5726396406644,507.9182151517443,34.65442448892014
2023-02-18,24568.24,24877.0,24430.0,24631.95,216917.25213,630.5069597637485,532.4359640741452,98.07099568960325
2023-02-19,24632.05,25192.0,24192.57,24271.76,300395.99542,663.4830002047529,558.6453713002668,104.83762890448611
2023-02-20,24272.51,25121.23,23840.83,24842.2,346938.56997,727.2630546789878,592.3689079760111,134.89414670297674
2023-02-21,24843.89,25250.0,24148.34,24452.16,376000.82868,737.8309827749981,621.4613229358085,116.36965983918958
2023-02-22,24450.67,24476.05,23574.69,24182.21,379425.75365,716.1678952972288,640.4026374080926,75.76525788913625
2023-02-23,24182.21,24599.59,23608.0,23940.2,398400.45437,671.7282923411731,646.6677683947088,25.060523946464286
2023-02-24,23940.2,24132.35,22841.19,23185.29,343582.57453,569.0351755825395,631.141249832275,-62.10607424973546
2023-02-25,23184.04,23219.13,22722.0,23157.07,191311.8101,479.84170603566236,600.8813410729524,-121.03963503729005
2023-02-26,23157.07,23689.99,23059.18,23554.85,202323.73623,436.22423894297026,567.949920646956,-131.72568170398574
2023-02-27,23554.85,23897.99,23106.77,23492.09,283706.0859,392.07329761459187,532.7745960404832,-140.7012984258913
2023-02-28,23492.09,23600.0,23020.97,23141.57,264140.99894,325.0523230967483,491.2301414517362,-166.1778183549879
2023-03-01,23141.57,24000.0,23020.03,23628.97,315287.41737,307.7196242796708,454.5280380173231,-146.8084137376523
2023-03-02,23629.76,23796.93,23195.9,23465.32,239315.45219,277.5783972944446,419.13810987274746,-141.55971257830288
2023-03-03,23465.32,23476.95,21971.13,22354.34,319954.19785,162.1750041032319,367.7454887188444,-205.5704846156125
2023-03-04,22354.34,22410.0,22157.08,22346.57,121257.38132,69.29126295224705,308.05464356552494,-238.7633806132779
2023-03-05,22346.57,22662.09,22189.22,22430.24,154841.75786,2.40398697409546,246.92451224723905,-244.5205252731436
2023-03-06,22430.24,22602.19,22258.0,22410.0,203751.82957,-51.64255673498337,187.2110984507946,-238.85365518577797
2023-03-07,22409.41,22557.91,21927.0,22197.96,292519.80912,-110.3130675414177,127.70626525235215,-238.01933279376985
2023-03-08,22198.56,22287.0,21580.0,21705.44,301460.57272,-194.3122077169246,63.3025706584968,-257.6147783754214
2023-03-09,21704.37,21834.99,20042.72,20362.22,443658.28584,-365.06056873514535,-22.370057220231637,-342.69051151491374
2023-03-10,20362.21,20367.78,19549.09,20150.69,618456.4671,-511.5517282937508,-120.20639143493548,-391.3453368588153
2023-03-11,20150.69,20686.51,19765.03,20455.73,427831.82133,-596.1606797622444,-215.3972491003973,-380.7634306618471
2023-03-12,20455.73,22150.0,20270.6,21997.11,430944.94288,-532.6968020835775,-278.85715969703335,-253.83964238654414
2023-03-13,21998.05,24500.0,21813.88,24113.48,687889.31259,-308.07653550247414,-284.70103485812155,-23.3755006443526
2023-03-14,24112.27,26386.87,23976.42,24670.41,699360.93423,-84.15368806141123,-244.5915654987795,160.43787743736826
2023-03-15,24670.41,25196.97,23896.95,24285.66,581450.72984,61.55114897146268,-183.36302260473107,244.91417157619375
2023-03-16,24285.66,25167.4,24123.0,24998.78,439421.32998,231.892988253956,-100.31182043299367,332.20480868694966
2023-03-17,24998.78,27756.84,24890.0,27395.13,624460.68091,553.8708624695391,30.52471614751289,523.3461463220262
2023-03-18,27395.13,27724.85,26578.0,26907.49,371238.97174,760.920754091785,176.60392373636734,584.3168303554178
2023-03-19,26907.49,28390.1,26827.22,27972.87,372066.99054,999.4554469115828,341.17422837141044,658.2812185401724
2023-03-20,27972.87,28472.0,27124.47,27717.01,477378.23373,1154.5413122614336,503.8476451494151,650.6936671120186
2023-03-21,27717.01,28438.55,27303.1,28105.47,420929.7422,1293.8784282789966,661.8538017753315,632.0246265036651
2023-03-22,28107.81,28868.05,26601.8,27250.97,224113.41296,1320.1353889391503,793.5101192080953,526.625269731055
2023-03-23,27250.97,28750.0,27105.0,28295.41,128649.60818,1408.9799548245755,916.6040863313913,492.37586849318427
2023-03-24,28295.42,28374.3,27000.0,27454.47,86242.06544,1395.4472363037603,1012.3727163258651,383.0745199778952
2023-03-25,27454.46,27787.33,27156.09,27462.95,50844.08102,1369.6186136871256,1083.821895798117,285.7967178890085
2023-03-26,27462.96,28194.4,27417.76,27968.05,49671.70353,1374.067201509566,1141.870956940407,232.19624456915903
2023-03-27,27968.05,28023.86,26508.14,27124.91,88039.46898,1294.6346455127932,1172.4236946548842,122.21095085790898
2023-03-28,27124.9,27520.0,26631.78,27261.07,78602.44341,1228.5092566775675,1183.640807059421,44.86844961814654
2023-03-29,27261.06,28650.0,27240.1,28348.6,89486.16008,1249.456040277575,1196.8038537030518,52.652186574523284
2023-03-30,28348.6,29184.68,27686.0,28028.53,98865.43256,1226.0958731234205,1202.6622575871256,23.433615536294838
2023-03-31,28028.53,28656.69,27511.71,28465.36,78198.12139,1228.6679829243149,1207.8634026545635,20.80458026975134
2023-04-01,28465.36,28819.71,28220.27,28452.73,30238.44753,1215.673732962914,1209.4254687162338,6.2482642466802645
2023-04-02,28452.74,28530.0,27856.43,28171.87,37365.65692,1169.234434754264,1201.38726192384,-32.152827169576085
2023-04-03,28171.87,28500.99,27200.24,27800.0,79180.01405,1089.8609169582633,1179.0819929307247,-89.22107597246145
2023-04-04,27800.0,28444.44,27662.79,28165.47,49722.55691,1044.4079224803936,1152.1471788406584,-107.73925636026479
2023-04-05,28165.47,28775.0,27805.1,28170.01,60737.64732,997.2566826760194,1121.1690796077307,-123.91239693171133
2023-04-06,28170.01,28182.05,27711.0,28033.82,40118.94963,938.0859200637497,1084.5524476989344,-146.46652763518478
2023-04-07,28033.83,28100.0,27766.94,27906.33,24762.09387,870.8664801816121,1041.81525419547,-170.94877401385793
2023-04-08,27906.34,28154.99,27859.02,27938.38,19479.96735,810.833967679293,995.6189968922347,-184.7850292129417
2023-04-09,27938.38,28530.0,27800.0,28323.76,32531.16101,785.302238879136,953.5556452896151,-168.2534064104791
2023-04-10,28323.76,29770.0,28170.0,29637.34,67754.0622,861.1364429373716,935.0718048191663,-73.93536188179473
2023-04-11,29637.35,30550.0,29590.0,30200.42,67990.07621,955.6552473369848,939.18849332273,16.466754014254775
2023-04-12,30200.43,30486.0,29637.4,29888.07,62049.48451,993.9009744610521,950.1309895503944,43.76998491065774
2023-04-13,29888.07,30595.0,29854.59,30373.84,51934.11731,1051.2899518435988,970.3627820090353,80.92716983456353
2023-04-14,30373.84,31000.0,29966.0,30466.93,75984.19452,1091.6982964955241,994.6298849063331,97.06841158919099
2023-04-15,30466.93,30595.6,30202.0,30295.09,25429.81247,1097.208215564744,1015.1455510380154,82.06266452672867
2023-04-16,30295.1,30549.99,30120.0,30304.65,26431.99322,1089.7839274786384,1030.07322632614,59.71070115249836
2023-04-17,30304.66,30316.06,29240.65,29430.27,56441.81127,1001.7968763857789,1024.4179563380678,-22.621079952288937
2023-04-18,29430.27,30485.0,29096.78,30380.01,62004.89434,997.2073990180288,1018.9758448740602,-21.76844585603135
2023-04-19,30380.01,30413.53,28520.0,28797.1,86575.48656,855.9754449661705,986.3757648924823,-130.4003199263118
2023-04-20,28797.1,29088.3,28010.0,28243.65,76879.09372,691.4190656381761,927.3844250416211,-235.96535940344495
2023-04-21,28243.65,28374.02,27125.0,27262.84,77684.7679,476.3724543055505,837.182030894407,-360.80957658885654
2023-04-22,27262.84,27882.72,27140.35,27816.85,36023.69686,346.6544260044284,739.0765099164113,-392.4220839119829
2023-04-23,27816.85,27816.85,27311.25,27590.6,34812.09581,223.02458131261665,635.8661241956524,-412.8415428830358
2023-04-24,27590.59,28000.0,26942.82,27510.93,53111.56874,117.26655961603683,532.1462112797294,-414.8796516636926
2023-04-25,27510.93,28399.99,27192.0,28300.79,52325.14637,96.08011458747933,444.93299194127945,-348.8528773538001
2023-04-26,28300.8,30036.0,27235.0,28415.29,129228.40403,87.52002102279948,373.4503977575835,-285.93037673478403
2023-04-27,28415.29,29890.0,28378.86,29472.77,95430.82431,164.17339477100904,331.59499716026863,-167.4216023892596
2023-04-28,29472.77,29599.54,28891.0,29311.7,54298.16578,209.50964605782792,307.1779269397805,-97.66828088195257
2023-04-29,29311.69,29448.88,29031.0,29230.45,20466.83058,236.16044525909092,292.9744306036426,-56.81398534455167
2023-04-30,29230.45,29969.39,29079.59,29233.21,39752.5372,254.56958485826908,285.2934614545679,-30.723876596298794
2023-05-01,29233.2,29337.34,27666.95,28068.26,64433.65958,173.16113770824086,262.8669967053025,-89.70585899706163
2023-05-02,28068.26,28879.88,27872.0,28669.86,50824.5224,155.39712768804384,241.3730229018508,-85.97589521380695
2023-05-03,28669.85,29266.66,28113.69,29026.16,64615.79213,168.1313406045483,226.7246864423903,-58.59334583784198
2023-05-04,29026.16,29379.83,28663.64,28838.16,42575.47501,161.19511037554548,213.61877122902135,-52.423660853475866
2023-05-05,28838.16,29677.0,28800.0,29505.61,58415.83048,207.16763529156378,212.32854404152985,-5.160908749966069
2023-05-06,29505.6,29820.0,28300.0,28848.2,49249.28459,188.38214757286914,207.53926474779774,-19.1571171749286
2023-05-07,28848.19,29138.29,28395.23,28430.1,30003.41028,138.16466121123813,193.66434404048582,-55.49968282924769
2023-05-08,28430.09,28631.01,27262.0,27668.79,68244.36179,36.5146686349035,162.23440895936938,-125.71974032446587
2023-05-09,27668.8,27818.0,27353.0,27628.27,40113.31069,-46.774125191397616,120.43270212921598,-167.2068273206136
2023-05-10,27628.28,28331.42,26777.0,27598.75,71155.11355,-113.85071152036107,73.57601939930058,-187.42673091966165
2023-05-11,27598.74,27630.14,26702.05,26968.62,47635.31365,-215.3729291681775,15.786229685804962,-231.15915885398246
2023-05-12,26968.61,27091.12,25811.46,26795.01,67207.93494,-306.3079665940422,-48.63260957016448,-257.6753570238777
2023-05-13,26795.01,27045.45,26692.03,26775.28,22814.90421,-375.63658034257605,-114.0334037246468,-261.60317661792925
2023-05-14,26775.27,27200.0,26560.53,26917.62,21594.8036,-414.3183537313962,-174.0903937259967,-240.2279600053995
2023-05-15,26917.61,27663.59,26726.0,27162.14,40430.08333,-420.3971408168727,-223.3517431441719,-197.0453976727008
2023-05-16,27162.15,27296.89,26852.11,27033.84,33270.45451,-430.6036305184025,-264.80212061901807,-165.80150989938443
2023-05-17,27033.85,27500.0,26544.71,27405.61,42958.97785,-404.0361380564282,-292.6489241065001,-111.38721394992808
2023-05-18,27405.62,27485.33,26361.2,26821.28,49198.65143,-425.22997002432385,-319.1651332900649,-106.06483673425896
2023-05-19,26821.28,27183.6,26630.0,26880.26,28754.13544,-432.28394128094806,-341.78889488824154,-90.49504639270651
2023-05-20,26880.26,27150.0,26825.11,27102.43,14434.54718,-415.16128125373143,-356.4633721613395,-58.69790909239191
2023-05-21,27102.42,27277.55,26666.03,26747.78,21347.87279,-425.3060771725359,-370.2319131635788,-55.0741640089571
2023-05-22,26747.78,27099.89,26538.21,26849.27,26458.83828,-420.3114178249016,-380.24781409584335,-40.06360372905823
2023-05-23,26849.28,27495.83,26798.11,27219.61,38700.83858,-382.06555744912475,-380.6113627664996,-1.4541946826251433
2023-05-24,27219.61,27219.61,26080.5,26329.01,54393.0657,-418.79184282480855,-388.2474587781614,-30.544384046647167
2023-05-25,26329.0,26631.98,25871.89,26473.79,37435.44895,-431.2440397108876,-396.84677496470664,-34.39726474618095
2023-05-26,26473.8,26932.16,26327.24,26705.92,35061.18713,-417.5680795537046,-400.99103588250625,-16.57704367119834
2023-05-27,26705.93,26895.0,26551.0,26854.27,15095.6867,-390.260497327381,-398.84492817148123,8.584430844100211
2023-05-28,26854.28,28261.32,26764.36,28065.0,43916.00855,-267.83580473037,-372.64310348325904,104.80729875288904
2023-05-29,28065.01,28447.14,27524.6,27736.4,42385.41945,-195.07986831128437,-337.13045644886415,142.05058813757978
2023-05-30,27736.39,28038.59,27554.0,27694.4,32686.75371,-139.2046489708482,-297.54529495326096,158.34064598241275
2023-05-31,27694.39,27835.51,26839.01,27210.35,46588.80573,-132.45506516884052,-264.5272489963769,132.07218382753638
2023-06-01,27210.36,27350.0,26605.05,26817.93,39217.8088,-156.96162982346505,-243.01412516179454,86.05249533832949
2023-06-02,26817.93,27300.0,26505.0,27242.59,36380.90269,-140.49718184833182,-222.510736499102,82.01355465077017
2023-06-03,27242.59,27333.29,26914.93,27069.22,16595.34117,-139.8266635561522,-205.97392191051205,66.14725835435985
2023-06-04,27069.22,27455.02,26951.0,27115.21,19258.41049,-134.03914451178207,-191.58696643076607,57.547821918984
2023-06-05,27115.2,27129.33,25388.0,25728.2,65805.60305,-238.6219242404186,-200.99395799269658,-37.627966247722014
2023-06-06,25728.2,27355.33,25351.02,27230.08,68392.60438,-198.03257019031298,-200.40168043221985,2.369110241906867
2023-06-07,27230.07,27391.77,26125.01,26339.34,59619.44364,-235.0311951346448,-207.32758337270485,-27.703611761939953
2023-06-08,26339.34,26810.0,26210.0,26498.61,31075.51083,-248.63500447695696,-215.58906759355528,-33.04593688340168
2023-06-09,26498.62,26783.33,26269.91,26477.81,27934.7097,-258.1190715744742,-224.09506838973908,-34.024003184735136
2023-06-10,26477.8,26533.87,25358.0,25841.21,64944.60108,-313.39098657595605,-241.9542520269825,-71.43673454897356
2023-06-11,25841.22,26206.88,25634.7,25925.55,30014.29595,-346.3958090235428,-262.84256342629453,-83.55324559724829
2023-06-12,25925.54,26106.48,25602.11,25905.19,29900.50893,-369.93091710614317,-284.2602341622643,-85.67068294387889
2023-06-13,25905.2,26433.21,25712.57,25934.25,41065.60853,-381.83619076508694,-303.77542548282884,-78.0607652822581
2023-06-14,25934.24,26098.0,24820.56,25128.6,45077.31608,-451.0806508595306,-333.23647055816923,-117.84418030136135
2023-06-15,25128.6,25759.01,24800.0,25598.49,48664.86063,-462.7073856815623,-359.1306535828479,-103.57673209871439
2023-06-16,25598.49,26518.0,25175.56,26345.0,51596.91662,-406.9929769446244,-368.7031182552032,-38.28985868942118
2023-06-17,26345.01,26839.99,26181.0,26516.99,27842.2195,-344.9839903052016,-363.95929266520295,18.975302360001365
2023-06-18,26516.99,26700.0,26255.85,26339.97,21538.31022,-306.5912629916347,-352.4856867304893,45.894423738854584
2023-06-19,26339.98,27068.09,26256.61,26844.35,35872.65974,-232.78213175745623,-328.5449757358827,95.76284397842647
2023-06-20,26844.35,28402.74,26652.0,28307.99,69666.95525,-55.54407017218182,-273.9447946231425,218.4007244509607
2023-06-21,28308.0,30800.0,28257.99,29993.89,108926.40412,218.4383891344769,-175.46815787161864,393.90654700609554
2023-06-22,29993.89,30500.0,29525.61,29884.92,59054.5646,421.91492119372197,-55.99154205855052,477.9064632522725
2023-06-23,29884.92,31431.94,29800.0,30688.5,73931.89635,640.6289571809466,83.33255778934891,557.2963993915977
2023-06-24,30688.51,30800.0,30250.0,30527.43,30513.30135,791.8366040976507,225.0333670510093,566.8032370466415
2023-06-25,30527.44,31046.01,30277.49,30462.66,30223.44801,896.1135171623318,359.2493970732738,536.864120089058
2023-06-26,30462.67,30666.0,29930.0,30267.99,45180.41489,952.0706027011838,477.81363819885587,474.25696450232795
2023-06-27,30267.99,30994.97,30226.17,30692.44,42699.64157,1018.92107595583,586.0351257502507,432.8859502055793
2023-06-28,30692.44,30709.74,29858.8,30077.41,40463.51937,1010.6229444492928,670.9526894900591,339.6702549592337
2023-06-29,30077.4,30843.98,30049.98,30447.31,36330.62903,1022.1121810814984,741.184587808347,280.9275932731514
2023-06-30,30447.31,31282.0,29500.0,30472.0,89419.07618,1021.4352903394174,797.2347283145612,224.20056202485625
2023-07-01,30471.99,30661.6,30320.57,30585.9,17501.75075,1018.3507145119838,841.4579255540457,176.89278895793814
2023-07-02,30585.9,30791.0,30155.0,30617.03,23286.41019,1006.812192544483,874.5287789521332,132.2834135923498
2023-07-03,30617.02,31380.0,30570.27,31156.2,43761.64311,1029.3091090366797,905.4848449690426,123.82426406763716
2023-07-04,31156.2,31350.69,30620.0,30766.51,33206.11943,1004.1184982082086,925.2115756168758,78.90692259133277
2023-07-05,30766.52,30878.07,30200.0,30504.81,33215.67122,952.0629655282573,930.5818535991522,21.481111929105168
2023-07-06,30504.8,31500.0,29850.45,29895.43,71319.6261,851.817485901196,914.828980059561,-63.01149415836494
2023-07-07,29895.42,30449.0,29701.02,30344.7,34070.53895,799.4094607130282,891.7450761902545,-92.33561547722627
2023-07-08,30344.7,30386.81,30044.47,30284.63,13094.59042,744.4470539620343,862.2854717446105,-117.83841778257624
2023-07-09,30284.63,30445.52,30061.12,30160.71,15388.50196,683.0162560350509,826.4316286026987,-143.41537256764775
2023-07-10,30160.71,31045.78,29950.0,30411.57,41262.87652,647.1146763938523,790.5682381609295,-143.4535617670772
2023-07-11,30411.57,30813.63,30300.0,30622.1,28476.83311,628.4065478841512,758.1359001055739,-129.7293522214227
2023-07-12,30622.1,30983.25,30210.0,30380.0,38108.99669,587.275033548809,723.963726794221,-136.68869324541197
2023-07-13,30380.0,31804.2,30251.0,31454.23,70772.51836,634.0504564080293,705.9810727169827,-71.9306163089534
2023-07-14,31454.23,31630.0,29900.0,30312.01,60749.48424,572.3549562959306,679.2558494327723,-106.90089313684166
2023-07-15,30312.0,30390.9,30200.0,30289.52,14118.55329,515.7013883300897,646.5449572122358,-130.8435688821461
2023-07-16,30289.52,30441.46,30064.29,30231.99,15760.1281,460.848463133716,609.4056583965319,-148.55719526281587
2023-07-17,30232.0,30336.96,29659.2,30138.0,30882.76839,405.1229124740603,568.5491092120376,-163.4261967379773
2023-07-18,30138.01,30239.78,29512.0,29859.13,30003.8601,334.60046779799086,521.7593809292282,-187.15891313123734
2023-07-19,29859.14,30189.09,29761.96,29909.21,25657.36137,279.52971521362997,473.31344778610855,-193.78373257247858
2023-07-20,29909.21,30417.46,29570.96,29800.0,37540.68193,224.48568153398446,423.5478945356837,-199.06221300169926
2023-07-21,29800.0,30061.7,29726.34,29901.72,23881.40865,186.9161886905713,376.2215533666612,-189.30536467608994
2023-07-22,29901.72,29999.0,29625.1,29794.0,14660.40467,146.7582534008252,330.32889337349405,-183.57063997266886
2023-07-23,29793.99,30350.0,29730.0,30083.75,18292.78637,136.73698497266741,291.61051169332876,-154.87352672066135
2023-07-24,30083.75,30099.58,28861.9,29176.5,39628.99691,54.95408822727404,244.27922700011783,-189.3251387728438
2023-07-25,29176.5,29376.0,29047.65,29228.91,21565.7478,-5.566233590085176,194.31013488207725,-199.87636847216243
2023-07-26,29228.91,29690.0,29096.94,29351.96,33931.63366,-43.10305286476432,146.82749733270893,-189.93055019747325
2023-07-27,29351.95,29567.49,29083.85,29222.78,22476.47626,-82.32599613849379,100.99679863846839,-183.32279477696218
2023-07-28,29222.78,29542.22,29123.12,29314.14,23993.61627,-104.83005715194304,59.83142748038611,-164.66148463232915
2023-07-29,29314.14,29406.92,29256.18,29352.9,10851.36844,-118.17483364792861,24.230175254723168,-142.4050089026518
2023-07-30,29352.9,29449.0,29033.24,29281.09,15706.97441,-133.01185416589578,-7.218230629400622,-125.79362353649516
2023-07-31,29281.09,29530.0,29101.8,29232.25,22605.48964,-147.01656421084044,-35.17789734568859,-111.83866686515185
2023-08-01,29232.26,29739.25,28585.7,29705.99,44719.65162,-118.5222878732784,-51.846775451206554,-66.67551242207185
2023-08-02,29705.99,30047.5,28927.5,29186.01,48181.65141,-136.32691709173378,-68.742803779312,-67.58411331242178
2023-08-03,29186.0,29433.33,28968.0,29193.64,26476.91994,-148.11416884873324,-84.61707679319625,-63.497092055536996
2023-08-04,29193.65,29333.08,28807.54,29113.99,23551.95217,-162.01513055181204,-100.0966875449194,-61.91844300689263
2023-08-05,29114.0,29152.23,28978.64,29072.13,11645.52018,-174.39913039836028,-114.95717611560758,-59.441954282752704
2023-08-06,29072.13,29205.09,28991.88,29088.42,13178.1972,-180.81475272374155,-128.12869143723438,-52.68606128650717
2023-08-07,29088.43,29276.78,28701.03,29211.06,30966.87746,-173.99742260574567,-137.30243767093665,-36.694984934809014
2023-08-08,29211.06,30244.0,29146.45,29770.42,45700.53392,-122.05202239814025,-134.25235461637737,12.200332218237122
2023-08-09,29770.41,30160.0,29376.67,29581.99,38003.88725,-94.99460602581894,-126.4008048982657,31.406198872446765
2023-08-10,29581.99,29738.0,29320.2,29455.75,23463.45373,-82.78364327228337,-117.67737257306925,34.89372930078588
2023-08-11,29455.76,29564.52,29252.45,29426.03,20637.0443,-74.64407253065292,-109.07071256458599,34.42664003393307
2023-08-12,29426.02,29481.35,29381.56,29430.17,8971.48068,-67.08601485523832,-100.67377302271646,33.58775816747814
2023-08-13,29430.18,29474.65,29272.32,29303.84,11101.70947,-70.47755354424226,-94.63452912702162,24.156975582779367
2023-08-14,29303.85,29695.32,29102.45,29430.93,31443.11532,-62.19334535421149,-88.1462923724596,25.95294701824811
2023-08-15,29430.92,29499.26,29059.6,29200.0,27503.87691,-73.4158791614027,-85.20020973024822,11.784330568845519
2023-08-16,29200.01,29259.85,28723.08,28730.51,32996.69854,-118.82400816519657,-91.92496941723789,-26.899038747958684
2023-08-17,28730.51,28783.48,25166.0,26623.41,100271.54033,-321.1338071491955,-137.7667369636294,-183.3670701855661
2023-08-18,26623.41,26832.6,25619.0,26054.0,69790.65711,-521.4020108301156,-214.49379173692665,-306.90821909318896
2023-08-19,26054.0,26281.0,25801.09,26100.01,26160.75343,-668.6950819666745,-305.33404978287626,-363.3610321837982
2023-08-20,26100.01,26299.0,25971.05,26189.99,19056.91209,-769.2972877635038,-398.1266973790018,-371.170590384502
2023-08-21,26190.0,26258.42,25812.0,26126.92,30267.24233,-844.3809841825168,-487.37755473970486,-357.003429442812
2023-08-22,26126.92,26139.42,25300.0,26056.0,34247.06688,-899.2421026397751,-569.750464319719,-329.49163832005615
2023-08-23,26055.99,26819.27,25812.82,26432.72,44023.69978,-901.9249492642411,-636.1853613086234,-265.7395879556177
2023-08-24,26432.71,26577.87,25864.0,26180.05,30205.22116,-913.9045590211426,-691.7292008511273,-222.17535817001533
2023-08-25,26180.05,26314.05,25777.15,26060.01,27753.33772,-922.451266847529,-737.8736140504077,-184.57765279712135
2023-08-26,26060.0,26125.77,25985.92,26017.37,10022.22322,-922.0366217901719,-774.7062155983606,-147.33040619181133
2023-08-27,26017.38,26182.23,25966.11,26101.77,12099.64216,-904.4714540467685,-800.6592632880422,-103.81219075872627
2023-08-28,26101.78,26253.99,25864.5,26120.0,22692.62655,-878.9479584751934,-816.3170023254725,-62.63095614972099
2023-08-29,26120.0,28142.85,25922.0,27716.34,74251.99488,-721.5910550105691,-797.3718128624918,75.78075785192266
2023-08-30,27716.34,27768.57,27017.24,27299.99,35448.25848,-623.295577310244,-762.5565657520423,139.2609884417983
2023-08-31,27299.99,27587.51,25655.01,25940.78,51032.80401,-647.607375951753,-739.5667277919845,91.95935184023142
2023-09-01,25940.77,26156.0,25333.75,25805.05,41032.15056,-670.1024047910905,-725.6738631918058,55.5714584007153
2023-09-02,25805.04,25987.5,25752.47,25869.51,16250.77698,-674.9481122317011,-715.528712999785,40.580600768083855
2023-09-03,25869.52,26135.0,25800.0,25971.21,17474.47667,-662.9400697736928,-705.0109843545665,42.070914580873705
2023-09-04,25971.21,26108.02,25631.21,25826.02,21777.59609,-657.5592949729944,-695.5206464782522,37.96135150525777
2023-09-05,25826.03,25915.49,25562.62,25792.1,21323.39337,-648.5559039471118,-686.1276979720242,37.57179402491238
2023-09-06,25792.11,26040.0,25372.51,25759.95,27262.52386,-636.6756870015124,-676.2372957779219,39.56160877640946
2023-09-07,25759.95,26443.14,25615.38,26255.0,27687.49567,-580.6210932463946,-657.1140552716165,76.49296202522191
2023-09-08,26255.0,26445.5,25647.26,25910.5,28999.76471,-557.5683933727669,-637.2049228918466,79.63652951907977
2023-09-09,25910.5,25945.09,25796.64,25901.61,10980.62277,-533.8622793022878,-616.5363941739349,82.67411487164713
2023-09-10,25901.6,26033.66,25570.57,25841.61,18738.26914,-513.9915371752504,-596.027422774198,82.03588559894763
2023-09-11,25841.6,25900.69,24901.0,25162.52,41682.32,-546.7382601563404,-586.1695902506266,39.43133009428618
2023-09-12,25162.53,26567.0,25131.48,25840.1,56434.38537,-512.1119233448699,-571.3580568694753,59.2461335246054
2023-09-13,25840.1,26405.22,25764.17,26222.0,31610.82753,-448.68203640317734,-546.8228527762157,98.14081637303832
2023-09-14,26222.0,26860.49,26126.77,26522.73,38333.1725,-369.8832128858594,-511.43492479814444,141.55171191228504
2023-09-15,26522.73,26888.0,26224.0,26600.0,26227.29369,-297.7670609804336,-468.70135203460234,170.93429105416874
2023-09-16,26599.99,26777.0,26445.0,26559.67,13960.93351,-241.0896535219872,-423.1790123320793,182.0893588100921
2023-09-17,26559.67,26623.25,26399.0,26527.51,12998.10277,-196.50228695457918,-377.8436672565793,181.34138030200012
2023-09-18,26527.5,27409.0,26377.35,26762.51,43000.43256,-140.58338395214014,-330.3916105956915,189.80822664355134
2023-09-19,26762.5,27483.57,26667.79,27210.26,36190.52187,-59.45223904764498,-276.2037362860822,216.7514972384372
2023-09-20,27210.25,27388.63,26800.0,27125.0,34207.21867,-2.011800856966147,-221.365349200259,219.35354834329286
2023-09-21,27125.01,27159.6,26377.7,26568.08,34476.82662,-1.4123487035067228,-177.37474910090856,175.96240039740184
2023-09-22,26568.08,26743.38,26468.77,26580.14,18198.2292,0.035453966051136376,-141.89270848751661,141.92816245356775
2023-09-23,26580.14,26632.81,26509.0,26575.96,9440.7026,0.8359209696536709,-113.34698259608255,114.18290356573623
2023-09-24,26575.97,26738.54,26122.08,26248.38,15706.65771,-24.678196574186586,-95.61322539170337,70.93502881751678
2023-09-25,26248.39,26446.15,25990.46,26304.81,26266.2039,-39.88511833560915,-84.46760398048453,44.582485644875376
2023-09-26,26304.8,26397.46,26088.34,26221.67,18495.35066,-57.97709272606153,-79.16950172959993,21.1924090035384
2023-09-27,26221.68,26850.0,26112.06,26372.99,34771.57978,-59.419897815718286,-75.2195809468236,15.799683131105311
2023-09-28,26373.0,27308.48,26342.4,27021.39,44517.83491,-8.148934306867886,-61.80545161883246,53.65651731196457
2023-09-29,27021.39,27244.89,26665.16,26906.96,28478.76219,22.985170257692516,-44.84732724352747,67.83249750121999
2023-09-30,26906.96,27094.99,26886.31,26962.56,12804.62307,51.551375597362494,-25.567586675349474,77.11896227271197
2023-10-01,26962.57,28065.51,26954.09,27992.57,24602.81468,155.51086552904235,10.64810376552889,144.86276176351345
2023-10-02,27992.58,28580.0,27281.44,27494.51,57071.14241,195.45712270595322,47.60990755361376,147.84721515233946
2023-10-03,27494.51,27676.52,27160.5,27426.46,28928.96555,219.09812621828314,81.90755128654763,137.1905749317355
2023-10-04,27426.45,27839.72,27202.0,27778.57,29816.142,263.2119822325767,118.16843747575345,145.04354475682325
2023-10-05,27778.57,28120.39,27352.0,27410.39,30681.49619,265.4040690559377,147.61556379179032,117.7885052641474
2023-10-06,27410.39,28295.0,27175.94,27931.09,37983.24277,305.63429013913264,179.2193090612588,126.41498107787385
2023-10-07,27931.1,28029.67,27842.08,27956.67,13348.83825,335.71125206882425,210.5176976627719,125.19355440605236
2023-10-08,27956.67,28095.14,27687.5,27917.05,19693.56921,352.2894843263457,238.87205499548668,113.41742933085902
2023-10-09,27917.06,27987.93,27260.0,27590.12,31534.74639,335.1835468149875,258.13435335938686,77.04919345560063
2023-10-10,27590.12,27735.0,27298.0,27390.12,22776.84383,302.00728754751617,266.9089401970127,35.098347350503445
2023-10-11,27390.12,27477.39,26538.66,26875.52,37349.44706,231.52210108385407,259.83157237438104,-28.30947129052697
2023-10-12,26875.52,26947.04,26555.0,26759.63,23428.64112,164.41544956863072,240.748347813231,-76.33289824460027
2023-10-13,26759.63,27130.0,26685.0,26862.0,24115.76499,118.13160066560886,216.22499838370658,-98.09339771809772
2023-10-14,26862.0,26989.58,26789.0,26852.48,10417.25576,79.76366661719658,188.93273203040457,-109.16906541320799
2023-10-15,26852.48,27293.33,26808.25,27154.15,15274.6917,72.85917507935301,165.71802064019425,-92.85884556084125
2023-10-16,27154.14,30000.0,27112.66,28500.78,78399.22445,174.04284495620595,167.3829855033966,6.659859452809343
2023-10-17,28500.77,28613.65,28069.32,28395.91,38428.44532,242.9687077377166,182.5001299502606,60.46857778745601
2023-10-18,28395.91,28982.36,28142.87,28320.0,32162.47591,288.14607934445667,203.6293198290998,84.51675951535685
2023-10-19,28320.0,28916.89,28100.66,28713.71,35895.50179,351.6648054825637,233.23641695979262,118.42838852277106
2023-10-20,28713.71,30207.55,28578.29,29669.04,59422.0992,473.63127404680563,281.31538837719523,192.3158856696104
2023-10-21,29669.05,30379.99,29464.77,29909.8,27517.51897,582.9974670923293,341.6518041202221,241.34566297210722
2023-10-22,29909.8,30248.0,29640.0,29992.46,22852.54563,668.6333452095641,407.0481123380905,261.58523287147364
2023-10-23,29992.46,34741.91,29883.6,33069.99,93513.64246,973.6081973503096,520.3601293405344,453.24806800977524
2023-10-24,33069.99,35280.0,32832.34,33922.73,115265.02418,1269.4782017642792,670.1837438252834,599.2944579389958
2023-10-25,33922.73,35132.85,33679.05,34496.05,54887.02529,1532.5531260001371,842.6576202602541,689.895505739883
2023-10-26,34496.05,34824.13,33751.0,34151.66,39744.66255,1693.7282589370552,1012.8717479956144,680.8565109414408
2023-10-27,34151.66,34245.0,33390.95,33892.02,32330.40106,1779.991303159004,1166.2956590282924,613.6956441307116
2023-10-28,33892.01,34493.33,33860.0,34081.0,16880.13144,1842.3668357755305,1301.5098943777402,540.8569413977903
2023-10-29,34081.01,34750.11,33930.0,34525.89,20685.52176,1905.7307221756528,1422.3540599373227,483.37666223833
2023-10-30,34525.88,34856.0,34062.84,34474.73,33657.95976,1929.5759240882726,1523.7984327675128,405.77749132075974
2023-10-31,34474.74,34720.49,34025.0,34639.77,32737.89822,1939.434177164112,1606.9255816468328,332.5085955172792
2023-11-01,34639.78,35582.0,34097.39,35421.43,53473.28165,1987.4107096062726,1683.0226072387209,304.3881023675517
2023-11-02,35421.43,35984.99,34300.0,34941.59,48015.57732,1964.072771096784,1739.2326400103336,224.84013108645036
2023-11-03,34941.58,34946.5,34120.0,34716.78,39071.20644,1905.4719045027741,1772.4804929088218,132.9914115939523
2023-11-04,34716.78,35255.0,34585.18,35062.07,18377.55545,1865.3892665216772,1791.062247631393,74.32701889028431
2023-11-05,35062.06,35380.0,34448.0,35011.88,24528.73376,1808.7237323026275,1794.5945445656398,14.12918773698766
2023-11-06,35011.89,35276.33,34725.9,35046.09,22346.47086,1746.4444250677261,1784.9645206660573,-38.52009559833118
2023-11-07,35046.09,35888.0,34523.06,35399.12,38688.73692,1705.9095327889008,1769.153523090626,-63.24399030172526
2023-11-08,35399.13,36106.0,35100.0,35624.72,33401.34137,1672.7074430229914,1749.8643070770993,-77.15686405410793
2023-11-09,35624.72,37972.24,35534.05,36701.09,82537.88885,1713.496490152007,1742.5907436920809,-29.09425354007385
2023-11-10,36701.1,37526.0,36324.71,37301.63,43414.04898,1773.833020066173,1748.8391989668994,24.993821099273646
2023-11-11,37301.63,37408.26,36666.93,37130.0,22984.97235,1787.1993267503058,1756.5112245235807,30.68810222672505
2023-11-12,37129.99,37222.22,36731.1,37064.13,17687.18874,1772.0499735626581,1759.6189743313964,12.430999231261694
2023-11-13,37064.13,37417.99,36333.0,36462.93,32798.18252,1692.0275461528145,1746.1006886956802,-54.07314254286575
2023-11-14,36462.93,36744.0,34800.0,35551.19,45503.68416,1537.3181509325368,1704.3441811430516,-167.02603021051482
2023-11-15,35551.2,37980.0,35360.0,37858.2,53569.13385,1582.622776888922,1679.999900292226,-97.37712340330381
2023-11-16,37858.2,37929.54,35500.0,36163.51,47490.39566,1464.8933211352196,1636.9785844608248,-172.08526332560518
2023-11-17,36163.51,36800.0,35861.1,36613.92,38283.61112,1391.8913450189575,1587.9611365724513,-196.06979155349381
2023-11-18,36613.91,36845.49,36178.58,36568.1,17102.24186,1315.178898260987,1533.4046889101585,-218.22579064917159
2023-11-19,36568.11,37500.0,36384.02,37359.86,21246.34648,1303.2491021029055,1487.373571548708,-184.12446944580256
2023-11-20,37359.85,37750.0,36677.0,37448.78,36022.70291,1286.1438874251762,1447.1276347240018,-160.98374729882562
2023-11-21,37448.79,37649.44,35735.0,35741.65,47646.54804,1121.9041450146979,1382.0829367821411,-260.1787917674433
2023-11-22,35741.65,37861.1,35632.01,37408.34,45051.30697,1113.3963793652947,1328.345625298772,-214.9492459334772
2023-11-23,37408.35,37653.44,36870.0,37294.28,23827.92882,1084.9436697611745,1279.6652341912525,-194.72156443007793
2023-11-24,37294.27,38414.0,37251.51,37713.57,44680.80646,1083.7352657150768,1240.4792404960174,-156.74397478094056
2023-11-25,37713.57,37888.0,37591.1,37780.67,11396.14464,1075.7909575226658,1207.5415839013472,-131.75062637868132
2023-11-26,37780.67,37814.63,37150.0,37447.43,21264.53723,1030.7238105625438,1172.1780292335866,-141.45421867104278
2023-11-27,37447.42,37569.23,36707.0,37242.7,30001.07376,967.3369141059011,1131.2098062080495,-163.8728921021484
2023-11-28,37242.7,38377.0,36868.41,37818.87,37544.46667,952.6133124477783,1095.4905074559954,-142.8771950082171
2023-11-29,37818.88,38450.0,37570.0,37854.64,32994.19107,933.0751822318925,1063.007442411175,-129.93226017928237
2023-11-30,37854.65,38145.85,37500.0,37723.96,24740.29147,896.7095795586865,1029.7478698406774,-133.03829028199084
2023-12-01,37723.97,38999.0,37615.86,38682.52,43415.66324,934.4654227114879,1010.6913804148396,-76.2259577033517
2023-12-02,38682.51,39717.14,38641.61,39450.35,26696.92161,1014.6484289114233,1011.4827901141564,3.1656387972668654
2023-12-03,39450.35,40250.0,39274.86,39972.26,26710.65335,1107.5407736103807,1030.6943868134013,76.84638679697946
2023-12-04,39972.26,42420.0,39972.26,41991.1,79272.33059,1328.745194401752,1090.3045483310716,238.4406460706805
2023-12-05,41991.1,44488.0,41414.0,44073.32,67490.74644,1653.0141258548028,1202.846463835818,450.16766201898486
2023-12-06,44073.82,44297.21,43335.28,43762.69,51431.10492,1863.4536120262273,1334.9678934739,528.4857185523274
2023-12-07,43762.69,44047.33,42821.1,43273.14,47103.26845,1968.0394930776092,1461.582213394642,506.4572796829673
2023-12-08,43273.15,44700.0,43081.1,44170.99,42900.37556,2099.17555950729,1589.1008826171717,510.0746768901183
2023-12-09,44171.0,44358.02,43584.51,43713.6,24925.97008,2141.5083117298927,1699.582368439716,441.92594329017675
2023-12-10,43713.59,44049.0,43563.0,43789.51,18956.61758,2156.3258433945666,1790.9310634306862,365.3947799638804
2023-12-11,43789.5,43804.5,40222.0,41253.4,76663.89804,1941.0507375091038,1820.9549982463698,120.09573926273401
2023-12-12,41253.41,42104.12,40680.0,41492.39,42722.69773,1769.3323982825023,1810.6304782535963,-41.29807997109401
2023-12-13,41492.38,43475.2,40555.0,42869.03,45865.99773,1724.449341643056,1793.3942509314884,-68.94490928843243
2023-12-14,42869.03,43420.0,41400.0,43022.26,42047.05709,1681.8561851119375,1771.0866377675784,-89.23045265564087
2023-12-15,43022.26,43080.81,41666.0,41940.3,33421.7932,1543.008826745834,1725.4710755632295,-182.46224881739545
2023-12-16,41940.29,42724.43,41605.0,42278.03,24118.85747,1443.5825621940894,1669.0933728894017,-225.51081069531233
2023-12-17,42278.02,42424.07,41252.0,41374.65,27722.11452,1277.1689069219938,1590.7084796959202,-313.53957277392647
2023-12-18,41374.64,42757.81,40542.93,42657.8,46734.0925,1234.5927507182496,1519.4853339003862,-284.8925831821366
2023-12-19,42657.8,43497.0,41811.1,42275.99,40927.86444,1156.7081525447356,1446.9298976292562,-290.22174508452053
2023-12-20,42275.99,44283.0,42206.0,43668.93,48710.2947,1193.6233174795125,1396.2685815993077,-202.64526411979523
2023-12-21,43668.92,44242.35,43286.72,43861.8,34624.29384,1224.3285513460214,1361.8805755486505,-137.55202420262913
2023-12-22,43861.79,44398.26,43412.54,43969.04,32783.19638,1242.9876542175407,1338.1019912824286,-95.11433706488788
2023-12-23,43969.04,43988.68,43291.1,43702.16,16557.1293,1222.1519353366311,1314.911980093269,-92.76004475663785
2023-12-24,43702.15,43946.0,42500.0,42991.5,25144.33496,1135.2091705685452,1278.9714181883242,-143.76224761977892
2023-12-25,42991.5,43802.32,42720.43,43576.13,27021.23992,1100.7919141768143,1243.3355173860223,-142.54360320920796
2023-12-26,43576.12,43592.68,41637.6,42508.93,41010.04282,976.1494265288566,1189.8982992145893,-213.74887268573275
2023-12-27,42508.93,43677.0,42098.69,43428.85,36191.21136,940.7547774995037,1140.0695948715722,-199.31481737206855
2023-12-28,43428.86,43787.57,42241.79,42563.76,35150.52485,833.2930464651145,1078.7142851902809,-245.4212387251664
2023-12-29,42563.76,43111.0,41300.0,42066.95,42597.18912,699.9715985439834,1002.9657478610213,-302.9941493170379
2023-12-30,42066.94,42612.32,41520.3,42140.28,22906.57818,593.390274975638,921.0506532839447,-327.6603783083067
2023-12-31,42140.29,42899.0,41965.84,42283.58,23585.91603,514.5554456844839,839.7516117640525,-325.1961660795687
2024-01-01,42283.58,44184.1,42180.77,44179.55,27174.29903,598.171856402987,791.4356606918395,-193.2638042888525
2024-01-02,44179.55,45879.63,44148.34,44946.91,65146.40661,718.0804191436619,776.7646123822041,-58.68419323854221
2024-01-03,44946.91,45500.0,40750.0,42845.23,81194.55173,636.1872370271667,748.6491373111967,-112.46190028402998
2024-01-04,42845.23,44729.58,42613.77,44151.1,48038.06334,668.9478808159256,732.7088860121426,-63.761005196216956
2024-01-05,44151.1,44357.46,42450.0,44145.11,48075.25327,686.5138794445447,723.469884698623,-36.95600525407826
2024-01-06,44145.12,44214.42,43397.05,43968.32,17835.06144,678.3499880060626,714.4459053601109,-36.09591735404831
2024-01-07,43968.32,44480.59,43572.09,43929.02,23023.8508,661.0882498362407,703.7743742553369,-42.68612441909613
2024-01-08,43929.01,47248.99,43175.0,46951.04,72814.57589,881.1031472834075,739.240128860951,141.86301842245643
2024-01-09,46951.04,47972.0,44748.67,46110.0,69927.66617,976.3469199581596,786.6614870803927,189.68543287776686
2024-01-10,46110.0,47695.93,44300.36,46653.99,89911.41203,1083.236862424601,845.9765621492344,237.2603002753666
2024-01-11,46654.0,48969.48,45606.06,46339.16,87470.3296,1129.5233203407697,902.6859137875415,226.83740655322822
2024-01-12,46339.16,46515.53,41500.0,42782.73,86327.93707,869.2117609264678,895.9910832153269,-26.77932228885902
2024-01-13,42782.74,43257.0,42436.12,42847.99,36118.47464,660.5643367594093,848.9057339241434,-188.34139716473408
2024-01-14,42847.99,43079.0,41720.0,41732.35,28228.40894,400.5694108534881,759.2384693100124,-358.66905845652434
2024-01-15,41732.35,43400.43,41718.05,42511.1,40269.89303,254.42729613113625,658.2762346742372,-403.848938543101
2024-01-16,42511.1,43578.01,42050.0,43137.95,45045.74589,187.03416013919923,564.0278197672296,-376.9936596280304
2024-01-17,43137.94,43198.0,42200.69,42776.1,33266.21388,103.23629963111307,471.8695157400063,-368.63321610889324
2024-01-18,42776.09,42930.0,40683.28,41327.5,43907.51641,-79.15161158896808,361.66529027421143,-440.8169018631795
2024-01-19,41327.51,42196.86,40280.0,41659.03,48342.74559,-194.6992729541089,250.39237762854737,-445.09165058265626
2024-01-20,41659.03,41872.56,41456.3,41696.04,15923.99493,-280.05690766521,144.30252056979592,-424.3594282350059
2024-01-21,41696.05,41881.39,41500.98,41580.33,11730.16301,-352.9714430352833,44.84772784878007,-397.8191708840634
2024-01-22,41580.32,41689.65,39431.58,39568.02,55426.19911,-566.601903019975,-77.44219832497095,-489.15970469500405
2024-01-23,39568.02,40176.74,38555.0,39897.6,57956.63351,-701.2279112356773,-202.19934090711223,-499.0285703285651
2024-01-24,39897.59,40555.0,39484.19,40084.88,39293.82861,-783.7732121313384,-318.51411515195747,-465.2590969793809
2024-01-25,40084.89,40300.24,39550.0,39961.09,31022.11853,-849.3885537204551,-424.689002865657,-424.6995508547981
2024-01-26,39961.09,42246.82,39822.52,41823.51,47384.96726,-742.5478264330523,-488.2607675791361,-254.28705885391616
2024-01-27,41823.51,42200.0,41394.34,42120.63,16224.41667,-626.6767400804456,-515.943962079398,-110.73277800104756
2024-01-28,42120.63,42842.68,41620.81,42031.06,27294.99838,-535.8981198317633,-519.9347936298711,-15.963326201892187
2024-01-29,42031.05,43333.0,41804.88,43302.7,31542.74207,-357.2268006075028,-487.3931950253975,130.1663944178947
2024-01-30,43302.71,43882.36,42683.99,42941.1,37619.24546,-242.01677214851952,-438.31791045002194,196.30113830150242
2024-01-31,42941.1,43745.11,42276.84,42580.0,39871.13688,-177.80017694961862,-386.2143637499413,208.41418680032268
2024-02-01,42580.0,43285.13,41884.28,43082.94,35231.04664,-85.34124707071169,-326.0397404140954,240.6984933433837
2024-02-02,43082.95,43488.0,42546.79,43200.0,29672.14418,-2.5912450622199685,-261.3500413437203,258.75879628150034
2024-02-03,43199.99,43380.01,42880.0,43011.09,12033.40998,47.201163862519024,-199.63980030247245,246.84096416499148
2024-02-04,43011.1,43119.04,42222.0,42582.88,17066.89404,51.515203175498755,-149.4087996068782,200.92400278237696
2024-02-05,42582.88,43569.76,42258.1,42708.7,29467.75905,64.34500374064373,-106.65803893737382,171.00304267801755
2024-02-06,42708.7,43399.98,42574.0,43098.95,24675.85433,104.79461952540441,-64.36750724481819,169.16212677022259
2024-02-07,43098.96,44396.5,42788.0,44349.6,34392.59915,235.0586248322652,-4.482280829401503,239.5409056616667
2024-02-08,44349.6,45614.3,44331.1,45288.65,45439.62231,409.3485591914068,78.28388717476017,331.0646720166467
2024-02-09,45288.66,48200.0,45242.12,47132.77,73503.481,688.34484896918,200.29607953364413,488.04876943553586
2024-02-10,47132.78,48170.0,46800.0,47751.09,24802.35936,948.4119723110925,349.91925808913385,598.4927142219587
2024-02-11,47751.08,48592.66,47557.16,48299.99,29958.80837,1185.1470464700105,516.9648157653091,668.1822307047014
2024-02-12,48300.0,50334.82,47710.01,49917.27,59009.96705,1486.1310840991355,710.7980694320745,775.333014667061
2024-02-13,49917.28,50368.61,48300.95,49699.59,55551.56706,1687.6440356991661,906.1672626854929,781.4767730136732
2024-02-14,49699.6,52043.71,49225.01,51795.17,57046.37401,1993.4609176000595,1123.6259936684064,869.8349239316531
2024-02-15,51795.17,52816.62,51314.0,51880.0,53816.03055,2217.1106009400755,1342.3229151227401,874.7876858173354
2024-02-16,51880.01,52572.08,51566.0,52124.11,37772.25318,2386.5416565376436,1551.166663405721,835.3749931319226
2024-02-17,52124.1,52162.82,50625.0,51642.64,25674.00622,2453.681866404244,1731.6697040054257,722.0121623988182
2024-02-18,51642.64,52377.0,51163.28,52137.67,21992.10363,2517.811981070059,1888.8981594183526,628.9138216517065
2024-02-19,52137.68,52488.77,51677.0,51774.73,29534.99432,2510.4108802404808,2013.2007035827785,497.2101766577023
2024-02-20,51774.74,52985.0,50760.37,52258.82,49614.47318,2514.620492066417,2113.4846612795063,401.13583078691045
2024-02-21,52258.82,52366.8,50625.0,51849.39,43079.40049,2456.6008945845606,2182.107907940517,274.4929866440434
2024-02-22,51849.38,52065.78,50940.78,51288.42,35309.44574,2338.3987496106274,2213.3660762745394,125.03267333608801
2024-02-23,51288.42,51548.54,50521.0,50744.15,30545.79544,2175.724262812124,2205.8377135820565,-30.11345076993257
2024-02-24,50744.15,51698.0,50585.0,51568.22,16560.4211,2089.215941100345,2182.5133590857145,-93.29741798536952
2024-02-25,51568.21,51958.55,51279.8,51728.85,18721.63159,2010.4438264703058,2148.099452562633,-137.6556260923271
2024-02-26,51728.85,54910.0,50901.44,54476.47,51256.72199,2145.0001033103617,2147.479582712179,-2.479479401817116
2024-02-27,54476.48,57588.15,54450.13,57037.34,67194.98562,2430.263168033358,2204.036299776415,226.2268682569429
2024-02-28,57037.35,64000.0,56691.85,62432.1,118763.46984,3056.4157894769305,2374.512197716518,681.9035917604124
2024-02-29,62432.11,63676.35,60364.7,61130.98,78425.07603,3408.3672075369686,2581.2831996806085,827.0840078563601
2024-03-01,61130.99,63114.23,60777.0,62387.9,47737.93473,3745.5379515152163,2814.13415004753,931.4038014676862
2024-03-02,62387.9,62433.19,61561.12,61987.28,25534.73659,3935.060580540725,3038.319436146169,896.7411443945557
2024-03-03,61987.28,63231.88,61320.0,63113.97,28994.90903,4128.581380141441,3256.3718249452236,872.209555196217
2024-03-04,63113.97,68499.0,62300.0,68245.71,84835.16005,4642.520452419594,3533.601550440098,1108.9189019794962
2024-03-05,68245.71,69000.0,59005.0,63724.01,132696.7813,4631.567640644134,3753.1947684809056,878.3728721632287
2024-03-06,63724.01,67641.1,62779.14,66074.04,78738.85491,4757.671760869693,3954.0901669586633,803.5815939110294
2024-03-07,66074.04,67980.0,65551.0,66823.17,53059.8869,4862.012461777245,4135.67462592238,726.3378358548653
2024-03-08,66823.18,69990.0,66082.66,68124.19,74261.932842,4992.138395972317,4306.967379932368,685.1710160399489
2024-03-09,68124.2,68541.1,67861.1,68313.27,19872.89743,5052.281753008654,4456.030254547626,596.251498461028
2024-03-10,68313.28,69887.61,68094.75,68955.88,38404.66835,5093.089092532755,4583.442022144653,509.6470703881023
2024-03-11,68955.88,72800.0,67024.96,72078.1,75292.825726,5316.08573640453,4729.970764996628,586.114971407902
2024-03-12,72078.1,73000.0,68620.82,71452.01,68783.546691,5380.271531615697,4860.030918320442,520.2406132952556
2024-03-13,71452.0,73650.25,71333.31,73072.41,52659.711647,5498.508590181533,4987.72645269266,510.78213748887265
2024-03-14,73072.4,73777.0,68555.0,71388.94,71757.628746,5394.189492588608,5069.01906067185,325.1704319167584
2024-03-15,71388.94,72419.71,65600.0,69499.85,103334.03546,5100.289122764079,5075.273073090296,25.016049673783527
2024-03-16,69499.84,70043.0,64780.0,65300.63,55926.95336,4476.921834465495,4955.602825365336,-478.68099089984116
2024-03-17,65300.64,68904.4,64533.0,68393.48,49742.21589,4184.232684551032,4801.3287972024755,-617.096112651443
2024-03-18,68393.47,68956.0,66565.2,67609.99,55691.08088,3844.733633369622,4610.009764435905,-765.2761310662827
2024-03-19,67610.0,68124.11,61555.0,61937.4,101005.32487,3082.415417961158,4304.490895140956,-1222.0754771797983
2024-03-20,61937.41,68100.0,60775.0,67840.51,90420.58592,2920.933677479188,4027.779451608603,-1106.8457741294146
2024-03-21,67840.51,68240.47,64529.01,65501.27,53357.48002,2574.5236109764664,3737.128283482176,-1162.6046725057095
2024-03-22,65501.28,66649.62,62260.0,63796.64,51482.37821,2137.7985319674845,3417.262333179238,-1279.4638012117534
2024-03-23,63796.64,65999.0,63000.0,63990.01,26410.11409,1786.698159160238,3091.1494983754383,-1304.4513392152003
2024-03-24,63990.02,67628.69,63772.29,67209.99,31395.78015,1748.1227883379252,2822.544156367936,-1074.4213680300109
2024-03-25,67210.0,71150.0,66385.06,69880.01,53431.14486,1910.9713406755545,2640.22959322946,-729.2582525539055
2024-03-26,69880.0,71561.1,69280.0,69988.0,38934.38417,2025.3963735249708,2517.262949288562,-491.8665757635913
2024-03-27,69987.99,71769.54,68359.18,69469.99,49119.35685,2050.6414405890537,2423.9386475486604,-373.2972069596067
2024-03-28,69469.99,71552.06,68903.62,70780.6,35439.03239,2151.60129152998,2369.4711763449245,-217.86988481494473
2024-03-29,70780.6,70916.16,69009.0,69850.54,25445.08353,2131.988396494751,2321.97462037489,-189.98622388013882
2024-03-30,69850.53,70321.1,69540.0,69582.18,13644.61142,2070.9183688005432,2271.763370060021,-200.8450012594776
2024-03-31,69582.17,71366.0,69562.99,71280.01,19396.34433,2134.910701874309,2244.3928364228786,-109.48213454856977
2024-04-01,71280.0,71288.23,68062.86,69649.8,41445.32039,2030.6724363124522,2201.6487564007934,-170.97632008834125
2024-04-02,69649.81,69674.23,64550.0,65463.99,71799.82793,1591.9519440766599,2079.7093939359665,-487.7574498593067
2024-04-03,65463.99,66903.63,64493.07,65963.28,39887.21778,1269.9125619081606,1917.7500275304055,-647.837465622245
2024-04-04,65963.27,69309.91,65064.52,68487.79,41510.48453,1204.515979731601,1775.1032179706447,-570.5872382390437
2024-04-05,68487.8,68756.67,65952.56,67820.62,37915.23073,1086.3311249809485,1637.3487993727056,-551.017674391757
2024-04-06,67820.63,69692.0,67447.83,68896.0,20134.28919,1067.1416105753742,1523.3073616132394,-456.1657510378652
2024-04-07,68896.0,70326.29,68824.0,69360.39,21534.74433,1076.9912889120315,1434.044147072998,-357.0528581609665
2024-04-08,69360.38,72797.99,69043.24,71620.0,45723.87624,1252.688657535764,1397.7730491655511,-145.0843916297872
2024-04-09,71620.0,71758.19,68210.0,69146.0,39293.90242,1178.711511499816,1353.9607416324043,-175.2492301325883
2024-04-10,69146.0,71172.08,67518.0,70631.08,42006.02377,1225.7875194602675,1328.3260971979769,-102.53857773770937
2024-04-11,70631.08,71305.89,69567.21,70006.23,31917.25595,1198.8557590935525,1302.432029577092,-103.57627048353947
2024-04-12,70006.22,71227.46,65086.86,67116.52,56072.86229,933.5750265088864,1228.660628963451,-295.08560245456465
2024-04-13,67116.52,67929.0,60660.57,63924.51,71395.22019,460.46168871167174,1075.0208409130953,-614.5591522014236
2024-04-14,63924.52,65840.0,62134.0,65661.84,61599.17818,223.13184640658437,904.6430420117932,-681.5111956052089
2024-04-15,65661.85,66867.07,62274.4,63419.99,52389.53069,-144.19018783706997,694.8763960420207,-839.0665838790907
2024-04-16,63419.99,64365.0,61600.0,63793.39,53435.29331,-400.5480187933572,475.79151307494516,-876.3395318683024
2024-04-17,63793.4,64499.0,59678.16,61277.37,50610.54509,-797.5416696133034,221.12487653729548,-1018.6665461505988
2024-04-18,61277.38,64117.09,60803.35,63470.08,43601.60918,-924.5707502316363,-8.014248816490891,-916.5565014151455
2024-04-19,63470.09,65450.0,59600.01,63818.01,69774.30271,-985.8034401721379,-203.57208708762033,-782.2313530845177
2024-04-20,63818.01,65419.0,63090.07,64940.59,23137.42975,-932.9930013486301,-349.4562699398223,-583.5367314088078
2024-04-21,64940.58,65695.56,64237.5,64941.15,19316.42152,-880.940230175227,-455.7530619869033,-425.18716818832377
2024-04-22,64941.15,67232.35,64500.0,66819.32,31397.99371,-680.2934125302709,-500.6611320955768,-179.63228043469405
2024-04-23,66819.32,67183.01,65765.81,66414.0,22599.90004,-547.6720777653536,-510.0633212295322,-37.608756535821385
2024-04-24,66414.0,67070.43,63606.06,64289.59,33595.69637,-606.9938003539282,-529.4494170544115,-77.54438329951677
2024-04-25,64289.58,65297.94,62794.0,64498.34,31341.46338,-629.9012035175765,-549.5397743470445,-80.361429170532
2024-04-26,64498.33,64820.01,63297.48,63770.01,27085.19346,-698.7706367253559,-579.3859468227068,-119.38468990264903
2024-04-27,63770.0,63923.41,62391.24,63461.98,20933.06052,-769.3371654582297,-617.3761905498114,-151.96097490841828
2024-04-28,63461.98,64370.0,62781.0,63118.62,16949.20005,-843.2474980499828,-662.5504520498457,-180.6970460001371
2024-04-29,63118.62,64228.35,61765.53,63866.0,28150.22947,-831.9247387067808,-696.4253093812328,-135.49942932554802
2024-04-30,63866.0,64734.0,59191.6,60672.0,54947.65535,-1068.3650299483488,-770.813253494656,-297.5517764536928
2024-05-01,60672.01,60841.63,56552.82,58364.97,81166.46823,-1425.47175351427,-901.7449534985788,-523.7268000156912
2024-05-02,58364.97,59625.0,56911.84,59060.61,47583.81961,-1633.5188816241644,-1048.099739123696,-585.4191425004683
2024-05-03,59060.6,63333.0,58811.32,62882.01,43628.40143,-1473.0621428883314,-1133.0922198766232,-339.96992301170826
2024-05-04,62882.01,64540.0,62541.03,63892.04,24368.69282,-1249.9889470937196,-1156.4715653200426,-93.51738177367702
2024-05-05,63892.03,64646.0,62822.17,64012.0,18526.75029,-1051.4021532706684,-1135.4576829101677,84.05552963949935
2024-05-06,64012.0,65500.0,62700.0,63165.19,34674.91949,-951.3842133435392,-1098.642988996842,147.2587756533028
2024-05-07,63165.18,64422.41,62261.0,62312.08,25598.79472,-930.2349531346117,-1064.961381824396,134.72642868978437
2024-05-08,62312.07,63020.22,60888.0,61193.03,26121.19004,-992.33299766454,-1050.435704992425,58.1027073278849
2024-05-09,61193.03,63429.03,60630.0,63074.01,30660.8061,-879.6269869952303,-1016.2739613929859,136.64697439775568
2024-05-10,63074.0,63469.13,60187.12,60799.99,36529.34025,-962.7036226589262,-1005.559893646174,42.856270987247854
2024-05-11,60799.99,61515.0,60487.09,60825.99,13374.56936,-1014.7470993452007,-1007.3973347859794,-7.349764559221285
2024-05-12,60825.99,61888.0,60610.0,61483.99,12753.13236,-991.4678050185466,-1004.2114288324929,12.743623813946215
2024-05-13,61484.0,63450.0,60749.21,62940.08,32733.41839,-845.7749356171043,-972.5241301894152,126.7491945723109
2024-05-14,62940.09,63118.36,61142.77,61577.49,29088.72041,-830.6862779878647,-944.1565597491051,113.47028176124036
2024-05-15,61577.49,66444.16,61319.47,66206.5,43559.74719,-440.13241485397884,-843.3517307700799,403.2193159161011
2024-05-16,66206.51,66752.01,64602.77,65235.21,31106.3671,-206.60899029206485,-716.0031826744769,509.39419238241203
2024-05-17,65235.21,67451.2,65106.38,67024.0,26292.23409,121.40097470992623,-548.5223511975963,669.9233259075226
2024-05-18,67024.0,67400.01,66600.0,66915.2,14441.25774,368.32614985723194,-365.15265098663065,733.4788008438626
2024-05-19,66915.2,67700.0,65857.25,66274.01,18025.30409,506.4395360853814,-190.83421357222824,697.2737496576096
2024-05-20,66274.0,71515.56,66060.31,71446.62,50816.7011,1021.5064963942132,51.633928421060034,969.8725679731531
2024-05-21,71446.62,71979.0,69162.94,70148.34,49607.4336,1309.8413912641627,303.2754209896806,1006.5659702744821
2024-05-22,70148.34,70666.0,68842.19,69166.62,27673.18026,1442.5039853501512,531.1211338617748,911.3828514883764
2024-05-23,69166.62,70096.12,66312.16,67969.65,40513.17374,1434.5183370089653,711.800574491213,722.7177625177524
2024-05-24,67969.66,69250.0,66600.12,68549.99,28095.83664,1458.2089163768687,861.0822428683441,597.1266735085246
2024-05-25,68549.99,69610.0,68500.0,69290.57,12130.39418,1519.2297530169599,992.7117448980673,526.5180081188926
2024-05-26,69290.56,69562.23,68128.01,68507.67,11872.11797,1487.271379979793,1091.6236719144126,395.64770806538036
2024-05-27,68507.67,70687.56,68250.0,69436.43,23136.92737,1519.3729238397937,1177.173522299489,342.19940154030473
2024-05-28,69436.43,69591.81,67277.91,68398.39,32622.97042,1444.402305224823,1230.6192788845558,213.78302634026727
2024-05-29,68398.4,68935.68,67124.65,67652.42,23159.83149,1309.6966375894408,1246.4347506255328,63.261886963907955
2024-05-30,67652.41,69500.0,67128.0,68352.17,28478.2184,1245.0532041133993,1246.1584413231062,-1.1052372097069565
2024-05-31,68352.17,69044.1,66670.0,67540.01,26690.32184,1115.4303066137945,1220.012814381244,-104.58250776744944
2024-06-01,67540.01,67900.0,67428.44,67766.85,8837.66133,1019.2579475287639,1179.861841010748,-160.6038934819842
2024-06-02,67766.84,68460.0,67257.47,67765.63,15426.32529,932.1964360230631,1130.3287600132112,-198.13232399014805
2024-06-03,67765.62,70288.0,67612.48,68809.9,29633.374,936.6661186209094,1091.596231734751,-154.93011311384157
2024-06-04,68809.89,71063.45,68567.32,70537.84,29619.78489,1067.3351164554479,1086.7440086788904,-19.408892223442535
2024-06-05,70537.83,71758.0,70383.66,71108.0,28703.18082,1203.0305977622047,1110.0013264955533,93.02927126665145
2024-06-06,71108.0,71700.0,70117.64,70799.06,21842.00449,1270.9901845665154,1142.1990981097456,128.7910864567698
2024-06-07,70799.06,71997.02,68420.0,69355.6,35598.45045,1194.6028501873661,1152.6798485252698,41.92300166209634
2024-06-08,69355.6,69582.2,69168.02,69310.46,9773.82967,1117.5406041616807,1145.651999652552,-28.111395490871246
2024-06-09,69310.46,69857.14,69130.24,69648.14,9890.56709,1071.3661310172029,1130.7948259254822,-59.42869490827934
2024-06-10,69648.15,70195.94,69172.29,69540.0,17122.66941,1014.353696148828,1107.5065999701515,-93.15290382132343
2024-06-11,69540.0,69590.01,66051.0,67314.24,41436.01588,780.5727435180597,1042.119828679733,-261.5470851616733
2024-06-12,67314.23,69999.0,66905.0,68263.99,37175.32356,664.2791453769314,966.5516920191727,-302.2725466422413
2024-06-13,68263.98,68449.3,66251.78,66773.01,29079.55571,446.6572192506719,862.5727974654726,-415.9155782148007
2024-06-14,66773.01,67370.24,65078.0,66043.99,28408.18797,212.9101578212576,732.6402695366297,-519.7301117153721
2024-06-15,66043.99,66478.48,65857.1,66228.25,11451.80242,42.04747256664268,594.5217101426324,-552.4742375759897
2024-06-16,66228.25,66998.7,66034.5,66676.87,9392.52223,-56.511126679193694,464.3151427782672,-520.826269457461
2024-06-17,66676.86,67298.81,65130.0,66504.33,27386.16851,-146.8492756418418,342.0822590942454,-488.9315347360872
2024-06-18,66504.33,66588.23,64060.0,65175.32,42350.10244,-321.97142339727725,209.2715225959409,-531.2429459932182
2024-06-19,65175.32,65727.54,64666.0,64974.37,20060.79576,-471.5363947339065,73.10993912997142,-544.6463338638779
2024-06-20,64974.37,66482.94,64559.15,64869.99,24265.29031,-591.6699033909827,-59.8460293742194,-531.8238740167633
2024-06-21,64869.99,65066.66,63379.35,64143.56,25993.56442,-736.9977531548939,-195.2763741303543,-541.7213790245396
2024-06-22,64143.56,64546.81,63943.82,64262.01,7308.95542,-833.0107664667448,-322.8232525976324,-510.1875138691124
2024-06-23,64262.01,64521.0,63178.32,63210.01,8224.45447,-982.6618650276796,-454.79097508364185,-527.8708899440378
2024-06-24,63210.01,63369.8,58402.0,60293.3,52161.35414,-1321.3834737004727,-628.1094748070082,-693.2739988934645
2024-06-25,60293.3,62420.0,60257.06,61806.01,31189.24361,-1451.033127518749,-792.6942053493564,-658.3389221693927
2024-06-26,61806.01,62487.81,60712.0,60864.99,22485.66463,-1611.1416240713152,-956.3836890937482,-654.757934977567
2024-06-27,60864.98,62389.22,60606.63,61706.47,18344.28631,-1651.0955558538553,-1095.3260624457698,-555.7694934080855
2024-06-28,61706.46,62225.31,60063.0,60427.84,24821.19255,-1765.5815644486793,-1229.3771628463517,-536.2044016023276
2024-06-29,60427.84,61224.0,60383.77,60986.68,11509.55904,-1790.578163040649,-1341.6173628852112,-448.96080015543794
2024-06-30,60986.68,63058.76,60712.21,62772.01,17326.30136,-1647.337456375768,-1402.7613815833226,-244.5760747924453
2024-07-01,62772.01,63861.76,62497.2,62899.99,24547.10538,-1506.129524300719,-1423.435010126802,-82.69451417391701
2024-07-02,62900.0,63288.83,61806.28,62135.47,18573.11875,-1439.3200102897754,-1426.6120101593967,-12.70800013037865
2024-07-03,62135.46,62285.94,59400.0,60208.58,32160.11127,-1524.285889508661,-1446.1467860292496,-78.13910347941146
2024-07-04,60208.57,60498.19,56771.0,57050.01,54568.77276,-1825.4495169364673,-1522.0073322106932,-303.44218472577404
2024-07-05,57050.02,57546.0,53485.93,56628.79,81348.24756,-2074.202677833615,-1632.4464013352776,-441.75627649833723
2024-07-06,56628.79,58475.0,56018.0,58230.13,21651.31558,-2117.7148958831312,-1729.5001002448485,-388.2147956382828
2024-07-07,58230.13,58449.46,55724.37,55857.81,19118.93918,-2316.9170622081656,-1846.983492637512,-469.9335695706536
2024-07-08,55857.81,58236.73,54260.16,56714.62,48090.2049,-2378.234006625702,-1953.23359543515,-425.0004111905521
2024-07-09,56714.61,58296.0,56289.45,58050.0,27732.20788,-2292.6459259656403,-2021.1160615412482,-271.52986442439214
2024-07-10,58050.0,59470.0,57157.79,57725.85,24951.73799,-2225.3208379731004,-2061.9570168276186,-163.36382114548178
2024-07-11,57725.85,59650.0,57050.0,57339.89,29761.05735,-2178.0023121900886,-2085.1660759001124,-92.83623628997611
2024-07-12,57339.89,58526.68,56542.47,57889.1,23652.4569,-2072.297230027434,-2082.592306725577,10.29507669814302
2024-07-13,57889.09,59850.0,57756.63,59204.02,15357.74519,-1860.9700319794574,-2038.2678517763534,177.29781979689596
2024-07-14,59204.01,61420.69,59194.01,60797.91,21178.33907,-1547.0447339990787,-1940.0232282208985,392.9784942218198
2024-07-15,60797.91,64900.0,60632.3,64724.14,38690.9782,-970.2581930287124,-1746.0702211824614,775.812028153749
2024-07-16,64724.06,65388.97,62373.24,65043.99,42530.52915,-481.7877328037357,-1493.2137235067164,1011.4259907029807
2024-07-17,65044.0,66128.63,63854.0,64087.99,29567.52954,-169.8546060428198,-1228.5419000139373,1058.6872939711175
2024-07-18,64087.99,65133.3,63238.48,63987.92,22568.7225,68.49031784157705,-969.1354564428344,1037.6257742844114
2024-07-19,63987.92,67386.0,63300.67,66660.0,35634.72739,467.6046562941192,-681.7874338954437,1149.3920901895629
2024-07-20,66660.01,67598.0,66222.46,67139.96,14386.92434,813.2596547251014,-382.7780161713346,1196.037670896436
2024-07-21,67139.97,68366.66,65777.0,68165.34,21819.11191,1156.600754296669,-74.9022620777339,1231.503016374403
2024-07-22,68165.35,68474.55,66559.97,67532.01,21451.04303,1361.8975046242922,212.45769126267135,1149.439813361621
2024-07-23,67532.0,67750.98,65441.08,65936.01,31406.15316,1379.9060981331204,445.94737263676114,933.9587254963592
2024-07-24,65936.0,67102.01,65111.0,65376.0,23082.56277,1333.6168070288331,623.4812595151756,710.1355475136576
2024-07-25,65376.01,66175.49,63456.7,65799.95,35126.42934,1315.971729302917,761.9793534727239,553.9923758301932
2024-07-26,65799.95,68200.0,65722.63,67907.99,24244.36023,1455.3131444258834,900.6461116633559,554.6670327625275
2024-07-27,67908.0,69399.99,66650.0,67896.5,31710.21921,1546.982422434754,1029.9133738176356,517.0690486171184
2024-07-28,67896.49,68318.43,67066.66,68249.88,10868.69394,1629.3635100777683,1149.8034010696622,479.5601090081061
2024-07-29,68249.88,70079.99,66428.0,66784.69,36467.29633,1558.4575985721167,1231.534240570153,326.9233580019636
2024-07-30,66784.68,67000.0,65302.67,66188.0,23132.25441,1437.5451311694342,1272.7364186900095,164.80871247942468
2024-07-31,66188.0,66849.24,64530.0,64628.0,22625.43905,1201.986415897598,1258.5864181315274,-56.600002233929445
2024-08-01,64628.01,65659.78,62302.0,65354.02,35542.26854,1061.6501413581645,1219.1991627768548,-157.54902141869024
2024-08-02,65354.02,65596.14,61230.01,61498.33,38820.42937,632.0250813473976,1101.7643464909634,-469.7392651435657
2024-08-03,61498.34,62198.22,59850.0,60697.99,28034.71567,224.3768995002465,926.28685709282,-701.9099575925735
2024-08-04,60697.99,61117.63,57122.77,58161.0,31616.52003,-299.9435495196012,681.0407757703358,-980.984325289937
2024-08-05,58161.0,58305.59,49000.0,54018.81,162065.59186,-1037.748875110432,337.2828455941822,-1375.0317207046141
2024-08-06,54018.82,57040.99,53950.0,56022.01,55884.77676,-1444.1758524239267,-19.008894009439587,-1425.166958414487
2024-08-07,56022.0,57736.05,54558.62,55134.16,44269.37684,-1816.9693434538858,-378.6009838983289,-1438.368359555557
2024-08-08,55133.76,62745.14,54730.0,61685.99,48349.52949,-1565.684707155946,-616.0177285498523,-949.6669786060936
2024-08-09,61686.0,61744.37,59535.0,60837.99,30972.48017,-1418.6134427384022,-776.5368713875623,-642.0765713508399
2024-08-10,60837.99,61470.58,60242.0,60923.51,9995.20621,-1280.3980254000053,-877.3091021900509,-403.0889232099544
2024-08-11,60923.51,61858.0,58286.73,58712.59,19189.84512,-1333.8878491331707,-968.6248515786749,-365.26299755449577
2024-08-12,58712.59,60711.09,57642.21,59346.64,37009.91743,-1310.0153423812808,-1036.9029497391962,-273.1123926420846
2024-08-13,59346.64,61578.1,58392.88,60587.15,27858.95851,-1177.4247990015283,-1065.0073195916625,-112.41747940986579
2024-08-14,60587.16,61800.0,58433.18,58683.39,28422.76326,-1211.992267305126,-1094.4043091343553,-117.58795817077066
2024-08-15,58683.39,59849.38,56078.54,57541.06,37686.17622,-1316.389203813007,-1138.8012880700858,-177.58791574292127
2024-08-16,57541.05,59817.76,57098.62,58874.6,27610.84344,-1276.800829808497,-1166.401196417768,-110.39963339072892
2024-08-17,58874.59,59700.0,58785.05,59491.99,7721.72931,-1181.9833763313509,-1169.5176324004847,-12.46574393086621
2024-08-18,59491.99,60284.99,58408.92,58427.35,13634.85717,-1179.154848663151,-1171.445075653018,-7.709773010132949
2024-08-19,58427.35,59617.63,57787.3,59438.5,22809.31251,-1082.8395651776664,-1153.7239735579478,70.88440838028146
2024-08-20,59438.5,61400.0,58548.23,59013.8,31477.44548,-1028.9180232425642,-1128.7627834948712,99.84476025230697
2024-08-21,59013.8,61820.93,58783.47,61156.03,27983.6422,-804.0560969601574,-1063.8214461879284,259.7653492277709
2024-08-22,61156.03,61400.0,59724.87,60375.84,21241.20588,-680.956569565562,-987.248470863455,306.2919012978931
2024-08-23,60375.83,64955.0,60342.14,64037.24,38118.07089,-284.67338919013855,-846.7334545287918,562.0600653386532
2024-08-24,64037.24,64494.5,63531.0,64157.01,15857.15616,38.60332921443478,-669.6660977801464,708.2694269945812
2024-08-25,64157.02,65000.0,63773.27,64220.0,12305.47977,296.4677287711238,-476.4393324698924,772.9070612410162
2024-08-26,64219.99,64481.0,62800.0,62834.0,19470.05276,384.55558906458464,-304.240348162997,688.7959372275816
2024-08-27,62834.0,63212.0,58034.01,59415.0,35135.94178,176.4471538065918,-208.10284776907926,384.5500015756711
2024-08-28,59415.0,60234.98,57860.0,59034.9,36868.54275,-18.93292685202323,-170.26886358566807,151.33593673364484
2024-08-29,59034.9,61166.99,58713.09,59359.01,27020.90743,-145.93779999650724,-165.40265086783592,19.46485087132868
2024-08-30,59359.0,59944.07,57701.1,59123.99,28519.32195,-262.5279678447914,-184.82771426322702,-77.7002535815644
2024-08-31,59123.99,59462.38,58744.0,58973.99,8798.409,-362.8475811977769,-220.431687650137,-142.41589354763988
2024-09-01,58974.0,59076.59,57201.0,57301.86,20705.15741,-570.6998414464324,-290.4853184093961,-280.2145230370363
2024-09-02,57301.77,59425.69,57128.0,59132.13,22895.01461,-581.03890755069,-348.5960362376549,-232.44287131303514
2024-09-03,59132.12,59809.65,57415.0,57487.73,22828.18447,-713.6949974323652,-421.615828476597,-292.0791689557682
2024-09-04,57487.74,58519.0,55606.0,57970.9,35560.82146,-770.951079277751,-491.4828786368278,-279.46820064092316
2024-09-05,57970.9,58327.07,55643.65,56180.0,27806.91413,-949.8878832389237,-583.163879557247,-366.72400368167666
2024-09-06,56180.0,57008.0,52550.0,53962.97,54447.76826,-1256.1126967898308,-717.7536430037638,-538.359053786067
2024-09-07,53962.97,54850.0,53745.54,54160.86,16694.04774,-1465.9316510329663,-867.3892446096042,-598.5424064233621
2024-09-08,54160.86,55318.0,53629.01,54869.95,16274.14779,-1557.048362750138,-1005.3210682377111,-551.727294512427
2024-09-09,54869.95,58088.0,54591.96,57042.0,32384.51737,-1437.4230130955038,-1091.7414572092698,-345.68155588623404
2024-09-10,57042.01,58044.36,56386.4,57635.99,23626.78126,-1279.934741849327,-1129.3801141372815,-150.55462771204566
2024-09-11,57635.99,57981.71,55545.19,57338.0,33026.56757,-1165.731626293491,-1136.6504165685233,-29.08120972496772
2024-09-12,57338.0,58588.0,57324.0,58132.32,31074.40631,-999.6070015555306,-1109.2417335659247,109.63473201039415
2024-09-13,58132.31,60625.0,57632.62,60498.0,29825.23333,-669.3456345778613,-1021.2625137683121,351.9168791904508
2024-09-14,60497.99,60610.45,59400.0,59993.03,12137.90901,-443.2484879762269,-905.6597086098951,462.4112206336682
2024-09-15,59993.02,60395.8,58691.05,59132.0,13757.92361,-329.7417379267936,-790.476114473275,460.73437654648137
2024-09-16,59132.0,59210.7,57493.3,58213.99,26477.5642,-310.28577435043553,-694.438046448707,384.1522720982715
2024-09-17,58213.99,61320.0,57610.01,60313.99,33116.25878,-123.9851103022811,-580.3474592194219,456.3623489171408
2024-09-18,60313.99,61786.24,59174.8,61759.99,36087.02469,138.7403115052657,-436.5299050744844,575.2702165797501
2024-09-19,61759.98,63850.0,61555.0,62947.99,34332.52608,437.76746179317706,-261.6704317009521,699.4378934941292
2024-09-20,62948.0,64133.32,62350.0,63201.05,25466.37794,687.2463121692417,-71.88708292691334,759.133395096155
2024-09-21,63201.05,63559.9,62758.0,63348.96,8375.34608,886.6741714420132,119.82516794687197,766.8490034951412
2024-09-22,63348.97,64000.0,62357.93,63578.76,14242.19892,1051.1481447019687,306.08976329789135,745.0583814040774
2024-09-23,63578.76,64745.88,62538.75,63339.99,24078.05287,1148.9834440400882,474.66849944633077,674.3149445937574
2024-09-24,63339.99,64688.0,62700.0,64262.7,23185.04759,1286.1476991449963,636.964339386064,649.1833597589323
2024-09-25,64262.7,64817.99,62947.08,63152.01,17813.11168,1290.3535662597205,767.6421847607953,522.7113814989252
2024-09-26,63152.01,65839.0,62670.0,65173.99,28373.30593,1440.2414272042006,902.1620332494764,538.0793939547242
2024-09-27,65173.99,66498.0,64819.9,65769.95,22048.80487,1588.8028974347253,1039.490206086526,549.3126913481992
2024-09-28,65769.95,66260.0,65422.23,65858.0,9127.23316,1694.1151274166477,1170.4151903525506,523.6999370640972
2024-09-29,65858.0,66076.12,65432.0,65602.01,8337.74111,1736.8976993122706,1283.7116921444947,453.18600716777587
2024-09-30,65602.01,65618.8,62856.3,63327.59,30011.08752,1569.1878886970153,1340.806931454999,228.3809572420164
2024-10-01,63327.6,64130.63,60164.0,60805.78,43671.48108,1218.738801876556,1316.3933055393104,-97.65450366275445
2024-10-02,60804.92,62390.31,60000.0,60649.28,31534.70118,917.7973372522465,1236.6741118818977,-318.8767746296512
2024-10-03,60649.27,61477.19,59828.11,60752.71,26221.43472,679.8085847716284,1125.3010064598438,-445.4924216882155
2024-10-04,60752.72,62484.85,60459.9,62086.0,21294.65994,591.9623703236139,1018.6332792325979,-426.6709089089841
2024-10-05,62086.0,62370.56,61689.26,62058.0,7807.46141,514.1573604817313,917.7380954824247,-403.5807350006934
2024-10-06,62058.01,62975.0,61798.97,62819.91,8906.86177,508.1188215972725,835.8142407053942,-327.69541910812177
2024-10-07,62819.91,64478.19,62128.0,62224.0,25966.1852,450.0602646752959,758.6634454993746,-308.60318082407866
2024-10-08,62224.01,63200.0,61860.31,62160.49,19702.22371,394.3775746119136,685.8062713218825,-291.4286967099689
2024-10-09,62160.5,62543.75,60301.0,60636.02,20011.15684,224.6470616037186,593.5744293782498,-368.92736777453115
2024-10-10,60636.01,61321.68,58946.0,60326.39,23967.92481,64.40740541092964,487.74102458478575,-423.3336191738561
2024-10-11,60326.4,63417.56,60087.64,62540.0,23641.35209,114.7138012096184,413.1355799097523,-298.4217787001339
2024-10-12,62539.99,63480.0,62487.23,63206.22,10911.30116,205.96611927173217,371.7016877821483,-165.73556851041616
2024-10-13,63206.23,63285.72,62050.0,62870.02,11909.21995,248.29353519764118,347.0200572652469,-98.72652206760574
2024-10-14,62870.02,66500.0,62457.81,66083.99,37669.95222,535.0115558211037,384.61835697641834,150.39319884468534
2024-10-15,66084.0,67950.0,64800.01,67074.14,43683.95423,832.5375086648855,474.2021873141118,358.3353213507737
2024-10-16,67074.14,68424.0,66750.49,67620.01,29938.25544,1099.6994659223783,599.3016430357651,500.3978228866132
2024-10-17,67620.0,67939.4,66666.0,67421.78,25328.22861,1280.6689826805596,735.575110964724,545.0938717158356
2024-10-18,67421.78,69000.0,67192.36,68428.0,28725.635,1488.1279603950243,886.085680850784,602.0422795442403
2024-10-19,68427.99,68693.26,68010.0,68378.0,8193.66737,1629.7197183149692,1034.8124883436212,594.907229971348
2024-10-20,68377.99,69400.0,68100.0,69031.99,12442.47378,1774.2512697529164,1182.7002446254803,591.5510251274361
2024-10-21,69032.0,69519.52,66840.67,67377.5,31374.42184,1735.2867443011273,1293.21754456061,442.06919974051743
2024-10-22,67377.5,67836.01,66571.42,67426.0,24598.96268,1688.8525805505778,1372.3445517586035,316.5080287919743
2024-10-23,67426.01,67472.83,65260.0,66668.65,25530.2407,1572.8109698565531,1412.4378353781935,160.3731344783596
2024-10-24,66668.65,68850.0,66510.0,68198.28,22589.83877,1585.9931726477662,1447.148902832108,138.8442698156582
2024-10-25,68198.27,68771.49,65596.29,66698.33,34479.71125,1458.592981983922,1449.4377186624708,9.15526332145123
2024-10-26,66698.32,67454.55,66439.9,67092.76,11842.9077,1373.620376968276,1434.274250323632,-60.65387335535593
2024-10-27,67092.76,68332.05,66913.73,68021.7,8653.19592,1365.4960809934128,1420.5186164575882,-55.02253546417546
2024-10-28,68021.69,70270.0,67618.0,69962.21,29046.75459,1498.3682014576334,1436.0885334575974,62.279668000036054
2024-10-29,69962.21,73620.12,69760.0,72736.42,50128.60594,1806.6993704656925,1510.2107008592166,296.4886696064759
2024-10-30,72736.41,72961.0,71436.0,72344.74,26885.99056,1996.435079854171,1607.4555766582075,388.9795031959634
2024-10-31,72344.75,72700.0,69685.76,70292.01,29352.10297,1958.5864751886838,1677.681756364303,280.9047188243808
2024-11-01,70292.01,71632.95,68820.14,69496.01,38301.86755,1843.1143607050326,1710.7682772324492,132.34608347258336
2024-11-02,69496.0,69914.37,69000.14,69374.74,10521.67243,1721.966642967629,1713.0079503794855,8.958692588143549
2024-11-03,69374.74,69391.0,67478.73,68775.99,24995.70243,1559.6632556466793,1682.3390114329243,-122.67575578624496
2024-11-04,68775.99,69500.0,66835.0,67850.01,29800.39187,1340.8611914419744,1614.0434474347344,-273.18225599276
2024-11-05,67850.01,70577.91,67476.63,69372.01,33355.06888,1275.5677087580407,1546.3482996993957,-270.78059094135506
2024-11-06,69372.01,76400.0,69298.0,75571.99,104126.994787,1704.4607612562977,1577.9707920107762,126.48996924552148
2024-11-07,75571.99,76849.99,74416.0,75857.89,44869.422345,2043.8708649371983,1671.1508065960606,372.7200583411377
2024-11-08,75857.89,77199.99,75555.0,76509.78,36521.099583,2338.501107251999,1804.6208667272483,533.8802405247509
2024-11-09,76509.78,76900.0,75714.66,76677.46,16942.07915,2556.0633642536122,1954.9093662325213,601.153998021091
2024-11-10,76677.46,81500.0,76492.0,80370.01,61830.100435,2991.9515899471444,2162.3178109754463,829.6337789716981
2024-11-11,80370.01,89530.54,80216.01,88647.99,82323.665776,3959.7148255765787,2521.797213895673,1437.9176116809058
2024-11-12,88648.0,89940.0,85072.0,87952.01,97299.887911,4617.289157473409,2940.8956026112205,1676.393554862189
2024-11-13,87952.0,93265.64,86127.99,90375.2,86763.854127,5273.166948475511,3407.349871784079,1865.8170766914322
2024-11-14,90375.21,91790.0,86668.21,87325.59,56729.51086,5483.664511813622,3822.6127997899875,1661.0517120236345
2024-11-15,87325.59,91850.0,87073.38,91032.07,47927.95068,5881.765970134758,4234.443433858942,1647.3225362758167
2024-11-16,91032.08,91779.66,90056.17,90586.92,22717.87689,6091.129608760908,4605.780668839335,1485.3489399215732
2024-11-17,90587.98,91449.99,88722.0,89855.99,23867.55609,6127.438560861032,4910.112247243675,1217.3263136173573
2024-11-18,89855.98,92594.0,89376.9,90464.08,46545.03448,6134.56598987554,5155.002995770048,979.5629941054922
2024-11-19,90464.07,93905.51,90357.0,92310.79,43660.04682,6217.55647141255,5367.513690898549,850.0427805140016
2024-11-20,92310.8,94831.97,91500.0,94286.56,42203.198712,6369.333441603507,5567.87764103954,801.4558005639665
2024-11-21,94286.56,98988.0,94040.0,98317.12,69228.360477,6737.188179598088,5801.73974875125,935.4484308468382
2024-11-22,98317.12,99588.01,97122.11,98892.0,46189.309243,6994.475758601271,6040.2869507212545,954.1888078800166
2024-11-23,98892.0,98908.85,97136.0,97672.4,24757.84367,7019.055192195199,6236.040599016044,783.0145931791549
2024-11-24,97672.4,98564.0,95734.77,97900.04,31200.97838,6976.482666467418,6384.12901250632,592.3536539610986
2024-11-25,97900.05,98871.8,92600.19,93010.01,50847.45096,6473.536184299301,6402.010446864916,71.52573743438461
2024-11-26,93010.01,94973.37,90791.1,91965.16,57858.73138,5922.367445457625,6306.081846583458,-383.7144011258333
2024-11-27,91965.16,97208.21,91792.14,95863.11,41153.42734,5733.996297414051,6191.664736749577,-457.6684393355263
2024-11-28,95863.11,96564.0,94640.0,95643.98,28814.54357,5503.586921625916,6054.049173724845,-550.4622520989287
2024-11-29,95643.99,98619.99,95364.99,97460.0,27701.78231,5405.215508440058,5924.282440667888,-519.06693222783
2024-11-30,97460.0,97463.95,96092.01,96407.99,14503.83306,5182.624965249532,5775.950945584217,-593.3259803346855
2024-12-01,96407.99,97836.0,95693.88,97185.18,16938.60452,5011.167474541857,5622.994251375745,-611.8267768338883
2024-12-02,97185.17,98130.0,94395.0,95840.62,37958.66981,4712.469013451322,5440.889203790861,-728.4201903395387
2024-12-03,95840.61,96305.52,93578.17,95849.69,35827.32283,4425.466184808291,5237.804599994347,-812.3384151860564
2024-12-04,95849.69,99000.0,94587.83,98587.32,43850.53728,4368.560194449121,5063.955718885301,-695.3955244361805
2024-12-05,98587.32,104088.0,90500.0,96945.63,109921.729662,4143.230541666897,4879.810683441621,-736.5801417747243
2024-12-06,96945.63,101898.99,95981.72,99740.84,45049.5331,4142.453628043571,4732.339272362012,-589.8856443184404
2024-12-07,99740.84,100439.18,98844.0,99831.99,14931.9459,4101.908711352444,4606.253160160099,-504.34444880765477
2024-12-08,99831.99,101351.0,98657.7,101109.59,14612.99688,4125.314161678747,4510.065360463828,-384.7511987850812
2024-12-09,101109.6,101215.93,94150.05,97276.47,53949.11595,3790.8636835961806,4366.225025090299,-575.3613414941183
2024-12-10,97276.48,98270.0,94256.54,96593.0,51708.68933,3431.107284145779,4179.201476901395,-748.094192755616
2024-12-11,96593.0,101888.0,95658.24,101125.0,37753.78291,3471.672985041936,4037.6957785295035,-566.0227934875675
2024-12-12,101125.0,102540.0,99311.64,100004.29,29232.08745,3374.490636911665,3905.054750205936,-530.564113294271
2024-12-13,100004.29,101895.26,99205.0,101424.25,21904.03923,3373.1680492094747,3798.677410006644,-425.5093607971694
2024-12-14,101424.24,102650.0,100609.41,101420.0,14191.70326,3333.352140904797,3705.6123561862746,-372.2602152814775
2024-12-15,101420.0,105250.0,101237.14,104463.99,22228.921775,3506.995835071735,3665.889051963367,-158.8932168916317
2024-12-16,104463.99,107793.07,103333.0,106058.66,41302.40274,3730.285842352707,3678.7684100412353,51.517432311471566
2024-12-17,106058.65,108353.0,105321.49,106133.74,29064.936466,3868.707063528942,3716.7561407387766,151.95092279016535
2024-12-18,106133.74,106524.98,100000.0,100204.01,50307.99755,3460.042013868966,3665.4133153648145,-205.37130149584846
2024-12-19,100204.01,102800.11,95700.0,97461.86,55147.398,2881.685157139713,3508.6676837197947,-626.9825265800819
2024-12-20,97461.86,98233.0,92232.54,97805.44,62884.1357,2423.124939962785,3291.559134968393,-868.4341950056082
2024-12-21,97805.44,99540.61,96398.39,97291.99,23483.54143,1995.2811807505059,3032.3035441248157,-1037.0223633743099
2024-12-22,97292.0,97448.08,94250.35,95186.27,19353.83036,1469.3600454046973,2719.714844380792,-1250.3547989760946
2024-12-23,95186.28,96538.92,92520.0,94881.47,32810.76703,1016.2541981063696,2379.0227151259073,-1362.7685170195377
2024-12-24,94881.47,99487.99,93569.02,98663.58,23674.22488,951.3822756007721,2093.4946272208804,-1142.1123516201083
2024-12-25,98663.58,99569.15,97632.02,99429.6,14474.1651,950.8217405824107,1864.9600498931866,-914.1383093107759
2024-12-26,99429.61,99963.7,95199.14,95791.6,21192.36727,649.3361733676429,1621.835274588078,-972.499101220435
2024-12-27,95791.6,97544.58,93500.01,94299.03,26501.26429,286.664276850468,1354.801075040556,-1068.136798190088
2024-12-28,94299.03,95733.99,94135.66,95300.0,8385.8929,79.10225790567347,1099.6613116135795,-1020.5590537079061
2024-12-29,95300.0,95340.0,93009.52,93738.2,13576.00578,-209.00704192751436,837.9276409053608,-1046.9346828328753
2024-12-30,93738.19,95024.5,91530.45,92792.05,27619.4225,-507.82820798567263,568.7764711271541,-1076.6046791128267
2024-12-31,92792.05,96250.0,92033.73,93576.0,19612.03389,-673.6228171994735,320.29661346182854,-993.919430661302
2025-01-01,93576.0,95151.15,92888.0,94591.79,10373.32613,-714.8105843362282,113.2751739022172,-828.0857582384454
2025-01-02,94591.78,97839.5,94392.0,96984.79,21970.48948,-548.0396260036359,-18.98778607895342,-529.0518399246826
2025-01-03,96984.79,98976.91,96100.01,98174.18,15253.82936,-316.25303897949925,-78.4408366590626,-237.81220232043665
2025-01-04,98174.17,98778.43,97514.79,98220.5,8990.05651,-127.35479514031613,-88.22362835531331,-39.13116678500282
2025-01-05,98220.51,98836.85,97276.79,98363.61,8095.63723,33.50992348174623,-63.87691798790141,97.38684146964763
2025-01-06,98363.61,102480.0,97920.0,102235.6,25263.43375,468.0383506245853,42.50613573459594,425.53221488998935
2025-01-07,102235.6,102724.38,96181.81,96954.61,32059.87537,381.8715245897911,110.37921350563497,271.4923110841561
2025-01-08,96954.6,97268.65,92500.9,95060.61,33704.67894,158.92177171818912,120.08772514814581,38.83404657004331
2025-01-09,95060.61,95382.32,91203.67,92552.49,34544.83685,-217.64298362814588,52.54158339288747,-270.18456702103333
2025-01-10,92552.49,95836.0,92206.02,94726.11,31482.86424,-336.7979003966029,-25.32631336501062,-311.4715870315923
2025-01-11,94726.1,95050.94,93831.73,94599.99,7047.9043,-436.37559415654687,-107.53616952331788,-328.839424633229
2025-01-12,94599.99,95450.1,93711.19,94545.06,8606.86622,-513.8012448897643,-188.78918459660719,-325.01206029315716
2025-01-13,94545.07,95940.0,89256.69,94536.1,42619.56423,-569.3218402518105,-264.8957157276479,-304.4261245241626
2025-01-14,94536.11,97371.0,94346.22,96560.86,27846.61753,-444.81356778329064,-300.8792861387764,-143.93428164451421
2025-01-15,96560.85,100681.94,96500.0,100497.35,30509.99179,-28.17325667224941,-246.33808024547102,218.1648235732216
2025-01-16,100497.35,100866.66,97335.13,99987.3,27832.85317,257.8876509694237,-145.4929340024921,403.3805849719158
2025-01-17,99987.3,105865.22,99950.77,104077.48,39171.85292,805.3527193385962,44.676196665725584,760.6765226728706
2025-01-18,104077.47,104988.88,102277.55,104556.23,24307.82998,1263.2914171282464,288.3992407582298,974.8921763700166
2025-01-19,104556.23,106422.43,99651.6,101331.57,43397.28298,1350.4409790189675,500.8075884103773,849.6333906085902
2025-01-20,101331.57,109588.0,99550.0,102260.01,89529.231732,1477.39449925792,696.1249705798859,781.269528678034
2025-01-21,102260.0,107240.81,100119.04,106143.82,45941.02002,1869.8427045817953,930.8685173802678,938.9741872015275
2025-01-22,106143.82,106394.46,103339.12,103706.66,22248.69254,1961.5902990140894,1137.0128737070322,824.5774253070572
2025-01-23,103706.66,106850.0,101262.28,103910.34,53953.12031,2027.3659892500727,1315.0834968156405,712.2824924344322
2025-01-24,103910.35,107120.0,102750.0,104870.5,23609.24017,2132.3897238879435,1478.5447422301013,653.8449816578423
2025-01-25,104870.51,105286.52,104106.09,104746.85,9068.32377,2180.508721408929,1618.9375380658669,561.5711833430621
2025-01-26,104746.86,105500.0,102520.44,102620.0,9812.51238,2023.69644059024,1699.8893185707416,323.80712201949837
2025-01-27,102620.01,103260.0,97777.77,102082.83,50758.1341,1834.9245802269725,1726.896370901988,108.02820932498457
2025-01-28,102082.83,103800.0,100272.68,101335.52,22022.05765,1606.5011046691216,1702.8173176554146,-96.31621298629307
2025-01-29,101335.52,104782.68,101328.01,103733.24,23155.35802,1600.500249406774,1682.3539040056867,-81.85365459891273
2025-01-30,103733.25,106457.44,103278.54,104722.94,19374.07472,1656.5098328974273,1677.185089784035,-20.675256886607713
2025-01-31,104722.94,106012.0,101560.0,102429.56,21983.18193,1498.5666879639466,1641.4614094200174,-142.89472145607078
2025-02-01,102429.56,102783.71,100279.51,100635.65,12290.95747,1214.6404440649058,1556.097216348995,-341.4567722840893
2025-02-02,100635.66,101456.6,96150.0,97700.59,34619.49939,744.2132108782971,1393.7204152548557,-649.5072043765585
2025-02-03,97700.59,102500.01,91231.0,101328.52,75164.7385,656.5713249243709,1246.2905971887587,-589.7192722643879
2025-02-04,101328.51,101732.31,96150.0,97763.13,40267.98697,296.0051598616119,1056.2335097233295,-760.2283498617176
2025-02-05,97763.14,99149.0,96155.0,96612.43,26233.30444,-81.65670917459647,828.6554659437444,-910.3121751183409
2025-02-06,96612.44,99120.0,95676.64,96554.35,23515.20405,-381.24823951150756,586.6747248526941,-967.9229643642017
2025-02-07,96554.35,100137.99,95620.34,96506.8,31794.22065,-615.4194015759131,346.2558995669727,-961.6753011428857
2025-02-08,96506.8,96880.0,95688.0,96444.74,10147.24294,-796.8241649987176,117.63988665383462,-914.4640516525523
2025-02-09,96444.75,97323.09,94713.0,96462.75,14120.91613,-928.4330917260086,-91.57470902213403,-836.8583827038746
2025-02-10,96462.75,98345.0,95256.0,97430.82,20572.87537,-943.7401073473739,-262.007788687182,-681.7323186601918
2025-02-11,97430.82,98478.42,94876.88,95778.2,18647.76379,-1076.8108448587445,-424.96839992149455,-651.84244493725
2025-02-12,95778.21,98119.99,94088.23,97869.99,29151.16625,-1001.9307577823638,-540.3608714936685,-461.56988628869533
2025-02-13,97870.0,98083.91,95217.36,96608.14,19921.77616,-1032.506407420151,-638.789978678965,-393.71642874118595
2025-02-14,96608.13,98826.0,96252.82,97500.48,18173.02646,-973.5114160261728,-705.7342661484066,-267.7771498777662
2025-02-15,97500.47,97972.26,97223.58,97569.66,7349.37683,-910.6774892528192,-746.7229107692892,-163.95457848352999
2025-02-16,97569.67,97704.47,96046.18,96118.12,8191.4249,-966.8629028719588,-790.7509091898232,-176.11199368213556
2025-02-17,96118.12,97046.59,95205.0,95780.0,16492.0451,-1026.8369687801314,-837.9681211078849,-188.8688476722465
2025-02-18,95780.01,96753.91,93388.09,95671.74,23368.19471,-1070.7594766138209,-884.5263922090721,-186.23308440474875
2025-02-19,95671.74,96899.99,95029.99,96644.37,16438.50954,-1015.380592704445,-910.6972323081468,-104.68336039629821
2025-02-20,96644.37,98711.36,96415.09,98305.0,17057.39177,-827.9493806078826,-894.1476619680941,66.19828136021147
2025-02-21,98305.01,99475.0,94871.95,96181.98,32249.2814,-841.0239650837029,-883.5229225912159,42.498957507512955
2025-02-22,96181.99,96980.0,95770.49,96551.01,11268.17708,-812.2449761108146,-869.2673332951357,57.022357184321095
2025-02-23,96551.01,96650.0,95227.94,96258.0,10884.84913,-803.8149992675462,-856.1768664896179,52.36186722207162
2025-02-24,96258.0,96500.0,91349.26,91552.88,31550.10299,-1163.3872396408551,-917.6189411198654,-245.76829852098967
2025-02-25,91552.88,92540.69,86050.99,88680.4,78333.11111,-1660.9891118462692,-1066.2929752651462,-594.696136581123
2025-02-26,88680.39,89414.15,82256.01,84250.09,56893.54409,-2385.3345204192156,-1330.10128429596,-1055.2332361232554
2025-02-27,84250.09,87078.46,82716.49,84708.58,42505.45439,-2889.0836066752963,-1641.8977487718275,-1247.1858579034688
2025-02-28,84708.57,85120.0,78258.52,84349.94,83648.03969,-3279.4442456887336,-1969.407048155209,-1310.0371975335247
2025-03-01,84349.95,86558.0,83824.78,86064.53,25785.05464,-3411.133358925028,-2257.752310309173,-1153.381048615855
2025-03-02,86064.54,95000.0,85050.6,94270.0,54889.09045,-2820.867868054047,-2370.375421858148,-450.492446195899
2025-03-03,94269.99,94416.46,85117.11,86220.61,59171.10218,-2968.379088960777,-2489.976155278674,-478.40293368210314
2025-03-04,86221.16,88967.52,81500.0,87281.98,55609.10706,-2965.4551840989734,-2585.071961042734,-380.38322305623933
2025-03-05,87281.98,91000.0,86334.53,90606.01,38264.01163,-2664.205228049439,-2600.898614444075,-63.306613605363964
2025-03-06,90606.0,92810.64,87836.0,89931.89,34342.44902,-2451.597823987264,-2571.038456352713,119.44063236544935
2025-03-07,89931.88,91283.02,84667.03,86801.75,57980.35713,-2506.7844125540723,-2558.1876475929853,51.40323503891295
2025-03-08,86801.74,86897.25,85218.47,86222.45,12989.23054,-2567.666390347964,-2560.083396143981,-7.582994203982707
2025-03-09,86222.46,86500.0,80000.0,80734.37,26115.39345,-3023.9003457095823,-2652.846786057102,-371.05355965248054
2025-03-10,80734.48,84123.46,77459.91,78595.86,47633.38405,-3517.4815888480807,-2825.773746615298,-691.7078422327827
2025-03-11,78595.86,83617.4,76606.0,82932.99,48770.06853,-3518.123399411299,-2964.2436771744983,-553.8797222368007
2025-03-12,82932.99,84539.85,80607.65,83680.12,31933.986,-3418.9335541327746,-3055.181652566154,-363.75190156662075
2025-03-13,83680.12,84336.33,79939.9,81115.78,27546.27412,-3506.8212416879687,-3145.509570390517,-361.31167129745154
2025-03-14,81115.78,85309.71,80818.84,83983.2,26858.52755,-3306.9752847390628,-3177.8027132602265,-129.1725714788363
2025-03-15,83983.19,84676.28,83618.0,84338.44,11324.7332,-3084.3762553946,-3159.1174216871013,74.74116629250148
2025-03-16,84338.44,85117.04,81981.12,82574.53,17596.12531,-3015.5364887526957,-3130.40123510022,114.86474634752449
2025-03-17,82574.52,84756.83,82456.0,84010.03,17214.74358,-2812.7242899449047,-3066.8658460691577,254.14155612425293
2025-03-18,84010.02,84021.74,81134.66,82715.03,17610.89883,-2725.076848828321,-2998.5080466209906,273.43119779266954
2025-03-19,82715.03,87000.0,82547.16,86845.94,28151.05374,-2295.82091235432,-2857.9706197676564,562.1497074133363
2025-03-20,86845.93,87453.67,83655.23,84223.39,22090.30463,-2142.552347739591,-2714.886965362043,572.3346176224522
2025-03-21,84223.38,84850.33,83175.25,84088.79,11956.97443,-2008.7909099617973,-2573.667754281994,564.8768443201966
2025-03-22,84088.79,84539.17,83625.1,83840.59,5420.22114,-1900.8992887972854,-2439.1140611850524,538.214772387767
2025-03-23,83840.59,86129.64,83809.75,86082.5,8461.97813,-1615.8643230553134,-2274.4641135591046,658.5997905037912
2025-03-24,86082.5,88765.43,85519.09,87498.16,30115.62111,-1261.201779262541,-2071.811646699792,810.6098674372511
2025-03-25,87498.16,88539.63,86310.0,87392.87,22643.25248,-977.3587973250542,-1852.9210768248447,875.5622794997905
2025-03-26,87392.88,88275.0,85860.0,86909.17,18408.78485,-782.4224576609122,-1638.821352992058,856.3988953311459
2025-03-27,86909.17,87756.39,85800.0,87232.01,17098.03897,-595.024442737049,-1430.0619709410564,835.0375282040075
2025-03-28,87232.01,87515.67,83585.0,84424.38,27182.73169,-665.3922151728912,-1277.1280197874235,611.7358046145323
2025-03-29,84424.38,84624.73,81644.81,82648.54,11696.39864,-854.603293689026,-1192.623074567744,338.01978087871794
2025-03-30,82648.53,83534.64,81565.0,82389.99,9864.49508,-1013.7315940228873,-1156.8447784587727,143.1131844358854
2025-03-31,82390.0,83943.08,81278.52,82550.01,20569.13885,-1114.0871387970255,-1148.2932505264232,34.20611172939766
2025-04-01,82550.0,85579.46,82432.74,85158.34,20190.39697,-971.9452193032921,-1113.023644281797,141.07842497850493
2025-04-02,85158.35,88500.0,82320.0,82516.29,39931.457,-1060.2659921295271,-1102.4721138513432,42.20612172181609
2025-04-03,82516.28,83998.02,81211.24,83213.09,27337.84135,-1061.7951903024514,-1094.336729141565,32.54153883911363
2025-04-04,83213.09,84720.0,81659.0,83889.87,32915.53976,-996.9049018020305,-1074.8503636736582,77.94546187162769
2025-04-05,83889.87,84266.0,82379.95,83537.99,9360.40468,-962.7743919876957,-1052.4351693364656,89.6607773487699
2025-04-06,83537.99,83817.63,77153.83,78430.0,27942.71436,-1332.537161882603,-1108.4555678456932,-224.0815940369098
2025-04-07,78430.0,81243.58,74508.0,79163.24,78387.53089,-1548.5596492716577,-1196.4763841308861,-352.0832651407716
2025-04-08,79163.24,80867.99,76239.9,76322.42,35317.32063,-1926.7787530748174,-1342.5368579196725,-584.2418951551449
2025-04-09,76322.42,83588.0,74620.0,82615.22,75488.28772,-1699.156925535135,-1413.860871442765,-285.29605409237
2025-04-10,82615.22,82753.21,78464.36,79607.3,33284.80718,-1741.4051583683176,-1479.3697288278756,-262.035429540442
2025-04-11,79607.3,84300.0,78969.58,83423.84,34435.43797,-1450.207219324584,-1473.5372269272173,23.33000760263326
2025-04-12,83423.83,85905.0,82792.95,85276.9,18470.74437,-1057.711657745327,-1390.3721130908393,332.6604553455122
2025-04-13,85276.91,86100.0,83034.23,83760.0,24680.04181,-859.1534638271405,-1284.1283832380996,424.97491941095905
2025-04-14,83760.0,85799.99,83678.0,84591.58,28659.09348,-627.4601385200076,-1152.794734294481,525.3345957744734
2025-04-15,84591.58,86496.42,83600.0,83643.99,20910.99528,-514.3747111310076,-1025.1107296617863,510.73601853077867
2025-04-16,83643.99,85500.0,83111.64,84030.38,20867.24519,-389.09006333469006,-897.906596396367,508.816533061677
2025-04-17,84030.38,85470.01,83736.26,84947.91,13728.84772,-213.30522459588246,-760.9863220362702,547.6810974403877
2025-04-18,84947.92,85132.08,84303.96,84474.69,6529.96315,-110.9009751612466,-630.9692526612655,520.0682775000189
2025-04-19,84474.7,85677.99,84364.45,85077.01,9666.58153,18.64242226089118,-501.0469176768342,519.6893399377254
2025-04-20,85077.0,85320.76,83949.52,85179.24,8091.67725,128.0791875088762,-375.22169663969214,503.30088414856834
2025-04-21,85179.24,88465.99,85144.76,87516.23,31773.37262,398.78720372870157,-220.4199165660134,619.207120294715
2025-04-22,87516.22,93888.0,87076.03,93442.99,43872.74705,1079.1257668214093,39.489220111471155,1039.636546709938
2025-04-23,93442.99,94696.05,91935.41,93691.08,27404.16808,1619.647481303473,355.5208723498715,1264.1266089536014
2025-04-24,93691.07,94005.0,91660.01,93980.47,19497.06071,2047.7608760537842,693.9688730906541,1353.79200296313
2025-04-25,93980.47,95758.04,92855.96,94638.68,27500.66648,2412.3478277692193,1037.6446640263673,1374.703163742852
2025-04-26,94638.68,95199.0,93870.69,94628.0,9415.06875,2669.649766261151,1364.0456844733242,1305.6040817878268
2025-04-27,94628.0,95369.0,93602.58,93749.3,11162.841,2770.720518455564,1645.3806512697722,1125.339867185792
2025-04-28,93749.29,95630.0,92800.01,95011.18,22157.53351,2918.994634636867,1900.1034479431914,1018.8911866936755
2025-04-29,95011.18,95461.53,93742.54,94256.82,16955.3402,2941.7220517631213,2108.4271687071778,833.2948830559435
2025-04-30,94256.82,95228.45,92910.0,94172.0,17661.2751,2919.2382668704377,2270.58938833983,648.6488785306078
2025-05-01,94172.0,97424.02,94130.43,96489.91,21380.45343,3053.2595947537193,2427.123429622608,626.1361651311113
2025-05-02,96489.9,97895.68,96350.0,96887.14,14905.74811,3155.154941730594,2572.7297320442053,582.4252096863888
2025-05-03,96887.13,96935.67,95753.01,95856.42,9723.34838,3116.80861880102,2681.545509395569,435.26310940545136
2025-05-04,95856.42,96304.48,94151.38,94277.62,11036.38342,2925.301857317143,2730.2967789798836,195.00507833725942
2025-05-05,94277.61,95199.0,93514.1,94733.68,17251.18189,2778.3050287207734,2739.898428928062,38.406599792711404
2025-05-06,94733.68,96920.65,93377.0,96834.02,16122.64513,2799.0234675273387,2751.7234366479174,47.30003087942123
2025-05-07,96834.02,97732.0,95784.61,97030.5,16644.83854,2799.0317775036965,2761.1851048190733,37.84667268462317
2025-05-08,97030.5,104145.76,96876.29,103261.6,34962.02847,3264.2082964025176,2861.7897431357624,402.4185532667552
2025-05-09,103261.61,104361.3,102315.14,102971.99,27617.39907,3568.361087033758,3003.1040119153618,565.2570751183962
2025-05-10,102971.99,104984.57,102818.76,104809.53,15324.78611,3912.576736821371,3184.998556896564,727.578179924807
2025-05-11,104809.53,104972.0,103345.06,104118.0,17987.12197,4082.5088073179795,3364.5006069808474,718.0082003371322
2025-05-12,104118.0,105819.45,100718.37,102791.32,31272.77792,4063.2901297034405,3504.2585115253664,559.031618178074
2025-05-13,102791.32,104976.25,101429.7,104103.72,21253.42409,4106.620338071487,3624.7308768345906,481.8894612368963
2025-05-14,104103.72,104356.95,102602.05,103507.82,16452.9081,4046.233232512881,3709.031347970249,337.2018845426319
2025-05-15,103507.83,104192.7,101383.07,103763.71,17998.98604,3973.223355137772,3761.8697494037538,211.3536057340184
2025-05-16,103763.71,104550.33,103100.49,103463.9,15683.88024,3846.826518389309,3778.8611032008653,67.96541518844379
2025-05-17,103463.9,103709.86,102612.5,103126.65,11250.89622,3677.056044943776,3758.500091549448,-81.4440466056717
2025-05-18,103126.65,106660.0,103105.09,106454.26,21599.98726,3767.5915880283865,3760.3183908452356,7.273197183150842
2025-05-19,106454.27,107108.62,102000.0,105573.74,30260.03524,3725.347565225413,3753.3242257212714,-27.976660495858596
2025-05-20,105573.73,107320.0,104184.72,106849.99,23705.48275,3751.60540986438,3752.980462549893,-1.3750526855133103
2025-05-21,106850.0,110797.38,106100.01,109643.99,45531.040345,3952.3076481443277,3792.8458996687805,159.4617484755472
2025-05-22,109643.99,111980.0,109177.37,111696.21,31630.77313,4228.222306077107,3879.921180950446,348.30112512666074
2025-05-23,111696.22,111800.0,106800.0,107318.3,31737.72309,4046.9749035335262,3913.331925467062,133.64297806646437
2025-05-24,107318.3,109506.03,106875.41,107761.91,16782.53129,3894.2402730104222,3909.513594975734,-15.27332196531188
2025-05-25,107761.9,109299.99,106600.64,109004.19,17710.04695,3829.296841426665,3893.4702442659204,-64.17340283925523
2025-05-26,109004.2,110422.22,108670.58,109434.79,14649.11593,3769.1263825912174,3868.6014719309796,-99.47508933976223
2025-05-27,109434.78,110718.0,107516.57,108938.17,21276.65635,3639.414867747604,3822.764151094305,-183.34928334670076
2025-05-28,108938.17,109284.7,106769.43,107781.78,15633.78829,3404.0665883943584,3739.024638554316,-334.95805015995757
2025-05-29,107781.78,108891.91,105322.86,105589.75,19834.70116,3006.02133718149,3592.423978279751,-586.402641098261
2025-05-30,105589.75,106313.12,103621.0,103985.48,23706.49799,2531.9299142975506,3380.3251654833107,-848.3952511857601
2025-05-31,103985.47,104900.0,103068.55,104591.88,11289.35922,2180.0106523309514,3140.2622628528393,-960.2516105218879
2025-06-01,104591.88,105866.91,103752.49,105642.93,9709.70006,1963.2914510484989,2904.8681004919713,-941.5766494434724
2025-06-02,105642.93,105935.63,103659.88,105857.99,13453.98813,1788.2792967554415,2681.5503397446655,-893.271042989224
2025-06-03,105858.0,106794.67,104872.5,105376.89,13259.52634,1592.403913229471,2463.7210544416266,-871.3171412121555
2025-06-04,105376.9,106000.0,104179.0,104696.86,14034.89482,1366.5458331082336,2244.2860101749484,-877.7401770667148
2025-06-05,104696.86,105909.71,100372.26,101508.68,22321.50154,919.6905756558699,1979.366923271133,-1059.676347615263
2025-06-06,101508.69,105333.0,101095.8,104288.44,15839.07385,780.8567349093792,1739.6648855987821,-958.808150689403
2025-06-07,104288.43,105900.0,103871.09,105552.15,8344.93206,763.993905436655,1544.5306895663568,-780.5367841297018
2025-06-08,105552.15,106488.14,104964.14,105734.0,8048.06305,756.5823563576123,1386.941022924608,-630.3586665669957
2025-06-09,105734.01,110530.17,105318.37,110263.02,19975.37451,1103.442910710408,1330.2414004817679,-226.79848977135998
2025-06-10,110263.02,110400.0,108331.03,110274.39,17071.82839,1363.53191585053,1336.8995035555204,26.632412295009544
2025-06-11,110274.39,110392.01,108064.0,108645.12,13115.91638,1421.796271264,1353.8788570972165,67.9174141667836
2025-06-12,108645.13,108813.55,105671.72,105671.73,17778.67218,1214.0486719866312,1325.9128200750995,-111.86414808846826
2025-06-13,105671.74,106179.53,102664.31,106066.59,26180.81734,1068.9469497951213,1274.519646019104,-205.57269622398258
2025-06-14,106066.59,106252.0,104300.0,105414.64,8798.93969,891.0741252884327,1197.8305418729697,-306.75641658453696
2025-06-15,105414.63,106128.57,104494.53,105594.01,7164.20047,755.869101811244,1109.4382538606246,-353.5691520493806
2025-06-16,105594.02,108952.38,104980.37,106794.53,14922.6654,737.0933244224434,1034.9692679729885,-297.8759435505451
2025-06-17,106794.53,107771.34,103371.02,104551.17,17866.33025,535.0255407198565,934.9805225223622,-399.9549818025057
2025-06-18,104551.17,105550.27,103500.0,104886.78,13968.64167,397.3854761013645,827.4615132381626,-430.07603713679816
2025-06-19,104886.79,105226.17,103929.27,104658.59,7678.60737,266.81601833929017,715.3324142583881,-448.51639591909793
2025-06-20,104658.59,106524.65,102345.0,103297.99,16419.06283,52.93947999759985,582.8538274062305,-529.9143474086306
2025-06-21,103297.98,103982.64,100837.9,102120.01,11154.21332,-209.20082189401728,424.4428975461809,-633.6437194401982
2025-06-22,102120.02,103399.62,98200.0,100963.87,28746.41072,-504.42503765644506,238.66931050565574,-743.0943481621008
2025-06-23,100963.87,106074.2,99613.33,105333.93,27666.50609,-381.36885299561254,114.66167780540209,-496.0305308010146
2025-06-24,105333.94,106290.0,104622.02,106083.0,14651.69335,-220.85635671722412,47.55807090087686,-268.41442761810094
2025-06-25,106083.0,108135.3,105808.03,107340.58,16701.15551,7.737950699942303,39.59404686068994,-31.85609616074764
2025-06-26,107340.59,108272.45,106562.5,106947.06,10573.27279,155.35596419543435,62.74643032763883,92.60953386779552
2025-06-27,106947.06,107735.34,106356.76,107047.59,12232.44042,277.2601518150477,105.64917462512062,171.6109771899271
2025-06-28,107047.58,107577.75,106811.51,107296.79,3282.17352,389.4886731487495,162.4170743298464,227.0715988189031
2025-06-29,107296.79,108528.5,107172.52,108356.93,6831.7364,557.5479571207543,241.443250888028,316.1047062327263
2025-06-30,108356.93,108789.99,106733.33,107146.5,9754.12491,586.3059949094022,310.41579969230287,275.89019521709935
2025-07-01,107146.51,107540.0,105250.85,105681.14,10505.62437,485.26085648273875,345.38481105039006,139.8760454323487
2025-07-02,105681.13,109730.0,105100.19,108849.6,17691.89592,653.3190431116236,406.97165746263676,246.34738564898686
2025-07-03,108849.59,110529.18,108530.4,109584.78,13047.08225,836.1901688965154,492.81535974941255,343.37480914710284
2025-07-04,109584.77,109767.59,107245.0,107984.24,11793.86615,842.2576301935624,562.7038138382425,279.5538163553199
2025-07-05,107984.25,108420.56,107756.31,108198.12,3736.9757,854.4746140565549,621.057973881905,233.41664017464984
2025-07-06,108198.12,109700.0,107800.01,109203.84,6447.607,934.5370986892958,683.7537988433833,250.78329984591255
2025-07-07,109203.85,109700.0,107513.2,108262.94,9405.37601,911.5565712797397,729.3143533306546,182.2422179490851
2025-07-08,108262.94,109216.56,107429.57,108922.98,9216.0208,935.8165390211943,770.6147904687626,165.2017485524317
2025-07-09,108922.99,111999.79,108324.53,111233.99,17282.2865,1128.5131343853427,842.1944592520788,286.3186751332639
2025-07-10,111234.0,116868.0,110500.0,116010.0,24883.450665,1647.6179525836633,1003.2791579183956,644.3387946652676
2025-07-11,116010.01,118869.98,115222.22,117527.66,25873.521148,2156.6146283506096,1233.9462520048385,922.6683763457711
2025-07-12,117527.66,118200.0,116900.05,117420.0,8446.60437,2522.2361306939274,1491.6042277426563,1030.631902951271
2025-07-13,117420.0,119488.0,117224.79,119086.64,9550.792947,2912.8996310404764,1775.8633084022204,1137.036322638256
2025-07-14,119086.65,123218.0,118905.18,119841.18,27269.348877,3245.9708107303304,2069.8848088678424,1176.086001862488
2025-07-15,119841.17,119940.83,115736.92,117758.09,32018.46083,3303.7604721884127,2316.6599415319565,987.1005306564562
2025-07-16,117758.08,120063.84,117017.29,118630.43,17039.90851,3380.9759565537242,2529.52314453631,851.4528120174141
2025-07-17,118630.44,120998.71,117453.57,119177.56,15728.57651,3446.5884761384514,2712.9362108567384,733.652265281713
2025-07-18,119177.56,120820.71,116812.76,117924.84,19924.66266,3358.7848550024064,2842.1059396858723,516.6789153165341
2025-07-19,117924.84,118499.9,117277.34,117840.0,6635.80306,3244.9482304085977,2922.6743978304175,322.2738325781802
2025-07-20,117840.01,118856.8,116467.02,117265.12,12962.92889,3072.9211515341594,2952.723748571166,120.19740296299324
2025-07-21,117265.11,119676.73,116515.0,117380.36,17107.33128,2912.3159911449766,2944.6421970859283,-32.326205940951695
2025-07-22,117380.36,120247.8,116128.0,119954.42,20959.12973,2958.6350707130478,2947.4407718113525,11.19429890169522
2025-07-23,119954.43,120090.0,117301.0,118755.99,14558.75083,2865.6070553237805,2931.074028513838,-65.46697319005762
2025-07-24,118756.0,119450.0,117103.1,118340.99,15806.89043,2726.9599543170916,2890.251213674489,-163.2912593573974
2025-07-25,118340.98,118451.57,114723.16,117614.31,38406.34873,2529.288066584588,2818.0585842565088,-288.77051767192097
2025-07-26,117614.31,118297.35,117138.38,117919.99,6991.67206,2369.9778631863737,2728.4424400424823,-358.4645768561086
2025-07-27,117919.99,119766.65,117825.5,119415.55,9328.30919,2337.457813650035,2650.245514763993,-312.78770111395806
2025-07-28,119415.56,119800.0,117427.5,118062.32,13961.74754,2177.39147496887,2555.6747068049685,-378.28323183609837
2025-07-29,118062.32,119273.36,116950.75,117950.76,15137.93445,2018.2704235808342,2448.1938501601417,-429.9234265793075
2025-07-30,117950.75,118792.0,115796.23,117840.3,15586.73631,1861.7910764981352,2330.91329542774,-469.12221892960497
2025-07-31,117840.29,118922.45,115500.0,115764.08,17010.0073,1552.351917655571,2175.2010198733064,-622.8491022177354
2025-08-01,115764.07,116052.0,112722.58,113297.93,24487.10206,1095.493295569162,1959.2594750124777,-863.7661794433157
2025-08-02,113297.92,114063.49,112003.0,112546.35,11507.33428,665.1162748967035,1700.4308349893229,-1035.3145600926193
2025-08-03,112546.35,114799.97,111920.0,114208.8,7397.76046,452.9637228040665,1450.9374125522718,-997.9736897482053
2025-08-04,114208.81,115720.0,114107.6,115055.03,9667.67916,349.0908831553679,1230.568106672891,-881.477223517523
2025-08-05,115055.03,115127.81,112650.0,114129.75,12042.79078,189.91927507556102,1022.438340353425,-832.519065277864
2025-08-06,114129.75,115716.0,113355.13,114992.27,9761.15318,131.852866750065,844.3212456327531,-712.4683788826881
2025-08-07,114992.27,117621.0,114259.0,117472.01,13468.56263,282.6706623155478,731.9911289693121,-449.32046665376424
2025-08-08,117472.02,117630.0,115878.71,116674.74,10045.31278,334.01154872936604,652.3952129213229,-318.3836641919569
2025-08-09,116674.74,117944.05,116299.13,116462.25,9514.13144,353.4787212902884,592.611914595116,-239.1331933048276
2025-08-10,116462.25,119311.11,116460.63,119294.01,14322.77073,590.5979166438192,592.2091150048566,-1.6111983610373954
2025-08-11,119294.27,122335.16,118050.11,118686.0,26494.33429,721.1423811898276,617.9957682418508,103.14661294797679
2025-08-12,118686.0,120324.43,118207.47,120134.08,16720.10893,930.7190143105836,680.5404174555974,250.17859685498615
2025-08-13,120134.09,123667.79,118920.92,123306.43,23210.07102,1337.375703914484,811.9074747473747,525.4682291671091
2025-08-14,123306.44,124474.0,117180.0,118295.09,27980.947586,1240.9756093999895,897.7211016778978,343.2545077220917
2025-08-15,118295.09,119216.82,116803.99,117342.05,13623.33874,1075.280314730233,933.2329442883648,142.0473704418681
2025-08-16,117342.04,117898.99,117143.98,117380.66,6393.68117,936.2881572000188,933.8439868706957,2.444170329323015
2025-08-17,117380.66,118575.0,117172.21,117405.01,5898.64192,818.6636673150933,910.8079229595753,-92.14425564448197
2025-08-18,117405.01,117543.75,114640.14,116227.05,17745.93954,623.2099083760259,853.2883200428655,-230.07841166683966
2025-08-19,116227.05,116725.69,112732.58,112872.94,18065.47424,195.41018375568092,721.7126927854287,-526.3025090297477
2025-08-20,112872.95,114615.38,112380.0,114271.24,15636.34194,-30.442138197657187,571.2817265888115,-601.7238647864687
2025-08-21,114271.23,114821.76,112015.67,112500.0,10839.69235,-348.34054271155037,387.3572727287391,-735.6978154402894
2025-08-22,112500.0,117429.05,111684.79,116935.99,23128.09037,-239.56840331120475,261.9721375207503,-501.54054083195507
2025-08-23,116936.0,117030.0,114560.0,115438.05,11329.36197,-271.111731093697,155.35536379786086,-426.46709489155785
2025-08-24,115438.06,115666.68,110680.0,113493.59,21175.98462,-447.849190398003,34.7144529586881,-482.56364335669105
2025-08-25,113493.59,113667.28,109274.1,110111.98,25182.79379,-850.9730779965612,-142.42305323236175,-708.5500247641994
2025-08-26,110111.98,112371.0,108666.66,111763.22,18452.43877,-1025.3903337732627,-319.016509340542,-706.3738244327208
2025-08-27,111763.22,112625.0,110345.42,111262.01,13392.60875,-1190.3392340681312,-493.2810542860599,-697.0581797820713
2025-08-28,111262.01,113485.9,110862.42,112566.9,11104.27744,-1201.913794309774,-635.0076022908028,-566.9061920189712
2025-08-29,112566.9,112638.64,107463.9,108377.4,22580.31045,-1531.4902868716454,-814.3041392069713,-717.1861476646741
2025-08-30,108377.4,108926.15,107350.1,108816.33,10708.39159,-1737.2382478603104,-998.8909609376392,-738.3472869226712
2025-08-31,108816.33,109480.02,108076.93,108246.35,9489.51596,-1924.1076959527418,-1183.93430794066,-740.1733880120819
2025-09-01,108246.36,109912.4,107255.0,109237.42,16053.60219,-1969.5285148746916,-1341.0531493274661,-628.4753655472255
2025-09-02,109237.43,111771.52,108393.39,111240.01,18510.28756,-1822.919087934628,-1437.4263370488984,-385.4927508857295
2025-09-03,111240.01,112575.27,110528.71,111705.71,11773.72084,-1650.130288047876,-1479.967127248694,-170.16316079918215
2025-09-04,111705.72,112180.0,109329.12,110730.87,12203.13536,-1573.714558358275,-1498.7166134706104,-74.99794488766474
2025-09-05,110730.87,113384.62,110206.96,110659.99,21587.40888,-1501.5648606429604,-1499.2862629050803,-2.278597737880091
2025-09-06,110660.0,111307.7,109977.0,110187.97,5000.29897,-1465.5794865282078,-1492.544907629706,26.965421101498123
2025-09-07,110187.98,111600.0,110180.0,111137.34,5681.29944,-1344.9508374465222,-1463.0260935930692,118.07525614654696
2025-09-08,111137.35,112924.37,110621.78,112065.23,11582.40211,-1161.0944219272933,-1402.6397592599142,241.54533733262087
2025-09-09,112065.23,113293.29,110766.66,111546.39,15379.28248,-1045.2044733361108,-1331.1527020751535,285.94822873904263
2025-09-10,111546.38,114313.13,110917.45,113960.0,17517.41823,-749.957653518708,-1214.9136923638644,464.9560388451564
2025-09-11,113960.0,115488.09,113430.0,115482.69,13676.73119,-388.624245929328,-1049.6558030769572,661.0315571476292
2025-09-12,115482.69,116665.63,114740.99,116029.42,15324.10719,-57.485715813105344,-851.221785624187,793.7360698110816
2025-09-13,116029.41,116298.78,115127.27,115918.29,8269.40394,193.74334015617205,-642.2287604681152,835.9721006242872
2025-09-14,115918.29,116165.19,115135.0,115268.01,6707.60197,336.49313226707454,-446.4843819210773,782.9775141881519
2025-09-15,115268.01,116757.99,114384.0,115349.71,13212.51149,451.01683682952716,-266.98413817095644,718.0009750004835
2025-09-16,115349.71,116964.27,114737.11,116788.96,10926.9094,650.4155587878195,-83.50419877920126,733.9197575670207
2025-09-17,116788.96,117286.73,114720.81,116447.59,16754.2454,771.9956907062733,87.59577911789366,684.3999115883796
2025-09-18,116447.6,117900.0,116092.76,117073.53,11657.23365,908.385643739748,251.75375204226452,656.6318916974835
2025-09-19,117073.53,117459.99,115100.0,115632.38,8992.09065,889.9283631393191,379.3886742616755,510.53968887764364
2025-09-20,115632.39,116121.81,115408.47,115685.63,4674.92752,869.5737602399604,477.4256914573325,392.1480687826279
2025-09-21,115685.63,115819.06,115188.0,115232.29,4511.52219,807.5528746607888,543.4511280980238,264.101746562765
2025-09-22,115232.29,115379.25,111800.0,112650.99,20781.71356,543.8424614616233,543.5293947707437,0.3130666908796229
2025-09-23,112650.99,113290.5,111458.73,111998.8,12301.3203,279.0075512746844,490.62502607153186,-211.6174747968475
2025-09-24,111998.8,113940.0,111042.66,113307.0,12369.25967,172.69407404815138,427.0388356668558,-254.3447616187044
2025-09-25,113307.01,113510.23,108631.51,108994.49,21231.14957,-256.58587618972524,290.31389329553963,-546.8997694852649
2025-09-26,108994.49,110300.0,108620.07,109643.46,14243.01591,-538.2225793539692,124.60659876563787,-662.829178119607
2025-09-27,109643.46,109743.91,109064.4,109635.85,5501.78643,-753.3515909002745,-50.985039167544585,-702.3665517327299
2025-09-28,109635.85,112350.0,109189.99,112163.95,7542.3316,-711.6429635829845,-183.1166240506326,-528.5263395323519
2025-09-29,112163.96,114400.0,111560.65,114311.96,15541.12005,-499.50414772376826,-246.39412878525974,-253.11001893850852
2025-09-30,114311.97,114792.0,112656.27,114048.93,15044.15633,-348.5886179454683,-266.83302661730147,-81.75559132816682
2025-10-01,114048.94,118649.1,113966.67,118594.99,20036.39516,136.2712258175161,-186.21217613033798,322.4834019478541
2025-10-02,118594.99,121022.07,118279.31,120529.35,19670.83503,668.9021435712057,-15.189312190029256,684.0914557612349
2025-10-03,120529.35,123894.99,119248.3,122232.0,23936.328,1214.40668433471,230.7298871149186,983.6767972197914
2025-10-04,122232.21,122800.0,121510.0,122391.0,8208.16678,1640.6406500686862,512.7120397056722,1127.928610363014
2025-10-05,122390.99,125708.42,122136.0,123482.31,22043.097553,2042.9439491472149,818.7584215939808,1224.1855275532341
2025-10-06,123482.32,126199.63,123084.0,124658.54,19494.628793,2428.687742452079,1140.7442857656004,1287.9434566864786
2025-10-07,124658.54,125126.0,120574.94,121332.95,21633.99385,2437.9420791729644,1400.1838444470732,1037.7582347258913
2025-10-08,121332.96,124197.25,121066.14,123306.0,17012.618,2574.80411416314,1635.1078983902867,939.6962157728535
2025-10-09,123306.01,123762.94,119651.47,121662.4,21559.36007,2521.576316914259,1812.4015820950813,709.174734819178
2025-10-10,121662.41,122550.0,102000.0,112774.5,64171.93927,1742.1314465122705,1798.3475549785192,-56.21610846624867
2025-10-11,112774.49,113322.39,109561.59,110644.4,35448.51652,941.6794090575713,1627.0139257943297,-685.3345167367584
2025-10-12,110644.4,115770.0,109565.06,114958.8,32255.30272,647.9818935696239,1431.2075193493888,-783.2256257797649
2025-10-13,114958.81,115963.81,113616.5,115166.0,22557.24033,427.0213684030605,1230.370289160123,-803.3489207570626
2025-10-14,115166.0,115409.96,109866.0,113028.14,31870.32974,78.49626898876159,999.9954851258509,-921.4992161370893
2025-10-15,113028.13,113612.35,110164.0,110763.28,22986.48811,-376.1318433043489,724.770019439811,-1100.9018627441599
2025-10-16,110763.28,111982.45,107427.0,108194.28,29857.17252,-932.9700299350807,393.2220095648327,-1326.1920394999133
2025-10-17,108194.27,109240.0,103528.23,106431.68,37920.66838,-1499.2133951878495,14.73492861429628,-1513.9483238021458
2025-10-18,106431.68,107499.0,106322.2,107185.01,11123.18766,-1865.6716056259029,-361.34637823374356,-1504.3252273921594
2025-10-19,107185.0,109450.07,106103.36,108642.78,15480.66423,-2015.23217955172,-692.1235384973388,-1323.1086410543812
2025-10-20,108642.77,111705.56,107402.52,110532.09,19193.4416,-1958.729470467355,-945.444724891342,-1013.2847455760129
2025-10-21,110532.09,114000.0,107473.72,108297.67,37228.01659,-2070.383593316161,-1170.432498576306,-899.9510947398549
2025-10-22,108297.66,109163.88,106666.69,107567.44,28610.78451,-2192.5197454818554,-1374.849947957416,-817.6697975244394
2025-10-23,107567.45,111293.61,107500.0,110078.18,17573.09294,-2062.9375314181525,-1512.4674646495632,-550.4700667685893
2025-10-24,110078.19,112104.98,109700.01,111004.89,15005.16913,-1863.978161067178,-1582.7696039330863,-281.20855713409173
2025-10-25,111004.9,111943.19,110672.86,111646.27,6407.96864,-1635.6921796119423,-1593.3541190688575,-42.338060543084794
2025-10-26,111646.27,115466.8,111260.45,114559.4,13454.47737,-1205.8088359690882,-1515.8450624489037,310.03622647981547
2025-10-27,114559.41,116400.0,113830.01,114107.65,21450.23241,-891.301272306242,-1390.9363044203715,499.63503211412944
2025-10-28,114107.65,116086.0,112211.0,112898.45,15523.42257,-731.1953318603628,-1258.9881099083698,527.792778048007
2025-10-29,112898.44,113643.73,109200.0,110021.29,21079.71376,-826.9405314328615,-1172.5785942132682,345.6380627804067
2025-10-30,110021.3,111592.0,106304.34,108322.88,25988.82838,-1028.0164509676251,-1143.6661655641396,115.64971459651451
2025-10-31,108322.87,111190.0,108275.28,109608.01,21518.20439,-1071.321784495216,-1129.197289350355,57.87550485513907
2025-11-01,109608.01,110564.49,109394.81,110098.1,7378.50431,-1053.9461707690352,-1114.1470656340912,60.20089486505594
2025-11-02,110098.1,111250.01,109471.34,110540.68,12107.00087,-993.0164885531412,-1089.9209502179012,96.90446166475999
2025-11-03,110540.69,110750.0,105306.56,106583.04,28681.18779,-1249.6723046113038,-1121.8712210965818,-127.801083514722
2025-11-04,106583.05,107299.0,98944.36,101497.22,50534.87376,-1842.221080102885,-1265.9411928978425,-576.2798872050425
2025-11-05,101497.23,104534.74,98966.8,103885.16,33778.77571,-2094.98378363502,-1431.749711045278,-663.2340725897418
2025-11-06,103885.16,104200.0,100300.95,101346.04,25814.62139,-2471.693664936436,-1639.7385018235095,-831.9551631129266
2025-11-07,101346.04,104096.36,99260.86,103339.08,32059.50942,-2579.68033929012,-1827.7268693168317,-751.9534699732885
2025-11-08,103339.09,103406.22,101454.0,102312.94,12390.77985,-2716.744538977029,-2005.5304032488712,-711.214135728158
2025-11-09,102312.95,105495.62,101400.0,104722.96,16338.97096,-2600.9186607946613,-2124.608054758029,-476.3106060366322
2025-11-10,104722.95,106670.11,104265.02,106011.13,22682.25673,-2377.7717914404493,-2175.240802094513,-202.53098934593618
2025-11-11,106011.13,107500.0,102476.09,103058.99,24196.50718,-2411.3428562889603,-2222.4612129334027,-188.88164335555757
2025-11-12,103059.0,105333.33,100813.59,101654.37,20457.63906,-2522.214740642783,-2282.411918475279,-239.80282216750402
2025-11-13,101654.37,104085.01,98000.4,99692.02,36198.50771,-2736.877729915519,-2373.305080763327,-363.57264915219184
2025-11-14,99692.03,99866.02,94012.45,94594.0,47288.14481,-3280.551151939275,-2554.754294998517,-725.7968569407581
2025-11-15,94594.0,96846.68,94558.49,95596.24,15110.89391,-3589.1701446708175,-2761.6374649329773,-827.5326797378402
2025-11-16,95596.23,96635.11,93005.55,94261.44,23889.4051,-3896.543200005559,-2988.618611947494,-907.9245880580647
2025-11-17,94261.45,96043.0,91220.0,92215.14,39218.59806,-4256.195101478574,-3242.1339098537105,-1014.0611916248631
2025-11-18,92215.14,93836.01,89253.78,92960.83,39835.14769,-4429.984766718364,-3479.7040812266414,-950.2806854917226
2025-11-19,92960.83,92980.22,88608.0,91554.96,32286.6376,-4627.809777755581,-3709.3252205324293,-918.484557223152
2025-11-20,91554.96,93160.0,86100.0,86637.23,39733.19073,-5122.359860160781,-3991.9321484580996,-1130.4277117026813
2025-11-21,86637.22,87498.94,80600.0,85129.43,72256.12679,-5571.733743980672,-4307.892467562614,-1263.8412764180584
2025-11-22,85129.42,85620.0,83500.0,84739.74,14193.93263,-5891.39814020443,-4624.593602090978,-1266.8045381134525
2025-11-23,84739.75,88127.64,84667.57,86830.0,19734.46418,-5907.964625676585,-4881.2678068080995,-1026.696818868485
2025-11-24,86830.0,89228.0,85272.0,88300.01,24663.12795,-5736.35107867411,-5052.284461181302,-684.0666174928083
2025-11-25,88300.01,88519.99,86116.0,87369.96,19567.0411,-5610.716521009206,-5163.970873146883,-446.7456478623235
2025-11-26,87369.97,90656.08,86306.77,90484.02,21675.82239,-5199.930055362813,-5171.162709590069,-28.767345772743283
2025-11-27,90484.01,91950.0,90089.91,91333.95,16833.50932,-4751.029661419205,-5087.136099955897,336.1064385366926
2025-11-28,91333.94,93092.0,90180.63,90890.7,18830.86012,-4380.543259766302,-4945.817531917979,565.274272151677
2025-11-29,90890.71,91165.65,90155.47,90802.44,7429.88291,-4047.396098815836,-4766.133245297551,718.7371464817152
2025-11-30,90802.44,92000.01,90336.9,90360.0,9687.74175,-3775.55355278551,-4568.017306795143,792.4637540096328
2025-12-01,90360.01,90417.0,83822.76,86286.01,34509.01227,-3844.535905009223,-4423.3210264379595,578.7851214287366
2025-12-02,86286.01,92307.65,86184.39,91277.88,28210.22732,-3456.557680625978,-4229.968357275563,773.4106766495852
2025-12-03,91277.88,94150.0,90990.23,93429.95,25712.52585,-2941.5200668712932,-3972.2786991947096,1030.7586323234164
2025-12-04,93429.95,94080.0,90889.0,92078.06,19803.94059,-2612.322049634764,-3700.2873692827206,1087.9653196479567
2025-12-05,92078.06,92692.36,88056.0,89330.04,19792.97218,-2543.8485939692764,-3468.999614220032,925.1510202507557
2025-12-06,89330.04,90289.97,88908.01,89236.79,8409.50016,-2468.6503185166075,-3268.929755079347,800.2794365627396
2025-12-07,89236.8,91760.0,87719.28,90395.31,13021.11185,-2289.1839737201663,-3072.9805988075113,783.7966250873451
2025-12-08,90395.32,92287.15,89612.0,90634.34,15793.63887,-2103.4209517432464,-2879.0686693946586,775.6477176514122
2025-12-09,90634.35,94588.99,89500.0,92678.8,21240.43014,-1770.8186872115475,-2657.4186729580365,886.599985746489
2025-12-10,92678.81,94476.0,91563.15,92015.37,18998.68083,-1542.9757883652055,-2434.5300960394707,891.5543076742651
2025-12-11,92015.38,93555.0,89260.63,92513.38,19972.58758,-1307.1553315669153,-2209.0551431449594,901.8998115780441
2025-12-12,92513.38,92754.0,89480.0,90268.42,16679.19169,-1286.584485567495,-2024.5610116294665,737.9765260619715
2025-12-13,90268.43,90634.55,89766.39,90240.01,5895.70788,-1258.0721192081983,-1871.2632331452128,613.1911139370145
2025-12-14,90240.0,90472.4,87577.36,88172.17,9416.94004,-1386.3522638644936,-1774.2810392890692,387.92877542457563
2025-12-15,88172.16,90052.64,85146.64,86432.08,19778.6919,-1609.8683627961873,-1741.3985039904928,131.53014119430554
2025-12-16,86432.08,88175.98,85266.0,87863.42,18456.05017,-1652.460766656688,-1723.610956523732,71.15018986704399
2025-12-17,87863.43,90365.85,85314.0,86243.22,19834.11729,-1796.2461455598386,-1738.1379943309535,-58.10815122888516
2025-12-18,86243.23,89477.61,84450.01,85516.41,25405.41763,-1946.4076117026707,-1779.791917805297,-166.6156938973736
2025-12-19,85516.41,89399.97,85110.24,88136.94,21256.65004,-1832.829072507404,-1790.3993487457187,-42.42972376168518
2025-12-20,88136.95,88573.07,87795.76,88360.9,5123.13194,-1705.0903415423672,-1773.3375473050485,68.24720576268123
2025-12-21,88360.91,89081.77,87600.04,88658.86,7132.87258,-1561.8100213669968,-1731.0320421174383,169.22202075044152
2025-12-22,88658.87,90588.23,87900.0,88620.79,14673.2197,-1434.7918785359507,-1671.7840094011408,236.99213086519012
2025-12-23,88620.79,88940.0,86601.9,87486.0,13910.32904,-1409.449893371624,-1619.3171861952376,209.86729282361352
2025-12-24,87486.0,88049.89,86420.0,87669.45,9140.8432,-1358.8987666090252,-1567.2335022779953,208.3347356689701
2025-12-25,87669.44,88592.74,86934.72,87225.27,7096.58235,-1339.240319525954,-1521.634865727587,182.39454620163315
2025-12-26,87225.27,89567.75,86655.08,87369.56,18344.61505,-1297.0660909620055,-1476.721110774471,179.65501981246553
2025-12-27,87369.56,87984.0,87253.05,87877.01,4469.55156,-1208.7618823610537,-1423.1292650917876,214.36738273073388
2025-12-28,87877.0,88088.75,87435.0,87952.71,4446.29285,-1119.7638627180131,-1362.4561846170327,242.6923218990196
2025-12-29,87952.71,90406.08,86806.5,87237.13,19894.98575,-1094.3585326533212,-1308.8366542242907,214.4781215709695
2025-12-30,87237.13,89400.0,86845.66,88485.49,13105.91001,-962.3984759627056,-1239.5490185719736,277.1505426092681
2025-12-31,88485.5,89200.0,87250.0,87648.22,11558.62047,-914.8342323907273,-1174.6060613357245,259.7718289449972
2026-01-01,87648.21,88919.45,87550.43,88839.04,6279.57133,-772.149150020763,-1094.1146790727323,321.96552905196927
2026-01-02,88839.05,90961.81,88379.88,89995.13,17396.97301,-559.3357191038813,-987.1588870789622,427.8231679750809
2026-01-03,89995.14,90741.16,89314.01,90628.01,7057.46716,-335.7411995068542,-856.8753495645407,521.1341500576865
2026-01-04,90628.01,91810.0,90628.0,91529.73,10426.5297,-84.80211777689692,-702.460703207012,617.6585854301151
2026-01-05,91529.74,94789.08,91514.81,93859.71,20673.59584,298.6363322140969,-502.2412961227903,800.8776283368873
2026-01-06,93859.71,94444.44,91262.94,93747.97,18546.41829,586.7340769966395,-284.4462214989043,871.1802984955439
2026-01-07,93747.97,93747.97,90675.52,91364.16,14276.49025,615.6037735983846,-104.43622247944656,720.0399960778311
2026-01-08,91364.16,91687.99,89311.0,91099.99,16132.79117,610.1336638294015,38.477754782323046,571.6559090470785
2026-01-09,91100.0,92082.55,89694.66,90641.28,15590.27939,562.3026243940985,143.24272870467814,419.0598956894204
2026-01-10,90641.27,90832.0,90404.0,90504.7,3104.11722,507.52488552719296,216.09916006918112,291.4257254580118
2026-01-11,90504.7,91283.89,90236.0,91013.65,5477.13594,499.42409427219536,272.76414690978396,226.6599473624114
2026-01-12,91013.66,92519.95,90128.44,91296.2,16188.08268,509.92547896673204,320.1964133211736,189.72906564555842
2026-01-13,91296.2,96495.0,91042.66,95414.0,23021.51482,840.8274130838981,424.32261327371856,416.5047998101796
2026-01-14,95413.99,97924.49,94559.28,96951.78,22851.89428,1213.170895220348,582.0922696630445,631.0786255573036
2026-01-15,96951.78,97193.34,95134.48,95604.8,21725.81369,1383.6162912506697,742.3970739805695,641.2192172701002
2026-01-16,95604.81,95871.47,94293.46,95550.94,11167.7146,1497.09190020604,893.3360392256636,603.7558609803764
2026-01-17,95550.94,95639.45,95021.67,95147.77,4280.80137,1536.7747060803958,1022.0237725966101,514.7509334837857
2026-01-18,95147.77,95531.12,93615.4,93673.14,6895.17819,1432.7178194454464,1104.1625819663775,328.55523747906886
2026-01-19,93673.14,93673.14,91910.2,92631.0,14295.52747,1251.7308248517365,1133.6762305434495,118.05459430828705
2026-01-20,92630.99,92870.0,87895.98,88427.66,22007.3261,760.3579849295638,1059.0125814206724,-298.6545964911086
2026-01-21,88427.66,90574.0,87263.53,89454.73,20617.50372,448.64572590301395,936.9392103171408,-488.29348441412685
2026-01-22,89454.73,90359.99,88515.37,89559.67,10825.50492,207.68522978932015,791.0884142115767,-583.4031844222566
2026-01-23,89559.68,91224.99,88578.36,89600.26,13918.48919,19.769681782403495,636.8246677257421,-617.0549859433386
2026-01-24,89600.26,89957.39,89162.08,89225.34,4226.56737,-157.59104308662063,477.9415255632695,-635.5325686498902
2026-01-25,89225.34,89319.13,86074.72,86670.36,14426.22019,-498.569035014385,282.63941344773866,-781.2084484621237
2026-01-26,86670.36,88860.0,86509.63,88347.08,17766.51453,-626.2798943878151,100.85555188062791,-727.135446268443
2026-01-27,88347.08,89523.16,87304.33,89250.0,13125.40425,-647.1733609124349,-48.75023067798466,-598.4231302344502
2026-01-28,89249.99,90600.0,88833.65,89299.99,14332.18502,-652.1798847033642,-169.43616148306057,-482.74372322030365
2026-01-29,89300.0,89348.0,83383.33,84650.16,30431.38201,-1019.5967351412401,-339.4682762146965,-680.1284589265435
2026-01-30,84650.16,84735.75,81118.0,84260.49,35195.84793,-1326.924390212036,-536.9594990141645,-789.9648911978716
2026-01-31,84260.5,84270.02,75719.9,78741.09,39491.89133,-1992.880537173929,-828.1437066461175,-1164.7368305278114
2026-02-01,78741.1,79424.0,75700.0,76968.21,25395.48168,-2633.356486649209,-1189.186262646736,-1444.1702240024729
2026-02-02,76968.22,79360.0,74604.0,78738.61,42273.59016,-2963.9156324016512,-1544.1321365977192,-1419.783495803932
2026-02-03,78738.6,79186.81,72945.5,75770.21,39120.10889,-3425.9193433769105,-1920.4895779535577,-1505.4297654233528
2026-02-04,75770.21,76971.52,71888.0,73165.83,38375.36,-3956.603056039836,-2327.7122735708135,-1628.8907824690223
2026-02-05,73165.84,73341.18,62345.0,62909.86,106298.82899,-5145.4314570602,-2891.256110268691,-2254.175346791509
2026-02-06,62909.87,71751.33,60000.0,70580.26,92539.21531,-5406.328563762072,-3394.270600967367,-2012.057962794705
2026-02-07,70580.26,71690.07,67300.0,69289.38,44255.48036,-5652.100729254846,-3845.836626624863,-1806.2641026299825
2026-02-08,69289.37,72271.41,68888.0,70330.38,21420.53168,-5697.203129806105,-4216.109927261112,-1481.093202544993
2026-02-09,70330.38,71453.53,68308.0,70138.0,29152.72842,-5682.960929328532,-4509.480127674596,-1173.4808016539364
2026-02-10,70138.0,70527.59,67800.0,68841.29,20373.77072,-5710.48067619848,-4749.680237379373,-960.8004388191075
2026-02-11,68841.28,69292.88,65756.0,67082.52,28718.24602,-5807.265769316553,-4961.197343766809,-846.0684255497436
2026-02-12,67082.52,68410.52,65118.0,66272.17,24271.74283,-5881.558183932531,-5145.269511799954,-736.2886721325776
2026-02-13,66272.17,69482.97,65872.46,68853.96,20244.54955,-5666.783429754942,-5249.572295390952,-417.2111343639899
2026-02-14,68853.97,70560.01,68730.13,69822.95,18114.78393,-5356.635534832269,-5270.984943279216,-85.65059155305244
2026-02-15,69822.94,70983.0,68000.0,68832.58,22290.05208,-5131.601764909006,-5243.108307605175,111.50654269616825
2026-02-16,68832.59,70126.67,67294.11,68892.43,15515.76534,-4892.039104542811,-5172.894466992702,280.8553624498909
2026-02-17,68892.43,69241.5,66621.06,67503.52,16489.06921,-4759.394067451998,-5090.194387084562,330.8003196325635
2026-02-18,67503.52,68476.22,65870.0,66461.0,15492.43839,-4684.395772666292,-5009.034664200908,324.63889153461605
2026-02-19,66461.0,67320.0,65631.83,67003.73,14542.26988,-4528.958296436293,-4913.019390647985,384.06109421169276
2026-02-20,67003.73,68318.39,66280.2,68020.01,35351.87091,-4274.493968376482,-4785.314306193684,510.820337817202
2026-02-21,68020.0,68698.7,67534.69,67975.93,8032.84131,-4029.9315008837293,-4634.237745131693,604.3062442479641
2026-02-22,67975.93,68245.0,67190.0,67643.4,8175.13484,-3818.924194433479,-4471.17503499205,652.2508405585713
2026-02-23,67643.39,67684.86,63888.79,64656.02,33075.90923,-3848.3940917224827,-4346.618846338137,498.2247546156541
2026-02-24,64656.01,65026.75,62510.28,64058.15,23102.83622,-3875.320032997668,-4252.359083670043,377.0390506723752
2026-02-25,64058.15,69988.83,63913.27,67988.04,30749.99259,-3538.7571660993417,-4109.638700155903,570.8815340565616
2026-02-26,67988.04,68860.0,66500.0,67485.18,20737.77792,-3274.8547813089244,-3942.681916386508,667.8271350775835
2026-02-27,67485.19,68216.8,64914.46,65872.1,21228.58424,-3159.452117654786,-3786.035956640164,626.583838985378
2026-02-28,65872.09,67760.0,63030.0,66973.26,22548.71649,-2945.1899496333936,-3617.86675523881,672.6768056054166
2026-03-01,66973.26,68199.99,65056.0,65776.47,23201.85859,-2839.2277387946087,-3462.1389519499703,622.9112131553616
2026-03-02,65776.48,70096.0,65259.21,68830.06,32010.38431,-2480.2618159004487,-3265.7635247400663,785.5017088396175
2026-03-03,68830.06,69258.08,66158.0,68338.0,24972.2418,-2210.0082658734027,-3054.6124729667335,844.6042070933308
2026-03-04,68338.01,74050.0,67400.0,72666.77,44919.0761,-1627.7708888906927,-2769.2441561515257,1141.473267260833
2026-03-05,72666.77,73558.15,70645.47,70890.72,26590.51253,-1294.7311104695837,-2474.341547015137,1179.6104365455535
2026-03-06,70891.02,71419.98,67744.78,68114.02,22629.88722,-1240.550872555963,-2227.5834121233024,987.0325395673394
2026-03-07,68114.02,68551.04,66915.26,67262.91,12719.54315,-1251.859451141514,-2032.438619926945,780.579168785431
2026-03-08,67262.91,68200.0,65618.49,65971.2,21593.63901,-1349.4956371998123,-1895.8500233815187,546.3543861817063
2026-03-09,65971.2,69516.65,65821.97,68432.16,28896.7213,-1214.2964594711375,-1759.5393105994424,545.2428511283049
2026-03-10,68432.16,71777.0,68391.41,69948.63,32602.57726,-973.5610756726383,-1602.3436636140816,628.7825879414434
2026-03-11,69948.64,71321.0,68977.91,70191.86,27249.27542,-754.4530561647261,-1432.7655421242107,678.3124859594845
2026-03-12,70191.86,70800.0,69205.91,70541.34,21997.1605,-546.3107268503809,-1255.4745790694449,709.163852219064
2026-03-13,70541.34,73913.74,70386.01,70930.0,35996.61678,-346.0062725231837,-1073.5809177601927,727.574645237009
2026-03-14,70930.01,71307.92,70317.0,71211.95,13017.24737,-162.63775391898525,-891.3922849919513,728.7545310729661
2026-03-15,71211.95,73199.0,70858.82,72815.24,14037.30704,110.77823933408945,-690.9581801267433,801.7364194608327
2026-03-16,72815.25,74909.08,72270.41,74884.67,28409.53019,488.8133538277034,-455.00387333585394,943.8172271635574
2026-03-17,74884.67,76000.0,73399.19,73909.36,24521.26636,701.6216816636879,-223.67876233594555,925.3004439996334
2026-03-18,73909.37,74672.34,70500.0,71246.54,23392.88093,647.9374749065464,-49.355514887447185,697.2929897939936
2026-03-19,71246.55,71613.79,68793.35,69930.0,22364.81819,493.4701622061548,59.20962053127321,434.26054167488155
2026-03-20,69930.01,71367.0,69388.0,70510.73,18121.16745,413.1512116607628,129.99793875717114,283.15327290359164
2026-03-21,70510.73,71100.94,68571.42,68918.12,13397.1675,218.46917107207992,147.6921852201529,70.77698585192701
2026-03-22,68918.12,69588.79,67360.66,67859.0,14843.78682,-21.037375498213805,113.94627307647957,-134.98364857469338
2026-03-23,67859.0,71817.09,67445.18,70906.45,28335.09119,34.65621195238782,98.08826085166123,-63.43204889927341
2026-03-24,70906.45,71400.0,68923.07,70556.74,20702.42244,49.998752411382156,88.47035916360542,-38.471606752223266
2026-03-25,70556.74,72026.09,70408.0,71336.53,17719.50066,123.65494505121023,95.50727634112638,28.14766871008385
2026-03-26,71336.53,71436.82,68153.0,68820.31,20820.45768,-20.770487439542194,72.25172358499266,-93.02221102453485
2026-03-27,68820.31,69179.05,65548.25,66407.28,28603.69557,-326.18003725493327,-7.434628582992531,-318.7454086719407
2026-03-28,66407.28,67288.94,65932.09,66377.03,11462.39847,-564.1569775689277,-118.77909838017956,-445.3778791887481
2026-03-29,66377.04,67130.5,65000.0,66010.93,10052.85584,-773.3815663896385,-249.69959198207135,-523.6819744075672
2026-03-30,66010.93,68169.65,65800.59,66797.37,18353.38975,-865.754545478354,-372.9105826813279,-492.84396279702605
2026-03-31,66797.38,68589.49,65998.05,68284.48,22105.40662,-809.6305314255878,-460.2545724301799,-349.3759589954079
2026-04-01,68284.49,69310.0,67578.75,68113.92,19020.1899,-770.0380927070364,-522.2112764855513,-247.82681622148516
2026-04-02,68113.92,68653.38,65712.12,66901.99,20203.47916,-826.921189520639,-583.1532590925688,-243.76793042807026
2026-04-03,66901.99,67370.42,66282.0,66964.3,11429.13131,-857.0935167732241,-637.9413106286999,-219.15220614452426
2026-04-04,66964.29,67562.93,66775.91,67300.42,7373.51613,-844.1523655691417,-679.1835216167883,-164.96884395235338
2026-04-05,67300.42,69136.2,66611.66,69034.18,11733.46752,-686.087675986797,-680.5643524907902,-5.52332349600681
2026-04-06,69034.18,70351.46,68300.0,68853.66,20281.61044,-568.8296123426699,-658.2174044611661,89.38779211849624
2026-04-07,68853.66,72761.0,67732.01,71924.22,23750.49661,-225.5334130506235,-571.6806061790576,346.1471931284341
2026-04-08,71924.22,72857.0,70707.23,71069.93,19802.68627,-22.147463029206847,-461.7739775490874,439.6265145198806
2026-04-09,71069.93,73145.0,70466.0,71787.97,18158.42159,194.73244041239377,-330.4726939567912,525.205134369185
2026-04-10,71787.98,73434.0,71426.15,72962.7,17372.63288,456.1440748419991,-173.14934019703315,629.2934150390322
2026-04-11,72962.71,73790.0,72513.09,73043.16,9070.94374,662.173998399754,-6.084672477675696,668.2586708774297
2026-04-12,73043.16,73137.24,70505.88,70740.98,13472.46801,632.3976251370332,121.61178704526608,510.7858380917671
2026-04-13,70741.56,74900.0,70566.99,74417.99,24230.21625,895.1844822658168,276.32632608937627,618.8581561764405
2026-04-14,74418.0,76038.0,73795.47,74131.55,26532.94456,1068.0201739505865,434.66509566161835,633.3550782889681
2026-04-15,74131.55,75425.0,73514.0,74809.99,14425.04167,1245.3821526329411,596.808507055883,648.5736455770582
2026-04-16,74809.99,75534.76,73309.85,75154.29,17088.68777,1397.6141057016503,756.9696267850364,640.6444789166138
2026-04-17,75154.28,78333.0,74529.4,77072.0,25941.36694,1653.9366432261304,936.3630300732553,717.573613152875
2026-04-18,77072.01,77420.08,75445.16,75691.76,9141.84456,1725.8062479165092,1094.251673641906,631.554574274603
2026-04-19,75691.76,76240.66,73762.9,73801.79,11369.82232,1611.680197483991,1197.7373784103231,413.9428190736678
2026-04-20,73801.8,76558.62,73724.31,75840.97,16993.41034,1666.5681044387602,1291.5035236160106,375.0645808227496
2026-04-21,75840.97,76927.57,74821.57,76336.15,14912.57132,1730.0807596946252,1379.2189708317337,350.86178886289144
2026-04-22,76336.14,79472.82,76132.95,78178.23,19737.51225,1907.071919684895,1484.789560602366,422.28235908252896
2026-04-23,78178.22,78662.5,76960.0,78257.48,16970.79501,2030.3291314187372,1593.8974747656403,436.431656653097
2026-04-24,78257.48,78581.93,77264.08,77437.13,12675.14315,2038.3194923906412,1682.7818782906404,355.53761410000084
2026-04-25,77437.13,77885.35,77140.23,77625.0,5685.1142,2036.3378151761426,1753.493065667741,282.8447495084017
2026-04-26,77625.0,78961.0,77326.51,78657.55,7963.56162,2093.9477510886936,1821.5840027519314,272.3637483367622
2026-04-27,78657.55,79485.66,76459.64,77371.32,16046.92418,2012.615846164481,1859.7903714344413,152.82547473003956
2026-04-28,77371.32,77478.0,75666.6,76342.77,13210.72383,1843.908902464129,1856.614077640379,-12.705175176250123
2026-04-29,76342.78,77904.93,74937.52,75780.0,18279.93022,1645.824557371685,1814.4561735866403,-168.63161621495533
2026-04-30,75780.0,76669.14,75323.65,76346.57,10381.81607,1517.0709017309127,1754.9791192154948,-237.9082174845821
2026-05-01,76346.58,78914.12,76320.42,78231.13,17315.46502,1549.2422438729845,1713.831744146993,-164.58950027400851
2026-05-02,78231.13,79199.48,78040.0,78686.85,6150.87642,1593.1462612905743,1689.6946475757095,-96.54838628513517
2026-05-03,78686.84,79447.0,78084.08,78568.57,7425.7929,1599.9530411899177,1671.7463262985511,-71.79328510863343
2026-05-04,78568.58,80776.99,78202.0,79861.01,26042.96135,1690.1535320946568,1675.4277674577725,14.725764636884378
2026-05-05,79861.01,81791.48,79808.72,80905.52,16947.17995,1824.8851585061348,1705.3192456674449,119.56591283868988
2026-05-06,80905.53,82850.0,80731.14,81447.01,18798.77396,1952.8434964808694,1754.8240958301299,198.0194006507395
2026-05-07,81447.01,81708.32,79500.0,80006.0,16154.80338,1915.8887641649926,1787.0370294971026,128.85173466789
2026-05-08,80006.0,80500.0,79181.48,80193.17,16001.31009,1880.0330762917001,1805.6362388560224,74.39683743567775
2026-05-09,80193.18,81080.0,80129.85,80678.4,7548.42177,1869.2239410486072,1818.3537792945394,50.870161754067794
2026-05-10,80678.41,82479.32,80279.77,82210.07,12034.31882,1961.6380494359619,1847.010633322824,114.62741611313777
2026-05-11,82210.07,82380.0,80462.97,81745.65,12951.76056,1974.6396665549837,1872.5364399692562,102.1032265857275
2026-05-12,81745.66,81788.0,79843.59,80504.47,12386.25676,1863.3115925991733,1870.6914704952396,-7.3798778960663185
2026-05-13,80504.47,81324.64,78754.65,79313.61,14810.05643,1659.8570435728325,1828.5245851107582,-168.66754153792567
2026-05-14,79313.61,82048.13,78922.0,81089.99,19727.86807,1623.2451086539222,1787.468689819391,-164.2235811654689
2026-05-15,81090.0,81664.45,78659.0,79113.21,17351.27079,1418.3701726501895,1713.6489863855509,-295.2788137353614
2026-05-16,79113.2,79227.77,77640.0,78148.05,12132.86192,1164.6990384859964,1603.8589968056401,-439.1599583196437
2026-05-17,78148.05,78599.99,76735.16,77457.67,8442.7022,897.6078759529628,1462.6087726351047,-565.000896682142
2026-05-18,77457.67,77800.0,76051.0,77001.87,18745.51678,641.7591545843025,1298.4388490249444,-656.6796944406419
2026-05-19,77001.88,77414.62,76144.71,76834.36,11024.85978,420.6317614369618,1122.8774315073479,-702.245670070386
2026-05-20,76834.36,77853.04,76516.74,77552.23,11296.26307,299.8562624020269,958.2731976862838,-658.4169352842569
2026-05-21,77552.24,78200.0,76719.47,77615.52,11318.25841,206.86319321620977,807.9911967922691,-601.1280035760593
2026-05-22,77615.52,77900.0,75359.18,75539.5,11272.36134,-33.96047287771944,639.6008628582715,-673.561335735991
2026-05-23,75539.5,77404.18,74289.6,76752.01,15086.88814,-125.52852496976266,486.5749852926647,-612.1035102624273
2026-05-24,76752.0,77543.15,76108.0,77064.96,8398.00156,-170.87467945819662,355.0850523424924,-525.959731800689
2026-05-25,77064.96,77905.52,76914.25,77322.01,7672.32197,-183.94959047382872,247.2781237792282,-431.2277142530569
2026-05-26,77322.01,78080.0,75677.97,75930.01,16953.47629,-303.13991003906995,137.19451701556858,-440.3344270546385
2026-05-27,75930.01,76174.15,74243.99,74449.3,16877.77483,-511.18736941310635,7.518139729833592,-518.70550914294
2026-05-28,74449.31,74590.77,72582.82,73617.51,21274.02026,-734.7156367926218,-140.9286155746575,-593.7870212179644
2026-05-29,73617.52,74514.1,72512.49,73490.0,17707.6933,-911.6435313287948,-295.071598725485,-616.5719326033097
