open_time,open,high,low,close,volume,macd,signal,hist
2017-08-17,4261.48,4485.39,3850.0,4139.98,2376.348404,0.0,0.0,0.0
2017-08-20,4120.98,4211.08,3400.0,4040.0,2125.51094,-7.975612535612527,-1.5951225071225055,-6.380490028490021
2017-08-23,4040.0,4453.91,4013.89,4280.68,2362.168058,5.066122515238931,-0.26287350265021825,5.328996017889149
2017-08-26,4280.71,4400.0,4124.54,4386.69,1182.642269,23.682910688809898,4.526283335641805,19.15662735316809
2017-08-29,4353.65,4745.42,4313.55,4724.89,1968.970601,64.97774004771782,16.616574678057006,48.36116536966081
2017-09-01,4689.89,4939.19,4286.87,4509.08,2181.031159,79.37513923150345,29.168287588746296,50.20685164275716
2017-09-04,4505.0,4662.87,3603.0,4619.77,3430.946497,98.58056435576327,43.0507429421497,55.529821413613575
2017-09-07,4619.77,4788.59,4028.93,4258.81,2291.467973,83.7095947026246,51.182513294244686,32.527081408379914
2017-09-10,4258.81,4394.59,3801.0,4163.72,2239.992659,63.51906754187348,53.649824143770445,9.869243398103038
2017-09-13,4159.72,4165.38,2817.0,3700.0,4547.35058,9.984505606335006,44.91676043628336,-34.932254829948356
2017-09-16,3674.01,4123.2,3470.66,4035.01,3009.741618,-5.34786634437296,34.8638350801521,-40.21170142452506
2017-09-19,4060.0,4089.97,3567.0,3609.99,2624.921289,-51.20419346992094,17.650229370137495,-68.85442284005843
2017-09-22,3592.84,3817.19,3505.55,3660.02,2253.395606,-82.55699456862794,-2.3912154176155926,-80.16577915101234
2017-09-25,3660.02,4249.94,3653.69,4193.0,1882.893666,-63.66341144574926,-14.645654623242327,-49.01775682250693
2017-09-28,4192.11,4380.0,3952.01,4378.51,3172.448073,-33.33671912502359,-18.383867523598582,-14.95285160142501
2017-10-01,4378.49,4561.63,4180.8,4310.0,2465.044222,-14.661769652945623,-17.639447949467993,2.9776782965223703
2017-10-04,4314.9,4417.0,4110.0,4369.0,2154.132915,4.843239416664801,-13.142910476241436,17.986149892906237
2017-10-07,4369.0,4889.98,4312.56,4786.95,1462.522649,53.410488808335685,0.16776938067398817,53.2427194276617
2017-10-10,4786.95,5439.99,4680.59,5430.0,3073.352651,142.15052193504835,28.564319891548863,113.58620204349948
2017-10-13,5439.99,5922.3,5379.84,5709.99,4194.110041,232.39162456213035,69.32978082566517,163.06184373646516
2017-10-16,5710.0,5788.91,5037.95,5512.06,5276.670211,284.65571779346647,112.39496821922543,172.26074957424103
2017-10-19,5513.0,6171.0,5490.26,6024.97,5519.00702,363.275326817522,162.57103993888475,200.70428687863725
2017-10-22,6003.27,6080.0,5450.0,5477.03,5755.068698,377.02168343958783,205.46116863902535,171.5605148005625
2017-10-25,5506.92,5980.0,5286.98,5768.83,5659.485503,406.7725704404693,245.72344899931414,161.04912144115514
2017-10-28,5768.79,6248.68,5630.03,6120.5,4555.219628,453.4995323877083,287.278665676993,166.2208667107153
2017-10-31,6120.52,7300.0,6100.0,7019.98,5691.000916,556.6942799829785,341.16178853819014,215.53249144478838
2017-11-03,7010.31,7590.25,6901.0,7345.01,4498.521689,657.1290904353073,404.3552489176136,252.77384151769365
2017-11-06,7345.1,7770.02,6651.0,7303.0,6025.577557,724.977456568211,468.4796904477331,256.4977661204779
2017-11-09,7303.01,7392.0,6100.0,6245.05,7922.259274,685.478285229965,511.8794094041795,173.59887582578546
2017-11-12,6245.05,6697.47,5325.01,6574.99,8844.018639,673.0399226688896,544.1115120571216,128.92841061176807
2017-11-15,6575.99,7989.0,6575.99,7699.19,8093.95852,745.3045682672628,584.3501232991498,160.95444496811297
2017-11-18,7680.01,8319.99,7422.0,8212.0,11708.241269,834.3365889694942,634.3474164332188,199.98917253627542
2017-11-21,8212.49,8400.0,7801.0,8019.99,12183.432413,879.2658748305639,683.3311081126878,195.93476671787607
2017-11-24,8019.97,9350.0,7850.0,9128.02,12851.793031,992.8366158917379,745.2322096684978,247.60440622324006
2017-11-27,9128.0,11300.03,8520.0,9687.88,22791.375407,1115.1633604166827,819.2184398181349,295.9449205985478
2017-11-30,9687.88,11190.0,8850.8,10890.01,20289.937719,1294.191398316094,914.2130315177267,379.97836679836723
2017-12-03,10902.69,11853.0,10500.0,11699.99,15560.793141,1484.3206998234255,1028.2345651788664,456.086134644559
2017-12-06,11699.99,17204.99,11665.58,15880.0,31784.02515,1949.8151588411547,1212.550683911324,737.2644749298306
2017-12-09,15880.01,17470.0,12368.0,16587.97,42292.197622,2348.774918369676,1439.7955308029946,908.9793875666815
2017-12-12,16587.97,16976.45,14666.56,16334.98,33469.998363,2614.402024343648,1674.7168295111255,939.6851948325225
2017-12-15,16334.98,19798.68,16298.45,18860.02,22561.08609,2994.1483663535273,1938.6031368796062,1055.5452294739212
2017-12-18,18860.04,19300.0,14777.66,16488.98,37285.877984,3068.406288254675,2164.56376715462,903.8425211000549
2017-12-21,16480.52,17309.5,10961.0,13300.0,69542.02735,2837.2264118153507,2299.0962960867664,538.1301157285843
2017-12-24,13300.0,16050.0,11640.0,15689.01,59340.410699,2814.345808772401,2402.1461986238937,412.1996101485074
2017-12-27,15709.98,16498.05,13150.0,14378.9,54749.730853,2659.8368940376386,2453.684337706643,206.1525563309956
2017-12-30,14378.99,14398.85,11750.0,13380.0,39600.063601,2428.7870389715135,2448.704877959617,-19.91783898810354
2018-01-02,13382.16,15473.49,12890.02,15059.54,57313.409324,2354.0669868374116,2429.777299735176,-75.7103128977642
2018-01-05,15059.56,17176.24,14600.0,16150.03,54316.074191,2355.6893165119764,2414.959703090536,-59.27038657855974
2018-01-08,16218.85,16322.3,12812.0,14907.09,58326.61582,2230.963001396469,2378.160362751723,-147.1973613552541
2018-01-11,14940.0,14968.68,11400.0,14210.0,62193.394416,2052.210555064985,2312.9704012143757,-260.7598461493908
2018-01-14,14210.0,14339.5,9035.0,10900.0,95071.158209,1624.7297432090945,2175.32226961332,-550.5925264042253
2018-01-17,10899.99,11878.82,9037.94,11474.98,154925.607004,1317.1607909777395,2003.689973886204,-686.5291829084645
2018-01-20,11474.98,13099.0,9900.24,10760.05,113901.238044,1004.1461327796369,1803.7812056648906,-799.6350728852537
2018-01-23,10760.05,11794.05,9905.0,11175.27,85472.464497,780.5864303990184,1599.1422506117165,-818.5558202126981
2018-01-26,11184.7,12244.0,10311.15,11879.95,68804.979829,652.7510347401421,1409.8640074374018,-757.1129726972597
2018-01-29,11879.95,11975.02,9700.0,10285.1,57740.707289,417.93183831520764,1211.477573612963,-793.5457352977553
2018-02-01,10285.1,10335.0,8010.02,9199.96,112261.392021,142.63005378495654,997.7080696473618,-855.0780158624052
2018-02-04,9199.96,9368.0,6000.01,7652.14,195618.991335,-198.1604617733301,758.5343633632234,-956.6948251365535
2018-02-07,7655.02,8738.0,7150.01,8683.92,82782.90864,-380.59610260363297,530.7082701698522,-911.3043727734852
2018-02-10,8683.93,9065.78,7726.53,8903.0,136394.551095,-501.7162644780419,324.2233632402734,-825.9396277183153
2018-02-13,8903.0,10219.5,8351.0,10000.09,128694.522538,-503.3762629326011,158.7034380056985,-662.0797009382995
2018-02-16,10000.89,11274.0,9666.0,10383.43,141180.695109,-468.36052083366667,33.29064623782547,-501.6511670714921
2018-02-19,10375.01,11786.01,10200.0,10437.6,157098.590173,-431.2678394646009,-59.62105090265981,-371.6467885619411
2018-02-22,10439.02,10933.44,9352.0,9694.51,165151.025152,-456.56972341231995,-139.01078540459184,-317.5589380077281
2018-02-25,9694.51,10870.0,9274.8,10569.04,93957.195465,-401.4269860675122,-191.49402553717593,-209.93296053033626
2018-02-28,10584.33,11200.0,10240.0,11039.0,79804.247802,-316.1596336057137,-216.42714715088348,-99.7324864548302
2018-03-03,11038.99,11710.0,11015.01,11454.0,53727.302996,-212.64635593785533,-215.67098890827788,3.0246329704225445
2018-03-06,11455.0,11455.0,9060.0,9271.64,121272.716669,-303.2142853326932,-233.17964819316097,-70.03463713953221
2018-03-09,9267.07,9740.0,8329.0,9533.57,145618.27765,-349.82193046730754,-256.5081046479903,-93.31382581931723
2018-03-12,9533.57,9888.88,7900.28,8170.0,132130.281396,-491.1261318637444,-303.43171009114116,-187.69442177260322
2018-03-15,8184.01,8611.64,7650.0,7824.8,124216.638499,-623.7749947029606,-367.50036701350507,-256.27462768945554
2018-03-18,7824.01,9050.0,7322.0,8909.98,159650.422488,-634.0265539678403,-420.80560440437216,-213.22094956346814
2018-03-21,8909.96,9177.01,8269.0,8898.03,120580.969846,-635.7863049136249,-463.80174450622275,-171.98456040740217
2018-03-24,8898.04,8999.95,7831.0,8134.23,108501.974548,-690.849513718289,-509.21129834863603,-181.63821536965298
2018-03-27,8134.22,8215.94,6941.11,7090.14,118449.894845,-809.4065062151803,-569.2503399219449,-240.1561662932354
2018-03-30,7090.16,7292.43,6430.0,6813.01,146246.001526,-915.1762694966183,-638.4355258368796,-276.74074365973865
2018-04-02,6813.01,7520.0,6707.0,6796.1,112138.075687,-988.9639043239931,-708.5412015343023,-280.4227027896908
2018-04-05,6796.1,7070.0,6500.0,6895.8,98754.321647,-1027.5512090539987,-772.3432030382417,-255.20800601575706
2018-04-08,6895.81,7185.0,6611.0,6843.9,77832.698466,-1050.213613511367,-827.9172851328668,-222.2963283785001
2018-04-11,6839.56,8233.39,6743.2,7877.41,143903.990312,-973.5555701259836,-857.0449421314902,-116.51062799449346
2018-04-14,7877.48,8429.54,7810.0,8064.92,96232.076516,-887.4431364750308,-863.1245810001983,-24.318555474832465
2018-04-17,8064.92,8296.0,7825.4,8278.0,86235.495601,-792.8649831989269,-849.0726614399441,56.20767824101722
2018-04-20,8273.84,9035.0,8177.09,8787.02,110125.820874,-669.1242080316224,-813.0829707582799,143.95876272665748
2018-04-23,8785.7,9759.82,8730.0,8869.99,153216.942404,-557.9322707007523,-762.0528307467744,204.1205600460221
2018-04-26,8869.99,9427.48,8651.62,9348.0,115301.279701,-426.32602611729817,-694.9074698208792,268.58144370358104
2018-04-29,9348.0,9570.51,8800.49,9071.48,114170.347543,-340.4158797784985,-624.0091518124032,283.59327203390467
2018-05-02,9071.48,9844.0,8970.2,9713.99,93573.521128,-217.97361834749063,-542.8020451194207,324.82842677193
2018-05-05,9714.0,10020.0,9181.0,9365.0,86468.009916,-147.39869992322383,-463.7213760801813,316.32267615695747
2018-05-08,9365.0,9475.7,8965.0,9002.2,76262.420506,-119.36651369426,-394.85040360299706,275.48388990873707
2018-05-11,9002.21,9016.8,8153.0,8679.71,114101.238233,-121.76937048132095,-340.2341969786618,218.46482649734088
2018-05-14,8679.71,8879.99,8083.01,8330.0,96647.341577,-150.16135946854774,-302.219629476639,152.05827000809126
2018-05-17,8330.0,8464.0,7911.9,8233.49,66109.427326,-178.3933581398087,-277.45437520927294,99.06101706946424
2018-05-20,8233.49,8609.0,7935.11,7977.11,65184.556453,-218.93143848749423,-265.7497878649172,46.818349377422976
2018-05-23,7977.12,8031.9,7266.99,7457.0,107496.070009,-289.68735399080833,-270.53730109009547,-19.150052900712865
2018-05-26,7456.99,7620.0,7058.02,7099.0,65390.470549,-370.3800244963604,-290.5058457713485,-79.87417872501192
2018-05-29,7099.0,7699.0,7032.95,7485.01,102224.858555,-398.5871022486135,-312.12209706680153,-86.46500518181199
2018-06-01,7485.01,7786.69,7355.54,7714.26,82484.973248,-397.8566121428448,-329.2690000820102,-68.5876120608346
2018-06-04,7714.26,7760.52,7358.0,7658.84,91211.800397,-397.17128100991795,-342.8494562675918,-54.32182474232616
2018-06-07,7658.79,7765.0,7450.0,7491.73,67798.917049,-405.43888446976234,-355.36734190802594,-50.07154256173641
2018-06-10,7491.73,7491.73,6435.0,6530.0,123616.393526,-484.01516769932914,-381.09690706628663,-102.91826063304251
2018-06-13,6530.0,6720.0,6118.68,6388.9,120681.978842,-551.3177808541268,-415.1410818238547,-136.17669903027212
2018-06-16,6380.01,6794.38,6320.86,6712.46,73945.92383,-571.9538705810573,-446.5036395752952,-125.45023100576213
2018-06-19,6711.39,6841.74,6551.81,6718.84,76100.027643,-581.0948084516604,-473.42187335056826,-107.6729351010921
2018-06-22,6717.69,6733.97,5750.0,6136.97,126226.158377,-628.051328909236,-504.3477644623018,-123.70356444693414
2018-06-25,6137.95,6350.0,5971.0,6133.73,77767.426888,-657.9418070009624,-535.066572970034,-122.87523403092837
2018-06-28,6134.73,6528.99,5780.0,6390.07,102416.166144,-653.4135854830747,-558.7359754726422,-94.67761001043255
2018-07-01,6391.08,6685.0,6251.0,6513.86,102451.199929,-632.5445391601361,-573.497688210141,-59.04685094999513
2018-07-04,6511.01,6784.92,6425.0,6609.78,88040.960423,-601.3339240733876,-579.0649353827903,-22.268988690597325
2018-07-07,6609.79,6818.16,6508.88,6662.12,75329.23123,-565.8530840587173,-576.4225651179756,10.56948105925835
2018-07-10,6662.78,6681.0,6070.0,6250.57,98582.834537,-564.4364363656423,-574.025339367509,9.588903001866697
2018-07-13,6251.4,6395.0,6110.0,6353.01,67137.608793,-548.7223512914015,-568.9647417522875,20.242390460885986
2018-07-16,6354.15,7588.08,6330.4,7381.9,147797.943989,-448.080804850998,-544.7879543720296,96.70714952103162
2018-07-19,7381.88,7700.0,7211.0,7398.78,116245.060175,-362.7777037384203,-508.38590424530776,145.60820050688744
2018-07-22,7399.25,8486.0,7335.5,8397.24,132037.72886,-212.16134014607633,-449.1409914254615,236.97965127938517
2018-07-25,8397.24,8491.77,7805.0,8188.57,135152.136697,-108.38531351223446,-380.9898558428161,272.60454233058164
2018-07-28,8188.57,8294.51,7866.0,8173.92,91438.816566,-27.01281043999643,-310.1944467622522,283.18163632225577
2018-07-31,8171.4,8180.0,7430.0,7525.71,128544.925203,-14.66064637553609,-251.087686684909,236.4270403093729
2018-08-03,7525.71,7540.0,6882.29,7024.19,113852.761839,-44.82324551163674,-209.83479845025454,165.0115529386178
2018-08-06,7024.19,7160.0,6123.0,6285.0,137749.201463,-126.91082893152634,-193.25000454650893,66.3391756149826
2018-08-09,6283.27,6622.81,5971.0,6232.35,158109.578568,-193.97818541227753,-193.39564071966265,-0.5825446926148743
2018-08-12,6222.55,6545.0,5880.0,6188.08,142650.344586,-247.84476743665618,-204.28546606306136,-43.55930137359482
2018-08-15,6188.08,6609.0,6172.11,6584.49,175173.552447,-255.60103805476865,-214.54858046140285,-41.0524575933658
2018-08-18,6579.04,6620.0,6220.0,6254.84,148368.725426,-285.0619220085064,-228.65124877082357,-56.4106732376828
2018-08-21,6251.0,6882.54,6235.08,6525.01,159837.505592,-283.3432194422494,-239.58964290510875,-43.753576537140646
2018-08-24,6525.0,6789.0,6440.5,6700.0,77633.478459,-264.80835880552786,-244.6333860851926,-20.174972720335262
2018-08-27,6700.0,7135.0,6646.5,7031.22,129352.483302,-220.84687700974064,-239.87608427010224,19.029207260361602
2018-08-30,7033.21,7275.0,6784.81,7200.01,125507.589351,-170.42261774512554,-225.98539096510692,55.56277321998138
2018-09-02,7201.57,7410.0,7127.0,7359.06,107511.499241,-116.28654432988515,-204.04562163806256,87.75907730817741
2018-09-05,7359.05,7397.3,6265.0,6395.54,163266.008544,-149.40903331418394,-193.11830397328686,43.70927065910291
2018-09-08,6395.54,6478.0,6111.0,6312.0,107708.412423,-180.32119381967004,-190.55888194256352,10.237688122893474
2018-09-11,6311.99,6535.0,6169.68,6487.38,105003.597636,-188.4947532604965,-190.14605620615012,1.6513029456536117
2018-09-14,6487.39,6584.99,6370.0,6505.0,89985.128786,-191.34486674535492,-190.38581831399108,-0.9590484313638399
2018-09-17,6500.08,6533.84,6123.0,6391.89,107652.20149,-200.42031330192003,-192.3927173115769,-8.027595990343144
2018-09-20,6392.0,6839.03,6325.0,6723.05,106318.058858,-178.82939179151526,-189.6800522075646,10.850660416049323
2018-09-23,6723.05,6788.23,6325.02,6447.54,105892.999135,-181.85349155639506,-188.11474007733068,6.261248520935624
2018-09-26,6445.11,6814.8,6379.7,6634.58,108971.41889,-167.22982622624204,-183.93775730711295,16.707931080870907
2018-09-29,6634.58,6667.09,6464.57,6611.61,78642.191113,-155.69915024135025,-178.2900358939604,22.590885652610154
2018-10-02,6610.0,6643.46,6430.0,6593.79,76772.080044,-146.31233401111967,-171.89449551739227,25.582161506272598
2018-10-05,6591.69,6697.0,6525.0,6615.26,44442.889545,-135.577907232323,-164.63117786037841,29.0532706280554
2018-10-08,6615.26,6715.6,6530.0,6631.0,53868.860454,-124.36708389016258,-156.57835906633525,32.21127517617268
2018-10-11,6630.21,6633.92,6205.0,6332.93,96814.541776,-137.94405040111815,-152.85149733329183,14.907446932173684
2018-10-14,6332.92,7680.0,6300.0,6759.27,133933.400324,-112.99923441510145,-144.88104474965377,31.881810334552313
2018-10-17,6762.76,6811.12,6523.0,6528.88,67530.55409,-110.54652406235255,-138.01414061219353,27.467616549840983
2018-10-20,6528.88,6663.9,6505.55,6581.2,41969.772699,-103.19142023541372,-131.04959653683758,27.858176301423867
2018-10-23,6581.2,6630.0,6502.8,6528.09,36150.846977,-100.48959905777792,-124.93759704102565,24.44799798324773
2018-10-26,6528.13,6600.0,6453.0,6489.93,22964.345748,-100.27170954187932,-120.00441954119638,19.732709999317066
2018-10-29,6489.93,6505.01,6245.02,6371.93,34853.287668,-108.37140625116808,-117.67781688319073,9.306410632022647
2018-11-01,6369.52,6460.34,6345.0,6387.09,26499.717996,-112.27297596640801,-116.5968486998342,4.323872733426185
2018-11-04,6388.0,6531.31,6359.0,6519.11,31506.842798,-103.51878727075564,-113.9812364140185,10.462449143262859
2018-11-07,6522.73,6615.15,6391.01,6419.99,39318.996982,-103.38739969130256,-111.86246906947532,8.475069378172762
2018-11-10,6419.99,6497.0,6355.0,6453.07,26061.11961,-99.46739632060599,-109.38345451970146,9.916058199095474
2018-11-13,6451.68,6498.0,5403.42,5753.4,105970.358337,-151.07676808065207,-117.72211723189159,-33.354650848760485
2018-11-16,5757.09,5782.89,5549.25,5662.0,88978.043034,-197.0809565754953,-133.59388510061234,-63.48707147488295
2018-11-19,5661.94,5664.0,4326.0,4661.07,249033.673921,-310.72445517885626,-169.01999911626115,-141.7044560625951
2018-11-22,4661.08,4721.77,3824.69,3932.44,145596.150471,-454.3446953361454,-226.08493836023803,-228.25975697590735
2018-11-25,3933.68,4233.0,3652.66,3875.21,263679.448517,-566.2553143159466,-294.1190135513798,-272.13630076456684
2018-11-28,3875.63,4450.38,3874.27,4041.32,233722.212901,-634.2305820144702,-362.1413272439979,-272.0892547704723
2018-12-01,4041.27,4312.99,3827.0,3884.01,132846.597434,-692.8088050601573,-428.27482280722984,-264.53398225292744
2018-12-04,3884.76,4085.0,3500.0,3508.75,160873.148004,-760.7434378730441,-494.7685458203928,-265.9748920526513
2018-12-07,3508.75,3658.0,3222.0,3545.37,196468.300687,-802.3778830925648,-556.2904132748272,-246.08746981773766
2018-12-10,3548.49,3610.0,3324.32,3445.0,110833.039993,-833.8602788276012,-611.804386385382,-222.05589244221915
2018-12-13,3446.38,3460.0,3156.26,3211.72,114329.942256,-867.632523020834,-662.9700137124725,-204.66250930836156
2018-12-16,3211.71,3678.59,3186.0,3652.98,152760.640183,-849.0044804597392,-700.1769070619258,-148.82757339781335
2018-12-19,3653.0,4139.99,3622.55,3838.66,278025.027112,-809.9225157129008,-722.1260287921208,-87.79648692078001
2018-12-22,3840.25,4198.0,3785.0,4008.01,147587.69153,-756.5634548347471,-729.0135140006461,-27.549940834100994
2018-12-25,4010.11,4020.0,3535.0,3567.91,149452.398161,-741.2438093622932,-731.4595730729756,-9.784236289317619
2018-12-28,3567.89,3903.5,3540.04,3801.91,118061.048152,-702.127348557809,-725.5931281699424,23.46577961213336
2018-12-31,3803.12,3882.14,3630.33,3858.56,88889.928752,-658.9600091975117,-712.2665043754562,53.3064951779445
2019-01-03,3857.57,3862.74,3703.57,3770.96,89417.170781,-624.617962585341,-694.7367960174331,70.11883343209206
2019-01-06,3771.12,4069.8,3740.0,3955.13,107325.076095,-575.9020233583083,-670.9698414856082,95.06781812729992
2019-01-09,3955.45,4006.81,3465.0,3601.31,126730.322754,-559.3962359484312,-648.6551203781728,89.25888442974156
2019-01-12,3601.31,3671.87,3441.3,3626.09,83620.897023,-538.1127132090865,-626.5466389443555,88.4339257352691
2019-01-15,3626.08,3648.42,3516.62,3616.21,91373.618274,-516.0933980918317,-604.4559907738508,88.36259268201911
2019-01-18,3613.32,3720.0,3475.0,3539.28,72786.963476,-499.09725777954554,-583.3842441749898,84.28698639544427
2019-01-21,3539.26,3608.5,3434.85,3552.82,73919.722504,-479.01336143482604,-562.5100676269572,83.49670619213111
2019-01-24,3552.97,3662.94,3522.51,3565.25,57911.130195,-456.8277063335804,-541.3735953682818,84.54588903470142
2019-01-27,3565.62,3579.0,3349.92,3411.04,92685.63854,-446.5414214954699,-522.4071605937195,75.8657390982496
2019-01-30,3410.04,3489.2,3387.1,3462.07,78835.926655,-429.32280606395307,-503.7902896877662,74.46748362381311
2019-02-02,3462.2,3526.4,3426.0,3463.22,60920.119498,-410.8481323661672,-485.20185822344644,74.35372585727924
2019-02-05,3463.22,3482.72,3380.0,3398.4,79240.198514,-396.8624691286859,-467.53398040449434,70.67151127580843
2019-02-08,3398.4,3733.58,3373.1,3680.06,95978.494366,-358.91378745682823,-445.8099418149612,86.89615435813295
2019-02-11,3679.75,3684.9,3582.34,3609.4,80208.210449,-330.72842389674815,-422.7936382313186,92.06521433457044
2019-02-14,3608.34,3653.23,3568.11,3618.41,62097.366911,-304.1581427725064,-399.06653913955614,94.90839636704976
2019-02-17,3617.22,3994.52,3604.4,3907.79,139940.130938,-256.79033684584965,-370.61129868081485,113.8209618349652
2019-02-20,3907.35,4016.48,3870.66,3962.0,91252.189328,-212.42797793640784,-338.9746345319335,126.54665659552563
2019-02-23,3962.0,4198.0,3712.66,3827.92,133985.096018,-185.94615283144412,-308.3689381918356,122.42278536039146
2019-02-26,3828.44,3888.0,3677.17,3813.69,92901.704546,-164.21439637790945,-279.53802982905034,115.32363345114089
2019-03-01,3814.26,3857.0,3772.25,3807.75,59338.575935,-145.7905484855055,-252.7885335603414,106.9979850748359
2019-03-04,3807.32,3907.0,3670.69,3861.84,92480.496652,-125.37960727652217,-227.30674830357756,101.9271410270554
2019-03-07,3861.84,3971.75,3800.0,3943.04,92165.371906,-101.48180881049211,-202.14176040496048,100.65995159446837
2019-03-10,3943.43,3943.43,3826.06,3882.73,88175.455739,-86.41302871533526,-178.99601406703545,92.58298535170019
2019-03-13,3882.69,3939.22,3810.43,3923.76,73249.818785,-70.3491921312052,-157.2666496798694,86.9174575486642
2019-03-16,3924.46,4056.98,3921.98,3987.81,69837.109711,-51.85246327319828,-136.1838123985352,84.33134912533691
2019-03-19,3987.83,4069.32,3880.01,3980.64,79323.724189,-37.34177868902498,-116.41540565663315,79.07362696760818
2019-03-22,3980.85,4018.83,3950.0,3992.18,54505.061284,-24.626891579612675,-98.05770284122906,73.43081126161638
2019-03-25,3991.35,4048.0,3888.71,4038.05,94906.983696,-10.72529180352467,-80.5912206336882,69.86592883016353
2019-03-28,4039.58,4140.0,4002.0,4106.97,69682.80392,5.78639225812276,-63.31569805532601,69.10209031344877
2019-03-31,4106.99,4897.99,4067.0,4857.29,144415.794337,78.51154196729794,-34.95025005080122,113.46179201809917
2019-04-03,4857.19,5275.01,4753.5,5004.95,210712.932717,146.37436248625454,1.3146724566099302,145.0596900296446
2019-04-06,5004.96,5305.0,4928.59,5236.9,129564.759899,216.37828896137762,44.327395757563465,172.05089320381416
2019-04-09,5238.38,5422.0,4927.0,5017.37,128837.233468,251.24645598363804,85.71120780277838,165.53524818085967
2019-04-12,5017.37,5152.99,4861.22,5131.3,68850.743155,284.79004603260273,125.52697544874326,159.26307058385947
2019-04-15,5131.28,5230.4,4950.0,5202.82,76606.957208,313.5304650620483,163.12767337140428,150.402791690644
2019-04-18,5202.41,5333.42,5175.0,5291.73,66399.383598,339.5674262382572,198.4156239447749,141.15180229348232
2019-04-21,5292.91,5600.0,5165.0,5493.31,96375.527165,372.17749637644647,233.16799843110925,139.00949794533722
2019-04-24,5490.91,5582.2,5102.0,5314.1,146772.536874,379.18940322116487,262.3722793891204,116.81712383204444
2019-04-27,5315.0,5342.5,5178.8,5238.14,49712.465883,374.3023284901474,284.7582892093258,89.54403928082155
2019-04-30,5238.14,5538.0,5192.15,5492.87,62251.329281,386.52821206567387,305.11227378059544,81.41593828507843
2019-05-03,5494.81,5900.0,5477.57,5775.62,109802.125615,414.25757142466864,326.9413333094101,87.31623811525856
2019-05-06,5773.18,6028.41,5619.14,5987.29,88235.847654,448.1473250942554,351.18253166637913,96.96479342787626
2019-05-09,5986.66,7343.99,5983.71,7076.22,138099.046619,556.4582452046798,392.2376743740393,164.2205708306405
2019-05-12,7076.24,8366.0,6750.0,7947.56,249337.433275,704.484427682025,454.68702503563645,249.7974026463885
2019-05-15,7945.26,8320.0,6913.0,7355.26,196266.849366,765.1820415582124,516.7860283401517,248.39601321806072
2019-05-18,7355.28,8275.09,7156.61,7938.15,168491.595401,850.5154764576955,583.5319179636605,266.98355849403504
2019-05-21,7937.16,8042.32,7461.0,7851.51,151086.931537,900.768219168599,646.9791782046482,253.7890409639508
2019-05-24,7849.95,8740.0,7766.0,8614.43,124731.258709,990.7345763447356,715.7302578326658,275.00431851206986
2019-05-27,8612.54,8908.32,8406.6,8645.68,117238.186249,1052.4234934902024,783.068904964173,269.3545885260294
2019-05-30,8646.5,9074.26,8005.0,8544.07,146975.724298,1080.6561950316336,842.5863629776652,238.0698320539684
2019-06-02,8545.1,8814.78,7481.02,7687.03,147672.04731,1022.0927994298308,878.4876502680984,143.60514916173247
2019-06-05,7687.04,8100.0,7444.58,7980.53,119246.00086,987.9751214007274,900.3851444946242,87.58997690610317
2019-06-08,7978.94,8044.65,7506.66,7982.75,90981.873259,950.1628651511373,910.3406886259269,39.822176525210466
2019-06-11,7981.0,8309.82,7692.23,8218.54,102399.84639,928.5192699111321,913.9764048829679,14.542865028164215
2019-06-14,8216.44,9333.0,8144.32,8953.33,134916.133513,959.5963474876389,923.1003934039022,36.495954083736706
2019-06-17,8953.0,9444.0,8950.0,9255.49,131597.76127,997.1128459024221,937.9028839036063,59.20996199881586
2019-06-20,9253.76,11160.0,9175.2,10729.5,189209.91785,1132.7278478410435,976.8678766910938,155.85997114994973
2019-06-23,10729.0,11850.0,10555.18,11820.86,161823.055878,1313.1303952534545,1044.1203804035658,269.01001484988865
2019-06-26,11821.28,13970.0,10525.1,12400.63,425620.172239,1485.7564321691216,1132.447590756677,353.3088414124445
2019-06-29,12407.06,12441.54,10030.0,10624.93,245116.872871,1462.4217724059636,1198.4424270865345,263.97934531942906
2019-07-02,10624.9,12000.0,9727.0,11145.67,272889.16091,1469.014369202283,1252.5568155096842,216.45755369259882
2019-07-05,11145.67,11665.0,10796.44,11406.24,153888.642512,1478.2248154762965,1297.6904155030065,180.53439997328996
2019-07-08,11410.0,13147.08,11220.0,12108.37,239870.542555,1524.6054806143275,1343.0734285252709,181.5320520890566
2019-07-11,12108.11,12111.73,10830.0,11355.76,198073.913887,1483.5319221827067,1371.165127256758,112.36679492594862
2019-07-14,11355.78,11452.0,9350.01,9439.59,251659.448981,1281.5885710219482,1353.2498160097962,-71.66124498784802
2019-07-17,9430.17,10788.0,9060.0,10504.29,221772.915102,1193.6991811265143,1321.3396890331398,-127.64050790662554
2019-07-20,10505.78,11068.99,10100.0,10340.31,126634.142622,1098.15553740643,1276.702858707798,-178.5473213013679
2019-07-23,10343.08,10343.97,9525.0,9879.87,128973.105815,974.0545568575726,1216.173198337753,-242.1186414801805
2019-07-26,9882.15,10188.66,9165.0,9541.54,100378.264455,838.7348193123707,1140.6855225326767,-301.95070322030597
2019-07-29,9541.54,10109.8,9395.0,10080.53,101073.660805,766.1532036366443,1065.7790587534703,-299.62585511682596
2019-08-01,10080.53,10904.77,9863.46,10816.86,118520.400073,759.2947502880052,1004.4821970603773,-245.18744677237214
2019-08-04,10816.86,12330.7,10552.0,11481.69,181783.808729,798.3032583449076,963.2464093172835,-164.94315097237586
2019-08-07,11481.69,12141.17,11382.84,11879.99,159807.800115,851.5412261006568,940.9053726739583,-89.36414657330147
2019-08-10,11879.98,11985.0,11112.11,11396.08,86974.221033,844.9452039594289,921.7133389310525,-76.76813497162357
2019-08-13,11398.35,11456.16,9911.0,10293.93,125861.028299,742.2275774503814,885.8161866349184,-143.58860918453695
2019-08-16,10296.77,10536.03,9750.0,10306.78,104844.119291,654.317441838446,839.5164376756239,-185.1989958371779
2019-08-19,10306.17,10949.96,9858.0,10142.57,116897.960178,564.8859972212485,784.590349584749,-219.70435236350045
2019-08-22,10140.82,10445.0,9762.0,10134.35,89302.435755,487.7254523249103,725.2173701327813,-237.491917807871
2019-08-25,10134.61,10604.0,9906.97,10185.05,96361.94438,425.7583535904596,665.325566824317,-239.5672132338574
2019-08-28,10185.69,10299.0,9320.0,9584.54,104477.568389,324.45275368636976,597.1510041967276,-272.69825051035787
2019-08-31,9582.76,10450.0,9420.75,10340.0,81415.94301,301.6494175371681,538.0506868648157,-236.40126932764758
2019-09-03,10340.0,10900.0,10272.0,10564.49,125913.226446,298.2539898699888,490.0913474658504,-191.8373575958616
2019-09-06,10563.13,10905.87,10150.0,10381.18,110422.190369,277.5718287077252,447.5874437142254,-170.01561500650018
2019-09-09,10381.24,10480.0,9880.0,10158.33,100704.964395,240.42743658677682,406.15544228873574,-165.72800570195892
2019-09-12,10158.75,10448.81,10040.0,10335.02,88413.03605,222.68071983575828,369.46049779814024,-146.77977796238196
2019-09-15,10332.81,10360.0,10078.0,10187.82,69933.380233,194.49647486175854,334.4676932108639,-139.97121834910536
2019-09-18,10187.48,10325.0,9653.0,10168.59,94165.022951,168.66430031105665,301.3070146309025,-132.64271431984582
2019-09-21,10167.92,10176.7,9615.77,9702.25,74530.682808,109.3024051467055,262.90609273406307,-153.60368758735757
2019-09-24,9702.2,9794.99,7750.0,8063.73,222722.09121,-69.15996177860507,196.49288183152944,-265.6528436101345
2019-09-27,8063.49,8315.0,7852.15,8043.82,109900.741178,-209.78101892203813,115.23810168081596,-325.01912060285406
2019-09-30,8043.04,8500.0,7710.0,8359.94,125588.461324,-292.3459951008299,33.721282324486786,-326.06727742531666
2019-10-03,8360.0,8393.0,8005.0,8126.19,78872.230026,-372.34879985514635,-47.492734111439844,-324.8560657437065
2019-10-06,8127.55,8325.0,7762.0,8168.39,122330.833769,-427.4193870574727,-123.47806470064643,-303.9413223568263
2019-10-09,8170.79,8779.51,8115.0,8258.5,144581.934963,-458.50672019824015,-190.48379580016518,-268.02292439807496
2019-10-12,8257.95,8451.37,8160.0,8348.2,78990.737304,-470.4821895227942,-246.483474544691,-223.9987149781032
2019-10-15,8346.86,8403.0,7917.0,8070.58,97163.6056,-496.64938412724223,-296.51665646120125,-200.13272766604098
2019-10-18,8070.71,8297.0,7816.01,8223.35,92267.523458,-499.3041447532087,-337.0741541196028,-162.2299906336059
2019-10-21,8223.35,8333.0,7300.0,7466.62,128997.9653,-556.0599356168204,-380.8713104190463,-175.18862519777412
2019-10-24,7468.47,10370.0,7337.99,9230.0,286051.186852,-453.52136793883255,-395.4013219230036,-58.12004601582896
2019-10-27,9230.0,9902.1,9072.0,9407.62,238166.221373,-353.8474318043518,-387.09054389927326,33.24311209492146
2019-10-30,9407.62,9409.84,8913.0,9231.61,153212.625451,-285.76355099466673,-366.825145318352,81.06159432368526
2019-11-02,9231.4,9513.68,9066.14,9393.35,102711.895384,-216.26257826919027,-336.7126319085197,120.45005363932944
2019-11-05,9392.4,9454.95,9101.0,9216.2,122389.51489,-173.47734233590563,-304.0655739939969,130.58823165809127
2019-11-08,9214.0,9261.0,8696.0,9039.47,125998.800445,-152.07731597979,-273.6679223911555,121.59060641136551
2019-11-11,9040.16,9072.32,8567.6,8777.12,112064.799934,-154.5060438662549,-249.8355466861754,95.32950281992049
2019-11-14,8777.54,8800.0,8400.0,8491.02,100458.186464,-177.47093273609244,-235.36262389615882,57.89169116006639
2019-11-17,8490.74,8635.0,8003.0,8133.64,113582.789047,-221.949852132846,-232.68006954349627,10.730217410650283
2019-11-20,8133.83,8264.29,6790.0,7268.23,217488.1515,-323.30422086668113,-250.80489980813326,-72.49932105854788
2019-11-23,7268.23,7377.69,6515.0,7109.57,237985.836435,-411.6851739103786,-282.9809546285823,-128.70421928179627
2019-11-26,7109.99,7655.0,6840.0,7419.49,215109.252289,-451.514978444211,-316.687759391708,-134.82721905250298
2019-11-29,7418.52,7850.0,7210.0,7390.89,168504.076805,-479.85667739870405,-349.32154299310724,-130.5351344055968
2019-12-02,7391.5,7750.0,7067.0,7194.32,162633.435113,-512.2740577488203,-381.9120459442498,-130.36201180457044
2019-12-05,7194.59,7619.62,7150.0,7488.21,138994.450972,-508.39019269265646,-407.2076752939312,-101.18251739872528
2019-12-08,7487.31,7650.0,7157.1,7224.13,126202.547264,-520.6198688715294,-429.8901140094509,-90.72975486207855
2019-12-11,7224.15,7309.05,7080.3,7258.48,99991.566671,-521.5283630986069,-448.21776382728206,-73.3105992713248
2019-12-14,7257.37,7271.77,6836.0,6891.72,99821.757163,-545.5540111329419,-467.6850132884141,-77.86899784452783
2019-12-17,6891.44,7440.0,6435.0,7150.3,205010.770255,-537.5329204346808,-481.65459471766746,-55.878325717013354
2019-12-20,7151.31,7518.54,7079.5,7501.44,90736.698383,-497.111690737358,-484.7460139216056,-12.365676815752408
2019-12-23,7500.71,7695.38,7128.86,7204.63,139173.535714,-483.45469663561107,-484.48775046440676,1.033053828795687
2019-12-26,7205.01,7435.0,7076.42,7316.14,96751.445136,-458.3499326341207,-479.2601868983496,20.91025426422891
2019-12-29,7315.36,7528.45,7145.01,7195.23,86947.4714,-443.1028390986612,-472.0287173384119,28.925878239750716
2020-01-01,7195.24,7405.0,6871.04,7344.96,117172.372548,-414.16323203699267,-460.4556202781281,46.29238824113543
2020-01-04,7345.0,7795.34,7272.21,7758.0,122954.755897,-353.82088197970734,-439.128672618444,85.30779063873666
2020-01-07,7758.9,8455.0,7723.71,7817.76,268033.847131,-297.74478570143947,-410.8518952350431,113.10710953360365
2020-01-10,7817.74,8286.34,7672.0,8184.98,175348.304451,-221.1235161306995,-372.9062194141744,151.78270328347492
2020-01-13,8184.97,8916.48,8055.89,8821.41,236375.180031,-107.80333608375804,-319.88564274809113,212.0823066643331
2020-01-16,8820.01,9041.65,8586.0,8915.96,161183.558206,-10.248741048876582,-257.95826240824823,247.70952135937165
2020-01-19,8915.09,9198.98,8466.0,8736.03,146068.216664,51.94632618413743,-195.9773446897711,247.92367087390852
2020-01-22,8736.04,8818.0,8238.0,8439.0,118934.031264,76.38797343297665,-141.50428106522153,217.89225449819818
2020-01-25,8438.99,9000.0,8254.9,8907.57,110625.186092,132.04569736374197,-86.79428537942884,218.83998274317082
2020-01-28,8907.57,9578.0,8862.4,9513.21,189075.663146,222.46054434808866,-24.94331943392534,247.403863782014
2020-01-31,9511.52,9530.22,9120.0,9331.51,119821.002246,276.26863763385336,35.2990719796304,240.96956565422295
2020-02-03,9331.59,9744.45,9093.01,9612.04,169070.724332,337.6560766738803,95.77047291848038,241.88560375539993
2020-02-06,9612.03,9940.0,9526.35,9895.05,152516.664886,404.48001236992604,157.51238080876954,246.9676315611565
2020-02-09,9895.04,10323.59,9700.0,10223.08,165403.955459,478.3931242415292,221.68852949532146,256.70459474620776
2020-02-12,10223.08,10500.0,10080.0,10344.36,187390.902862,540.525241813395,285.4558719589362,255.06936985445884
2020-02-15,10344.36,10375.0,9452.67,9706.0,187942.214385,532.1211146481801,334.78892049678495,197.33219415139513
2020-02-18,9706.0,10250.0,9350.0,9596.42,185919.053828,510.73120174496944,369.9773767464219,140.75382499854754
2020-02-21,9597.21,9990.0,9550.21,9936.4,104520.40199,515.2733360601742,399.0365686091724,116.23676745100181
2020-02-24,9936.4,9990.0,8633.63,8785.25,202306.286154,421.1302978620006,403.455314459738,17.67498340226257
2020-02-27,8786.0,8971.77,8445.0,8523.61,180386.970774,321.7007346256869,387.1043984929278,-65.40366386724094
2020-03-01,8523.61,8965.75,8411.0,8760.07,159448.516791,258.9968804134696,361.4828948770362,-102.48601446356656
2020-03-04,8760.07,9170.0,8660.0,9131.88,140681.296977,236.57845468693267,336.5020068390155,-99.92355215208283
2020-03-07,9130.89,9188.0,7632.01,7929.87,239928.382959,120.43127265403928,293.2878600020203,-172.85658734798102
2020-03-10,7929.87,8149.0,4410.0,4800.0,428231.4637,-221.61590725952374,190.30710654971148,-411.9230138092352
2020-03-13,4800.01,5955.0,3782.13,5361.3,679027.956272,-442.29998374725164,63.78568849031885,-506.0856722375705
2020-03-16,5360.33,5525.0,4442.12,5393.04,514494.483972,-607.6281920068986,-70.49708760912466,-537.1311043977739
2020-03-19,5393.26,6900.0,5252.53,6186.98,547232.871316,-666.900056688879,-189.77768142507554,-477.1223752638034
2020-03-22,6187.04,6833.0,5688.0,6744.72,434928.21619,-661.2460468905583,-284.0713545181721,-377.17469237238623
2020-03-25,6744.69,6957.96,6261.0,6359.11,298097.258554,-680.0416113290175,-363.2654058803412,-316.77620544867636
2020-03-28,6359.11,6599.0,5857.76,6394.38,275360.871135,-684.2041576972806,-427.4531562437291,-256.7510014535515
2020-03-31,6394.45,7198.0,6150.11,6794.09,319138.25453,-647.7825155903956,-471.5190281130624,-176.26348747733323
2020-04-03,6793.86,7048.0,6602.1,6772.78,226756.495061,-613.5648470953674,-499.92819190952343,-113.636655185844
2020-04-06,6772.78,7459.69,6765.0,7361.28,297696.315588,-532.8180715269509,-506.50616783300893,-26.311903693941986
2020-04-09,7360.26,7371.92,6739.98,6876.83,211239.788998,-502.12851150580445,-505.6306365675681,3.5021250617636497
2020-04-12,6876.84,7177.0,6575.0,6868.7,239352.766359,-473.01026919287506,-499.1065630926295,26.096293899754414
2020-04-15,6868.57,7190.0,6468.27,7027.55,240707.752296,-432.1346061933673,-485.71217171277704,53.577565519409745
2020-04-18,7026.78,7293.08,6751.0,6826.83,185302.898119,-411.196755054797,-470.8090883811811,59.61233332638409
2020-04-21,6828.98,7738.0,6762.0,7482.39,224369.657703,-337.8110682077131,-444.20948434648756,106.39841613877445
2020-04-24,7483.96,7705.0,7388.0,7693.1,154579.163874,-259.65668599751734,-407.29892467669356,147.64223867917622
2020-04-27,7693.1,8952.89,7606.0,8778.57,295290.979728,-108.87537018044077,-347.614213777443,238.73884359700224
2020-04-30,8778.58,9460.0,8401.0,8972.05,356748.116733,25.933186316476167,-272.90473375865923,298.8379200751354
2020-05-03,8972.58,9200.0,8522.0,9021.83,251025.343316,135.2279449813941,-191.27819801064857,326.50614299204267
2020-05-06,9021.36,10067.0,8906.21,9800.01,353763.710198,281.39371949115775,-96.7438145102873,378.13753400144503
2020-05-09,9800.02,9914.25,8117.0,8561.52,434623.113427,293.9073750815287,-18.613576591924094,312.52095167345277
2020-05-12,8562.04,9939.0,8528.78,9791.98,308554.431554,398.5185026798936,64.81283926243945,333.7056634174541
2020-05-15,9791.97,9888.0,9150.0,9680.04,244126.153701,467.0075798275584,145.25178737546327,321.75579245209514
2020-05-18,9681.11,9950.0,9326.0,9511.43,235470.102127,501.89471913324996,216.58037372702063,285.31434540622934
2020-05-21,9511.43,9578.47,8815.0,9179.15,211398.208959,497.001683328499,272.66463564731635,224.33704768118264
2020-05-24,9179.01,9298.0,8642.72,8841.18,191513.547537,460.54370162017767,310.2404488418886,150.30325277828905
2020-05-27,8841.0,9625.47,8811.73,9427.07,200395.506137,473.46905838294333,342.8861707500996,130.58288763284372
2020-05-30,9426.6,10380.0,9331.23,10200.77,180648.185903,539.9197617340233,382.2928889468843,157.62687278713895
2020-06-02,10202.71,10228.99,9266.0,9789.06,212679.519059,552.9863838839119,416.43158793428984,136.55479594962208
2020-06-05,9788.14,9854.75,9372.46,9746.99,138493.849328,553.5659153815868,443.85845342374927,109.70746195783755
2020-06-08,9746.99,9992.72,9570.0,9885.0,133819.428396,558.7208655249888,466.83093584399717,91.8899296809916
2020-06-11,9885.22,9964.0,9113.0,9473.34,172297.836513,523.5534804176841,478.1754447587346,45.3780356589495
2020-06-14,9473.34,9589.0,8910.45,9525.59,168215.878242,494.2023555567721,481.3808269183421,12.821528638429982
2020-06-17,9526.97,9565.0,9215.79,9310.23,130759.34859,448.39480923489646,474.783623381653,-26.388814146756545
2020-06-20,9310.23,9780.0,9170.95,9685.69,112541.459961,437.3470187065341,467.2963024466293,-29.94928374009521
2020-06-23,9685.69,9720.0,9009.69,9249.49,158434.21,388.91074956087687,451.6191918694788,-62.708442308601946
2020-06-26,9249.49,9298.0,8833.0,9116.35,127271.404811,335.90921960845844,428.47719741727474,-92.5679778088163
2020-06-29,9116.16,9292.0,9024.67,9232.0,112071.984761,299.78142013452816,402.7380419607254,-102.95662182619725
2020-07-02,9231.99,9261.96,8940.0,9135.46,101110.556737,260.35865507507333,374.26216458359505,-113.90350950852172
2020-07-05,9135.0,9379.42,8893.03,9257.39,123124.122582,236.23143281965895,346.65601823080783,-110.42458541114888
2020-07-08,9257.4,9470.0,9125.0,9288.34,142480.462432,217.10518822844097,320.7458522303345,-103.64066400189353
2020-07-11,9288.34,9345.0,9157.5,9242.62,96174.137401,195.99892607602305,295.7964669994722,-99.79754092344916
2020-07-14,9242.61,9279.54,9047.25,9133.72,128201.703365,168.54189531756492,270.34555266309076,-101.80365734552583
2020-07-17,9133.72,9232.27,9089.81,9208.99,76660.919615,151.11371571686323,246.49918527384526,-95.38546955698203
2020-07-20,9208.99,9544.0,9131.0,9518.16,144687.350675,160.40019932637915,229.27938808435206,-68.87918875797291
2020-07-23,9518.16,9732.9,9440.33,9700.42,136466.915121,180.38727110789114,219.50096468905988,-39.11369358116875
2020-07-26,9700.42,11394.86,9650.0,10906.27,312735.93665,290.1841248272194,233.6375967166918,56.54652811052762
2020-07-29,10906.27,11444.0,10812.0,11335.46,207696.581663,407.1377381420534,268.33762500176414,138.80011314028928
2020-08-01,11335.46,12123.46,10518.5,11219.81,239572.404205,484.90267463496275,311.65063492840386,173.2520397065589
2020-08-04,11219.68,11900.0,11000.0,11762.46,197128.455581,583.5919818629118,366.03890431530544,217.55307754760634
2020-08-07,11762.47,11909.94,11322.0,11681.68,149107.154404,647.8180546840922,422.3947343890628,225.42332029502938
2020-08-10,11681.69,12067.35,11125.0,11564.33,240610.236165,681.3938319122644,474.1945538937032,207.19927801856124
2020-08-13,11564.34,11980.0,11270.36,11852.4,186189.249249,722.9144114282135,523.9385254006053,198.97588602760823
2020-08-16,11852.4,12468.0,11686.0,11945.01,202026.283973,754.5941314315551,570.0696466067952,184.52448482475984
2020-08-19,11945.1,12020.08,11485.81,11531.34,184473.730099,737.8157453209915,603.6188663496346,134.1968789713569
2020-08-22,11531.23,11824.9,11376.81,11748.2,127791.098203,733.5615026950964,629.607393618727,103.95410907636938
2020-08-25,11748.19,11767.85,11117.64,11330.38,186835.190886,688.5383610059198,641.3935870961656,47.144773909754235
2020-08-28,11330.38,11719.0,11276.89,11711.16,122105.586619,675.7928413234476,648.273437941622,27.51940338182567
2020-08-31,11711.17,12050.85,11160.1,11388.54,220723.657014,632.3696240072859,645.0926751547548,-12.723051147468937
2020-09-03,11388.54,11462.6,9825.0,10166.69,304685.310696,493.6725776882722,614.8086556614584,-121.13607797318616
2020-09-06,10166.69,10438.0,9850.0,10126.65,192480.897909,376.1868282623982,567.0842901816463,-190.89746191924814
2020-09-09,10126.66,10483.35,9981.01,10387.89,151431.121993,300.6922174214724,513.8058756296116,-213.1136582081392
2020-09-12,10387.89,10750.0,10200.0,10671.77,146276.054322,260.76302411394863,463.197305326479,-202.43428121253038
2020-09-15,10671.77,11093.0,10606.48,10939.99,182415.579755,247.90427694578648,420.1386996503405,-172.23442270455405
2020-09-18,10940.0,11179.79,10723.0,10920.28,124864.687698,233.4323322761902,382.7974261755105,-149.3650938993203
2020-09-21,10920.28,10988.86,10136.82,10241.46,166551.234734,165.2828333780617,339.2945076160207,-174.01167423795903
2020-09-24,10241.46,10820.94,10190.93,10728.6,134198.573094,148.86595722279708,301.20879753737603,-152.34284031457895
2020-09-27,10728.59,10950.0,10594.82,10840.48,122519.633386,143.23215445473943,269.61346892084873,-126.3813144661093
2020-09-30,10840.58,10920.0,10374.0,10570.4,150592.75392,115.64108784780183,238.81899270623938,-123.17790485843756
2020-10-03,10570.4,10798.0,10496.46,10792.21,79535.984589,110.40055318028317,213.13530480104816,-102.734751620765
2020-10-06,10792.2,10950.0,10525.0,10925.57,133446.422322,115.67499977205262,193.64324379524905,-77.96824402319643
2020-10-09,10925.44,11491.0,10829.0,11369.02,120931.961519,153.8640961072324,185.68741425764574,-31.823318150413343
2020-10-12,11369.02,11720.01,11172.0,11417.89,136445.673434,185.92935282445796,185.7358019710082,0.19355085344977851
2020-10-15,11417.89,11617.34,11200.0,11360.2,119927.382422,204.33080064764545,189.45480170633567,14.875998941309774
2020-10-18,11360.31,12038.38,11346.22,11909.99,132833.326546,260.2772250031612,203.61928636570082,56.657938637460404
2020-10-21,11910.0,13217.68,11886.95,12923.07,235010.280752,381.9592700110079,239.28728309476224,142.67198691624566
2020-10-24,12923.06,13350.0,12765.0,13052.19,135385.46156,483.2415643047789,288.0781393367656,195.16342496801326
2020-10-27,13052.15,13859.48,12888.0,13455.7,250124.182808,589.2755947138048,348.31763041217346,240.95796430163136
2020-10-30,13455.69,14100.0,13115.0,13761.5,174282.665922,690.0296003651638,416.66002440277157,273.3695759623922
2020-11-02,13761.49,14259.0,13195.05,14144.01,231699.040957,791.6179569254564,491.65161090730857,299.9663460181478
2020-11-05,14144.01,15960.0,14093.56,14818.3,367790.926921,915.9782025846562,576.5169292427781,339.46127334187804
2020-11-08,14818.3,15840.0,14703.88,15297.21,236205.432314,1041.1765921742317,669.4488618290688,371.72773034516285
2020-11-11,15297.21,16480.0,15272.68,16320.7,256357.984064,1209.047164164078,777.3685222960706,431.6786418680073
2020-11-14,16320.04,16880.0,15670.0,16713.57,184013.864616,1358.131433795279,893.5211045959123,464.6103291993667
2020-11-17,16713.08,18476.93,16538.0,17802.82,357250.752244,1546.3498053434269,1024.0868447454154,522.2629605980114
2020-11-20,17802.81,18965.9,17610.86,18414.43,245646.214661,1724.9815231621342,1164.2657804287592,560.715742733375
2020-11-23,18413.88,19484.21,18000.0,18719.11,289809.592221,1869.5821964028637,1305.3290636235802,564.2531327792835
2020-11-26,18718.83,18915.03,16188.0,17719.85,331212.97145,1881.8544937122351,1420.6341496413113,461.22034407092383
2020-11-29,17719.84,19888.0,17517.0,18764.96,298491.245843,1953.3945044963602,1527.1862206123212,426.208283884039
2020-12-02,18764.96,19598.0,18330.0,18650.52,213884.072957,1978.054347652056,1617.3598460202684,360.6945016317877
2020-12-05,18650.51,19420.91,18500.0,19166.9,121338.136727,2016.025514253788,1697.0929796669725,318.93253458681556
2020-12-08,19166.9,19294.84,17650.0,18254.63,194103.176509,1950.026678807808,1747.6797194951396,202.34695931266833
2020-12-11,18254.81,19411.0,17572.33,19174.99,178691.524435,1949.514694583093,1788.0467145127304,161.4679800703625
2020-12-14,19174.99,21560.0,19000.0,21335.52,223397.902875,2099.2468471753164,1850.2867410452477,248.96010613006865
2020-12-17,21335.52,24171.47,21230.0,23821.61,350573.67574,2390.9558915461457,1958.4205711454274,432.5353204007183
2020-12-20,23821.6,24295.0,21815.0,23810.79,251753.569088,2591.3923691409946,2085.014930744541,506.3774383964537
2020-12-23,23810.79,24789.86,22600.0,24712.47,267581.037554,2790.826847380369,2226.1773140717064,564.6495333086627
2020-12-26,24712.47,28422.0,24500.0,27079.41,325983.842096,3104.0903634097303,2401.759923939311,702.3304394704192
2020-12-29,27079.42,29300.0,25880.0,28923.63,240276.155584,3461.2677578668117,2613.6614907248113,847.6062671420004
2021-01-01,28923.63,34778.11,28624.57,33000.05,305134.365123,4026.847451440117,2896.2986828678727,1130.5487685722442
2021-01-04,33000.05,36939.21,28130.0,36769.36,384089.084038,4724.761143539545,3261.991175002207,1462.7699685373377
2021-01-07,36769.36,41950.0,36300.0,40088.22,348401.637611,5482.4685530927745,3706.086650620321,1776.3819024724535
2021-01-10,40088.22,41350.0,30420.0,34051.24,503313.834786,5532.053235186126,4071.279967533482,1460.7732676526439
2021-01-13,34049.15,40100.0,32380.0,36742.22,345729.225275,5722.523362351163,4401.528646497019,1320.9947158541445
2021-01-16,36737.43,37950.0,33850.0,36631.27,237204.277642,5797.6874407585165,4680.760405349319,1116.9270354091977
2021-01-19,36622.46,37850.0,30071.0,30850.13,303983.807345,5329.332602578994,4810.474844795254,518.8577577837395
2021-01-22,30851.99,33826.53,28850.0,32259.9,265545.00969,5014.115078619776,4851.202891560159,162.91218705961728
2021-01-25,32259.45,34875.0,29241.72,30366.15,269383.395542,4558.940493425296,4792.750411933186,-233.80991850788996
2021-01-28,30362.19,38531.9,29842.1,34262.88,409337.832583,4461.2187472652295,4726.444078999595,-265.2253317343657
2021-01-31,34262.89,35984.33,32171.67,35466.24,229517.217146,4429.810555860444,4667.117374371765,-237.30681851132158
2021-02-03,35472.71,38708.27,35362.38,38290.24,239546.403836,4579.997180191618,4649.693335535736,-69.69615534411787
2021-02-06,38289.32,46794.45,37351.0,46374.87,321718.52786,5290.398812585649,4777.834430945719,512.5643816399297
2021-02-09,46374.86,48678.9,43727.0,47969.51,302215.125366,5913.899592238118,5005.047463204199,908.8521290339195
2021-02-12,47968.66,49707.43,46125.0,48577.79,223373.608629,6383.526247609847,5280.743220085329,1102.7830275245178
2021-02-15,48580.47,52618.74,45570.79,52119.71,253955.0609,6961.266946290154,5616.847965326295,1344.4189809638592
2021-02-18,52117.67,57700.46,50710.2,55841.19,221366.030288,7631.452314814145,6019.768835223866,1611.6834795902796
2021-02-21,55841.19,58352.8,44892.56,48891.0,361561.168506,7515.127092833638,6318.840486745821,1196.2866060878168
2021-02-24,48891.0,52041.73,44106.78,46276.87,284615.083036,7129.812037517477,6481.034796900152,648.7772406173244
2021-02-27,46276.88,49790.0,43000.0,49587.03,234202.314982,7010.733951016009,6586.974627723324,423.7593232926847
2021-03-02,49595.76,52640.0,47047.6,48374.09,227906.692674,6740.78600346054,6617.736902870768,123.04910058977202
2021-03-05,48374.09,51450.03,46300.0,50971.75,177826.758646,6659.69099037908,6626.127720372431,33.56327000664896
2021-03-08,50959.11,57387.69,49274.67,55851.59,223393.335683,6909.53608280381,6682.809392858708,226.7266899451024
2021-03-11,55851.59,61844.0,54272.82,61188.39,238565.310252,7452.270145725706,6836.701543432107,615.5686022935988
2021-03-14,61188.38,61724.79,53271.34,56900.75,233359.174403,7450.5290252716295,6959.467039800013,491.06198547161694
2021-03-17,56900.74,60129.97,54123.69,58030.01,189394.680477,7454.342004684855,7058.442032776981,395.8999719078738
2021-03-20,58030.01,59880.0,53650.0,54083.25,155623.038219,7057.538361721599,7058.261298565905,-0.7229368443058775
2021-03-23,54083.25,57200.0,50427.56,51293.78,230727.364986,6443.702705705124,6935.349579993749,-491.64687428862544
2021-03-26,51293.78,56700.36,51214.6,55777.63,152969.637258,6247.030864601562,6797.6858369153115,-550.6549723137496
2021-03-29,55777.65,59800.0,54800.01,58740.55,183955.923186,6258.110295479382,6689.770728628126,-431.6604331487433
2021-04-01,58739.46,60200.0,56880.0,57051.94,142207.888114,6060.769333398137,6563.970449582129,-503.20111618399187
2021-04-04,57051.95,59495.24,56388.0,57991.15,149773.09849,5912.011607170403,6433.578681099784,-521.567073929381
2021-04-07,57990.03,58894.9,55473.0,58142.54,156343.437589,5740.166874574083,6294.896319794644,-554.7294452205615
2021-04-10,58142.55,61500.0,57900.01,59860.0,167438.176625,5677.121037074692,6171.341263250654,-494.2202261759621
2021-04-13,59860.01,64854.0,59805.15,63159.98,217114.733079,5826.2758819162045,6102.328186983765,-276.05230506756016
2021-04-16,63158.74,63520.61,50931.3,56150.01,275558.527836,5317.538898451108,5945.370329277233,-627.8314308261251
2021-04-19,56150.01,57526.81,53329.96,53787.63,217958.281327,4669.905092050241,5690.277281831835,-1020.372189781594
2021-04-22,53787.62,55521.48,47500.0,50047.84,292248.924629,3810.950570316796,5314.411939528827,-1503.461369212031
2021-04-25,50047.84,55460.0,46930.0,55011.97,198630.481803,3490.5498416616247,4949.639519955386,-1459.0896782937616
2021-04-28,55011.97,57963.0,52330.94,57694.27,176195.388515,3413.71793355103,4642.455202674515,-1228.737269123485
2021-05-01,57697.25,58981.44,56035.25,57169.39,137063.161985,3272.7484564438564,4368.513853428383,-1095.765396984527
2021-05-04,57169.39,58360.0,52900.0,56393.68,232770.22125,3063.1260062152214,4107.436283985751,-1044.3102777705299
2021-05-07,56393.68,59500.0,55241.63,58240.84,214058.773767,3011.336268785788,3888.2162809457586,-876.8800121599706
2021-05-10,58240.83,59500.0,48600.0,49631.32,253758.679636,2249.6437250016315,3560.5017697569333,-1310.8580447553018
2021-05-13,49537.15,51483.0,46000.0,46762.99,316851.655786,1398.4264473929434,3128.086705284136,-1729.6602578911925
2021-05-16,46762.99,49795.89,42001.0,42849.78,397906.846295,403.4169398944723,2583.1527522062033,-2179.735812311731
2021-05-19,42849.78,43584.9,30000.0,37252.01,759465.728342,-827.2920125888777,1901.063799247187,-2728.3558118360647
2021-05-22,37263.35,39920.0,31111.01,38796.29,505309.184253,-1658.9044168127075,1189.0701560352081,-2847.9745728479156
2021-05-25,38810.99,40841.0,36419.62,38529.98,303324.160594,-2312.791805685374,488.6977636910917,-2801.4895693764656
2021-05-28,38529.99,38877.83,33379.0,35641.27,321576.109376,-3029.1785427715295,-214.87749760143254,-2814.301045170097
2021-05-31,35641.26,38225.0,34153.84,37568.68,242982.771554,-3402.1761454142834,-852.3372271640028,-2549.8389182502806
2021-06-03,37568.68,39476.0,34800.0,35513.2,237666.526746,-3819.609410784935,-1445.7916638881893,-2373.8177468967456
2021-06-06,35516.07,36900.0,31000.0,33380.81,248476.348247,-4273.2351382316265,-2011.280358756877,-2261.9547794747496
2021-06-09,33380.8,38491.0,32396.82,37331.98,324600.88776,-4264.749025681529,-2461.9740921418074,-1802.7749335397216
2021-06-12,37331.98,41064.05,34600.36,40516.29,283160.967494,-3955.480202165847,-2760.6753141466156,-1194.8048880192314
2021-06-15,40516.28,41330.0,37365.0,38092.97,247992.906894,-3861.412147249961,-2980.822680767285,-880.589466482676
2021-06-18,38092.97,38202.84,33336.0,35600.16,253818.663246,-3942.5640455665707,-3173.170953727142,-769.3930918394285
2021-06-21,35600.17,35750.0,28805.0,33678.07,499953.153484,-4114.544204697064,-3361.4456039211263,-753.0986007759375
2021-06-24,33675.07,35500.0,30151.0,32283.65,310507.309903,-4313.632885443782,-3551.8830602256576,-761.749825218124
2021-06-27,32283.65,36600.0,31973.45,35911.73,269624.30825,-4131.03634887276,-3667.713717955078,-463.32263091768164
2021-06-30,35911.72,36100.0,32699.0,33786.55,205032.645124,-4110.429075503744,-3756.2567894648114,-354.17228603893227
2021-07-03,33786.54,35967.85,33125.55,33690.14,150871.928675,-4055.1321054795553,-3816.0318526677606,-239.1002528117947
2021-07-06,33690.15,35118.88,32077.0,32875.71,182154.598344,-4030.564711808416,-3858.938424495892,-171.62628731252425
2021-07-09,32875.71,34666.0,32261.07,34258.99,113487.762815,-3855.0372699087093,-3858.1581935784557,3.1209236697463894
2021-07-12,34259.0,34678.43,31550.0,32820.02,136085.588254,-3788.373350814538,-3844.2012250256726,55.82787421113471
2021-07-15,32820.03,33185.25,31020.0,31520.07,134151.682639,-3796.6711537941446,-3834.6952107793672,38.024056985222614
2021-07-18,31520.07,32435.0,29278.0,29790.35,144298.233702,-3897.8887355725383,-3847.3339157380015,-50.55481983453683
2021-07-21,29790.34,33650.0,29482.61,33634.09,179057.221187,-3626.1467414037907,-3803.0964808711597,176.949739467369
2021-07-24,33634.1,40550.0,33401.14,37237.6,248282.991175,-3084.4603728510265,-3659.369259267133,574.9088864161067
2021-07-27,37241.33,40900.0,36383.0,40016.48,243740.234739,-2403.2346382544056,-3408.1423350645878,1004.9076968101822
2021-07-30,40018.49,42599.0,38313.23,39845.44,172405.762143,-1855.767699316828,-3097.6674079150357,1241.8997085982078
2021-08-02,39850.27,40480.01,37508.56,39723.18,160284.140237,-1415.4451950287912,-2761.222965337787,1345.777770308996
2021-08-05,39723.17,44700.0,37332.7,44572.54,233494.437776,-667.4892136631897,-2342.476215002868,1674.987001339678
2021-08-08,44572.54,46700.0,42779.0,45584.99,197731.620964,6.888141693481884,-1872.6033436635978,1879.4914853570797
2021-08-11,45585.0,47886.0,43770.0,47800.0,156240.381189,711.8639256146053,-1355.7098898079573,2067.573815422563
2021-08-14,47799.99,48144.0,45500.0,45901.29,140705.64437,1104.6189252608965,-863.6441267941866,1968.263052055083
2021-08-17,45901.3,47160.0,43927.7,46760.62,164550.511534,1468.295247772825,-397.2562518807843,1865.5514996536092
2021-08-20,46760.62,49757.04,46622.99,49239.22,140603.376607,1934.2172070312008,69.03843990161272,1865.178767129588
2021-08-23,49239.22,50500.0,47126.28,48973.32,148132.967044,2256.0020217546335,506.43115627221687,1749.5708654824166
2021-08-26,48973.32,49352.84,46250.0,48895.35,118120.446525,2476.183377771522,900.3816005720779,1575.8017771994441
2021-08-29,48895.35,49632.27,46700.0,47100.89,121586.161673,2477.3237179241114,1215.7700240424847,1261.5536938816267
2021-09-01,47100.89,51000.0,46512.0,49999.14,163341.069975,2681.1849676969505,1508.853012773378,1172.3319549235725
2021-09-04,49998.0,52780.0,49370.0,52663.9,124459.162544,3022.9239529298284,1811.667200804668,1211.2567521251603
2021-09-07,52666.2,52920.0,42843.05,46395.14,238769.777939,2756.146873520498,2000.563135347834,755.583738172664
2021-09-10,46395.14,47033.0,44132.29,46025.24,111582.9548,2486.2167187294763,2097.6938520241624,388.52286670531385
2021-09-13,46025.23,48500.0,43370.0,48121.41,153489.71329,2413.6158656170883,2160.8782547427477,252.7376108743406
2021-09-16,48121.4,48843.2,46699.56,48292.74,106093.48709,2342.8966118610333,2197.281926166405,145.6146856946284
2021-09-19,48292.75,48372.83,39600.0,40734.38,192384.848418,1657.8440157631412,2089.3943440857524,-431.5503283226112
2021-09-22,40734.09,45200.0,40565.39,42810.57,191162.058262,1267.8510813187677,1925.0856915323557,-657.234610213588
2021-09-25,42810.58,44350.0,40750.0,42147.35,123251.41337,894.946177337355,1719.0577886933556,-824.1116113560006
2021-09-28,42147.35,44141.37,40753.88,43824.1,123265.02508,726.3432334506433,1520.5148776448132,-794.1716441941699
2021-10-01,43820.01,49228.08,43283.03,48200.01,127578.91224,935.0449357222969,1403.42088926031,-468.37595353801316
2021-10-04,48200.01,55750.0,46891.0,55315.0,178799.706831,1655.4794325365874,1453.8325979155657,201.64683462102175
2021-10-07,55315.0,56100.0,53357.0,54949.72,156254.71564,2171.9174065929474,1597.4495596510421,574.4678469419052
2021-10-10,54949.72,57839.04,53879.0,55996.93,195642.287379,2635.3209770748,1805.0238431357939,830.297133939006
2021-10-13,55996.91,62933.0,54167.19,61672.42,181374.689723,3421.0999456622885,2128.239063641093,1292.8608820211957
2021-10-16,61672.42,62695.78,58963.0,62009.84,126365.57064,4024.668539904196,2507.5249588937136,1517.1435810104826
2021-10-19,62005.6,67000.0,61322.22,62193.15,173595.68797,4466.307768556362,2899.2815208262436,1567.0262477301185
2021-10-22,62193.15,63732.39,59510.63,60852.22,110972.8724,4654.454540080915,3250.316124677178,1404.1384154037369
2021-10-25,60852.22,63710.63,58000.0,58413.44,139195.82905,4554.2742096220245,3511.1077416661474,1043.1664679558771
2021-10-28,58413.44,62980.0,57820.0,61859.19,136508.38281,4698.759429808109,3748.63807929454,950.1213505135693
2021-10-31,61859.19,64270.0,59405.0,63219.99,130323.58876,4866.966831038713,3972.303829643375,894.6630013953381
2021-11-03,63220.57,63500.0,60382.76,60937.12,110871.51112,4761.179959284469,4130.079055571594,631.1009037128752
2021-11-06,60940.18,67789.0,60050.0,67525.83,105548.356934,5149.635145696004,4333.990273596476,815.6448720995277
2021-11-09,67525.82,69000.0,62822.9,64774.26,147070.862694,5175.796614870895,4502.35154185136,673.4450730195349
2021-11-12,64774.25,65550.51,62278.0,65519.1,92700.15546,5196.727491120495,4641.226731705187,555.5007594153076
2021-11-15,65519.11,66401.82,58373.0,60344.87,161573.91224,4741.145271759131,4661.2104397159765,79.93483204315453
2021-11-18,60344.86,60976.0,55600.0,59707.51,146674.47667,4279.333957196686,4584.835143212118,-305.5011860154318
2021-11-21,59707.52,60029.76,55317.0,57541.27,133544.39849,3695.9431670728736,4407.056747984269,-711.1135809113957
2021-11-24,57541.26,59398.9,53500.0,53726.53,147693.43552,2892.4418566673558,4104.133769720887,-1211.6919130535316
2021-11-27,53723.72,58865.97,53256.64,57776.25,106005.99336,2553.0103245072823,3793.909080678167,-1240.8987561708846
2021-11-30,57776.25,59176.99,55777.77,56480.34,131691.74826,2154.6023682621235,3466.0477381949586,-1311.445369932835
2021-12-03,56484.26,57600.0,42000.3,49396.33,218711.884138,1252.799298631151,3023.3980502821973,-1770.5987516510463
2021-12-06,49396.32,51936.33,47100.0,50471.19,135250.60918,617.7253346908765,2542.2635071639334,-1924.5381724730569
2021-12-09,50471.19,50797.76,46751.0,49389.99,110815.45414,26.871085624377884,2039.1850228560222,-2012.3139372316443
2021-12-12,49389.99,50777.0,45672.75,48343.28,116843.43959,-519.8533668992313,1527.3773449049718,-2047.230711804203
2021-12-15,48336.95,49500.0,45456.0,46131.2,126683.53709,-1118.7367030143141,998.1545353211147,-2116.891238335429
2021-12-18,46133.83,48300.01,45500.0,46914.16,90174.26545,-1512.7398101926374,495.9756662183643,-2008.7154764110016
2021-12-21,46914.17,51375.0,46630.0,50838.81,99910.6719,-1491.1150102874162,98.55753091720823,-1589.6725412046244
2021-12-24,50838.82,51810.0,49412.0,50775.49,73390.24796,-1462.2309076803358,-213.6001568023006,-1248.630750878035
2021-12-27,50775.48,52088.0,46096.99,46464.66,114144.4249,-1766.8211873166074,-524.244362905162,-1242.5768244114454
2021-12-30,46464.66,48548.26,45678.0,47722.65,84894.7569,-1884.9731022758933,-796.3901107793083,-1088.582991496585
2022-01-02,47722.66,47990.0,45500.0,45832.01,81493.9511,-2106.8813763633516,-1058.4883638961169,-1048.3930124672347
2022-01-05,45832.01,47070.0,40610.0,41566.48,145500.9998,-2597.001290518907,-1366.190949220675,-1230.8103412982318
2022-01-08,41566.48,42786.7,39650.0,41822.49,106406.29556,-2930.9804678143555,-1679.1488529394114,-1251.831614874944
2022-01-11,41822.49,44500.0,41268.93,42560.11,106150.60771,-3100.402097116319,-1963.399501774793,-1137.002595341526
2022-01-14,42558.35,43800.0,41725.95,43071.66,75179.29179,-3157.0002158330535,-2202.1196445864452,-954.8805712466083
2022-01-17,43071.66,43176.18,41138.56,41660.01,88571.89029,-3277.9765172113184,-2417.2910191114197,-860.6854980998987
2022-01-20,41660.0,43505.0,34008.0,35071.42,221662.57049,-3860.98818903519,-2706.030453096174,-1154.957735939016
2022-01-23,35071.42,37550.0,32917.17,36958.32,185416.678581,-4123.241912668884,-2989.472745010716,-1133.7691676581676
2022-01-26,36958.32,38919.98,35507.01,37716.56,165005.30926,-4221.23646067056,-3235.8254881426847,-985.410972527875
2022-01-29,37716.57,38744.0,36632.61,38466.9,84415.40789,-4190.051374795279,-3426.670665473204,-763.3807093220753
2022-02-01,38466.9,39265.2,36250.0,37311.61,102450.23792,-4210.028628029242,-3583.342257984412,-626.6863700448303
2022-02-04,37311.98,42656.0,37026.73,42380.87,119641.4695,-3773.31737483044,-3621.3372813536175,-151.98009347682228
2022-02-07,42380.87,45492.0,41645.85,44372.72,150369.08122,-3229.2698986794567,-3542.9238048187854,313.6539061393287
2022-02-10,44372.71,45821.0,41688.88,42217.87,133889.31642,-2938.117945584767,-3421.962632971982,483.84468738721534
2022-02-13,42217.87,44751.4,41550.56,44544.86,89837.40749,-2490.8957835238543,-3235.7492630823567,744.8534795585024
2022-02-16,44544.85,44549.97,39450.0,39974.44,119563.79005,-2476.713681812049,-3083.9421468282953,607.2284650162464
2022-02-19,39974.45,40444.32,36800.0,37008.16,113829.03017,-2674.0040160057906,-3001.9545206637945,327.95050465800387
2022-02-22,37008.16,39843.0,34322.28,38327.21,217822.97247,-2692.8798730976923,-2940.1395911505742,247.2597180528819
2022-02-25,38328.68,40348.45,37000.0,37699.07,132165.27524,-2727.0885944876645,-2897.5293918179923,170.44079733032777
2022-02-28,37699.08,45400.0,37450.17,43892.98,193471.38812,-2228.711283958575,-2763.7657702461092,535.054486287534
2022-03-03,43892.99,44101.12,38407.59,39397.96,143268.4286,-2171.4234049519364,-2645.2972971872746,473.8738922353382
2022-03-06,39397.97,39693.87,37155.0,38730.63,159254.44355,-2155.028475189436,-2547.243532787707,392.21505759827096
2022-03-09,38730.63,42594.06,38223.6,38729.57,198374.28373,-2117.709274091314,-2461.3366810484285,343.62740695711454
2022-03-12,38729.57,39947.12,37555.0,39671.37,103771.64166,-1989.2078000219408,-2366.910904843131,377.7031048211902
2022-03-15,39671.37,41718.0,38098.33,40917.9,171325.6918,-1766.4226815912698,-2246.813260192759,480.3905786014893
2022-03-18,40917.89,42400.0,40135.04,41262.11,105128.52545,-1544.2874157941187,-2106.308091313031,562.0206755189124
2022-03-21,41262.11,43361.0,40467.94,42882.76,139710.0621,-1223.368476314361,-1929.720168313297,706.3516919989361
2022-03-24,42882.76,45094.14,42560.46,44511.27,133851.17763,-828.0851080460197,-1709.3931562598416,881.3080482138218
2022-03-27,44511.27,48189.84,44421.46,47434.8,137596.45668,-275.73722569279926,-1422.661970146433,1146.9247444536338
2022-03-30,47434.79,47700.22,44200.0,46283.49,145863.39991,68.31387558898132,-1124.4668009993504,1192.7806765883317
2022-04-02,46283.49,47444.11,45118.0,46580.51,115110.0889,360.784979150616,-827.4164449693573,1188.2014241199731
2022-04-05,46580.5,47200.0,42727.35,43444.19,140438.61944,335.6267271929246,-594.807810536901,930.4345377298256
2022-04-08,43444.2,43970.62,41868.0,42158.85,83037.79653,209.55679500733822,-433.93488942805317,643.4916844353913
2022-04-11,42158.85,42414.71,39200.0,41147.79,162653.73753,27.741585517127533,-341.59959443901704,369.3411799561446
2022-04-14,41147.78,41500.0,39551.94,40378.71,76638.81858,-176.3734827218359,-308.55437209558085,132.18088937374495
2022-04-17,40378.7,41760.0,38536.51,41493.18,110020.84677,-245.3791517669306,-295.9193280298508,50.54017626292023
2022-04-20,41493.19,42976.0,39177.0,39709.18,146857.64658,-438.96046908981225,-324.5275562418431,-114.43291284796913
2022-04-23,39709.19,40616.0,38200.0,40426.08,110032.16345,-528.4357408488868,-365.30919316325185,-163.12654768563493
2022-04-26,40426.08,40797.31,37702.26,39742.07,179820.05222,-647.0802900521594,-421.6634125410334,-225.41687751112602
2022-04-29,39742.06,39925.25,37386.38,38468.35,125587.08808,-834.2685802820488,-504.18444608923653,-330.08413419281226
2022-05-02,38468.35,40023.77,37517.8,39690.0,156091.99722,-873.9651771256176,-578.1405922965128,-295.8245848291049
2022-05-05,39690.0,39845.51,34785.0,35472.39,191441.94224,-1231.55430368823,-708.8233345748563,-522.7309691133737
2022-05-08,35472.4,35514.22,29730.4,31017.1,429854.572978,-1853.0896671924056,-937.6766010983662,-915.4130660940394
2022-05-11,31017.11,32162.59,26700.0,29287.05,509443.371986,-2456.939428716287,-1241.5291666219505,-1215.4102620943363
2022-05-14,29287.05,31460.0,28630.0,29874.01,170453.74433,-2855.218764055884,-1564.2670861087372,-1290.951677947147
2022-05-17,29874.01,30788.37,28654.47,30319.23,184350.65521,-3099.2067474238793,-1871.2550183717658,-1227.9517290521135
2022-05-20,30319.22,30777.33,28730.0,30293.94,117663.37197,-3257.064264337001,-2148.416867564813,-1108.6473967721881
2022-05-23,30293.93,30670.51,28669.0,29542.15,182881.84627,-3403.5961164559776,-2399.452717343046,-1004.1433991129315
2022-05-26,29542.14,29886.64,28019.56,29031.33,220059.526,-3520.36202775767,-2623.634579425971,-896.7274483316992
2022-05-29,29031.33,32399.0,28839.21,31801.04,186786.41156,-3350.7816787460833,-2769.0639992899937,-581.7176794560896
2022-06-01,31801.05,31982.97,29282.36,29700.21,214424.51037,-3347.3216140931763,-2884.715522250631,-462.60609184254554
2022-06-04,29700.21,31765.64,29485.0,31373.1,117594.75379,-3173.014707438124,-2942.3753592881294,-230.63934814999448
2022-06-07,31373.1,31589.6,29218.96,30109.93,225508.31584,-3101.0554534213406,-2974.111378114772,-126.94407530656872
2022-06-10,30109.93,30382.8,26560.0,26574.53,234580.247559,-3291.363668041573,-3037.5618361001325,-253.80183194144047
2022-06-13,26574.53,26895.84,20111.62,22583.72,642587.175143,-3721.3123413988287,-3174.311937159872,-547.0004042389569
2022-06-16,22583.72,22995.73,17622.0,18970.79,382809.586444,-4303.969537432018,-3400.243457214301,-903.726080217717
2022-06-19,18970.79,21723.0,17960.41,20723.52,341720.89239,-4571.600337316348,-3634.5148332347103,-937.0855040816373
2022-06-22,20723.51,21558.41,19770.51,21237.69,252691.43276,-4688.168168139495,-3845.2455002156676,-842.9226679238272
2022-06-25,21237.68,21888.0,20510.0,20742.56,169184.78388,-4765.567372708749,-4029.309874714284,-736.2574979944648
2022-06-28,20742.57,21212.1,18626.0,19942.21,234956.77505,-4835.744899106776,-4190.596879592782,-645.1480195139939
2022-07-01,19942.21,20918.35,18781.0,19315.83,209112.36335,-4885.586722933072,-4329.59484826084,-555.9918746722324
2022-07-04,19315.83,20750.0,19055.31,20564.51,253294.76437,-4769.350582364699,-4417.545995081612,-351.80458728308713
2022-07-07,20564.51,22527.37,20251.68,21591.83,666514.00078,-4541.979354485036,-4442.432666962297,-99.54668752273938
2022-07-10,21592.15,21607.65,19240.0,19328.75,469230.08142,-4492.609653388605,-4452.468064247559,-40.1415891410461
2022-07-13,19331.28,21200.0,18910.94,20830.04,527402.77074,-4282.970831693241,-4418.568617736695,135.5977860434541
2022-07-16,20830.04,22777.63,20478.61,22432.58,479183.85775,-3942.077158493812,-4323.270325888119,381.19316739430724
2022-07-19,22432.58,24276.74,21579.54,23152.19,687350.61859,-3572.666478255014,-4173.149556361499,600.4830781064848
2022-07-22,23152.19,23756.49,21934.57,22579.68,408925.88618,-3288.1983216205736,-3996.159309413314,707.9609877927405
2022-07-25,22577.13,23112.63,20706.5,22952.45,569133.20765,-2998.1154260053227,-3796.550532731716,798.4351067263933
2022-07-28,22954.31,24668.0,22582.13,23643.51,585387.71244,-2681.5486510816336,-3573.5501564017,892.0015053200664
2022-07-31,23644.64,24194.82,22654.37,22987.79,430026.76927,-2455.275438237357,-3349.8952127688312,894.6197745314744
2022-08-03,22985.93,23647.68,22400.0,23312.42,476055.1776,-2224.119098393694,-3124.739989893804,900.6208915001098
2022-08-06,23313.56,24245.0,22844.62,23810.0,343760.25336,-1977.9746258849118,-2895.3869170920257,917.4122912071139
2022-08-09,23810.98,24918.54,22664.69,23934.39,601858.85368,-1752.662522057406,-2666.8420380851016,914.1795160276956
2022-08-12,23933.09,25047.56,23583.0,24305.24,478265.96948,-1526.5791071263702,-2438.7894518933554,912.2103447669851
2022-08-15,24305.25,25211.32,23180.4,23342.66,632533.18345,-1408.8383221276817,-2232.799225940221,823.9609038125391
2022-08-18,23342.66,23600.0,20761.9,21140.07,611223.53121,-1476.2413159648568,-2081.487643945148,605.2463279802914
2022-08-21,21140.07,21800.0,20890.14,21529.12,582390.501,-1481.191338874727,-1961.428382931064,480.237044056337
2022-08-24,21529.11,21900.0,20107.9,20241.05,618110.62302,-1570.94191136679,-1883.3310886182094,312.38917725141937
2022-08-27,20239.14,20433.62,19520.0,20285.73,512399.91553,-1619.7926230187913,-1830.6233954983259,210.83077247953452
2022-08-30,20287.2,20576.25,19540.0,20131.46,778870.93557,-1651.913236159031,-1794.881363630467,142.968127471436
2022-09-02,20132.64,20441.26,19583.1,20000.3,538214.41427,-1668.716642623218,-1769.6484194290172,100.93177680579925
2022-09-05,20000.3,20180.0,18510.77,19292.84,866252.84655,-1719.3005463473164,-1759.578844812677,40.27829846536065
2022-09-08,19292.85,21810.8,19012.0,21648.34,999730.36429,-1551.4355074263403,-1717.9501773354098,166.51466990906943
2022-09-11,21647.21,22799.0,19860.0,20173.57,1108013.2031,-1519.8826079021965,-1678.3366634487672,158.45405554657077
2022-09-14,20173.62,20541.48,19320.01,19803.3,957687.23291,-1507.3782836835417,-1644.1449874957223,136.7667038121806
2022-09-17,19803.3,20189.0,18232.56,19537.02,814080.11548,-1501.6450577722499,-1615.645001551028,113.99994377877806
2022-09-20,19537.02,19956.0,18125.98,19401.63,1088454.14992,-1490.8407917987643,-1590.6841596005752,99.84336780181093
2022-09-23,19401.63,19500.0,18531.42,18807.38,816574.93495,-1512.790830801885,-1575.1054938408374,62.3146630389524
2022-09-26,18809.13,20385.86,18471.28,19412.82,1553885.41651,-1464.4511652823712,-1552.9746281291443,88.5234628467731
2022-09-29,19412.82,20185.0,18843.01,19310.95,1016373.02555,-1418.0156875644352,-1525.9828400162025,107.96715245176733
2022-10-02,19312.24,20475.0,18920.35,20337.82,827410.22371,-1283.5593367875408,-1477.4981393704704,193.9388025829296
2022-10-05,20337.82,20456.6,19320.0,19530.09,853236.76157,-1228.0228871841318,-1427.6030889332028,199.58020174907097
2022-10-08,19530.09,19627.38,19020.25,19131.87,428890.02372,-1202.2836986095608,-1382.5392108684746,180.25551225891377
2022-10-11,19131.87,19513.79,18190.0,19375.13,857056.79354,-1149.0110728191212,-1335.833583258604,186.8225104394828
2022-10-14,19375.58,19951.87,18975.18,19262.98,597376.58718,-1103.1255560565914,-1289.2919778182018,186.1664217616103
2022-10-17,19262.98,19706.66,19065.97,19123.97,669264.2502,-1065.693250261942,-1244.57223230695,178.8789820450079
2022-10-20,19123.35,19347.82,18650.0,19204.35,603244.79674,-1017.809212955457,-1199.2196284366514,181.41041548119438
2022-10-23,19204.29,20415.87,19070.11,20080.07,749596.01712,-898.8362582229602,-1139.1429543939132,240.30669617095305
2022-10-26,20079.02,21020.0,20000.09,20591.84,996176.21936,-754.5557237946778,-1062.2255082740662,307.66978447938845
2022-10-29,20591.84,21085.0,20237.95,20490.74,751245.00269,-640.9814506808434,-977.9766967554217,336.9952460745783
2022-11-01,20490.74,20800.0,20031.24,20207.82,972833.8651,-567.2632429628138,-895.8340059969003,328.57076303408644
2022-11-04,20207.12,21480.65,20180.96,20905.58,929353.34907,-447.38050765138905,-806.1433063277981,358.76279867640903
2022-11-07,20905.58,21069.77,15588.0,15922.81,1879609.895882,-745.842860240431,-794.0832171103248,48.24035686989373
2022-11-10,15922.68,18199.0,15754.26,16812.08,1169821.18959,-900.2423346593023,-815.3150406201204,-84.9272940391819
2022-11-13,16813.16,17190.0,15815.21,16900.57,847633.40987,-1003.8923806038947,-853.0305086168753,-150.8618719870194
2022-11-16,16900.57,17015.92,16378.61,16700.45,703756.56866,-1089.6233011518925,-900.3490671238789,-189.27423402801367
2022-11-19,16699.43,16822.41,15476.0,15781.29,583902.288113,-1217.6973465823576,-963.8187230155747,-253.87862356678284
2022-11-22,15781.29,16812.63,15616.63,16598.95,711041.69377,-1238.9369280839164,-1018.8423640292431,-220.09456405467336
2022-11-25,16599.55,16701.99,16342.81,16428.78,525919.78806,-1255.0335013049807,-1066.0805914843907,-188.9529098205901
2022-11-28,16428.77,17249.0,15995.27,17163.64,803821.46095,-1194.72108999607,-1091.8086911867265,-102.91239880934359
2022-12-01,17165.53,17324.0,16787.85,16885.2,589732.96144,-1156.0644590275951,-1104.6598447549004,-51.404614272694744
2022-12-04,16885.2,17424.25,16867.0,17088.96,631053.19495,-1096.349042069076,-1102.9976842177357,6.6486421486597465
2022-12-07,17088.96,17360.0,16678.83,17128.56,695497.45603,-1033.9104784455194,-1089.1802430632924,55.269764617773035
2022-12-10,17128.56,17270.99,16871.85,17209.83,522087.95502,-966.7258433735478,-1064.6893631253436,97.96351975179573
2022-12-13,17208.93,18387.95,17080.14,17356.34,774846.10481,-891.3840826376909,-1030.028307027813,138.6442243901222
2022-12-16,17356.96,17531.73,16527.32,16738.21,510824.02446,-871.506930122272,-998.324031646705,126.81710152443293
2022-12-19,16739.0,17061.27,16256.3,16824.67,584714.16991,-839.1048655575214,-966.4801984288682,127.37533287134681
2022-12-22,16824.68,16955.14,16559.85,16836.12,437880.57278,-803.2427937126849,-933.8327174856316,130.5899237729467
2022-12-25,16835.73,16972.83,16592.37,16706.36,423754.66474,-776.3431899172938,-902.3348119719642,125.99162205467042
2022-12-28,16706.06,16785.19,16333.0,16607.48,518952.34909,-754.3086491668655,-872.7295794109446,118.42093024407905
2022-12-31,16607.48,16799.23,16470.0,16672.87,333304.41429,-723.2327138305845,-842.8302062948726,119.59749246428805
2023-01-03,16672.78,16991.87,16605.28,16831.85,543377.29236,-677.9613375547997,-809.8564325468581,131.89509499205838
2023-01-06,16831.85,17176.99,16679.0,17127.83,447083.7499,-611.1553152583328,-770.116209089153,158.96089383082017
2023-01-09,17127.83,18000.0,17104.66,17943.26,749815.55957,-486.8011346527419,-713.4531942018708,226.65205954912892
2023-01-12,17943.26,21258.0,17892.05,20954.92,1217097.94952,-143.57867252981669,-599.47828986746,455.89961733764335
2023-01-15,20952.76,21647.45,20551.01,21134.81,747028.0522,141.3142385070023,-451.31978419256757,592.6340226995699
2023-01-18,21132.29,22755.93,20407.15,22667.21,940381.00533,485.1532515585641,-264.0251770423413,749.1784286009054
2023-01-21,22666.0,23371.8,22292.37,22916.45,893611.61656,768.8963728774943,-57.44086705837415,826.3372399358684
2023-01-24,22917.81,23816.73,22300.0,23009.65,928126.05058,989.8746431658037,152.02223498646143,837.8524081793423
2023-01-27,23009.65,23960.54,22534.88,23742.3,724638.36604,1210.170158141933,363.65181961755576,846.5183385243772
2023-01-30,23743.37,23812.66,22500.0,23732.66,877845.67301,1368.2062435717562,564.5627044083958,803.6435391633604
2023-02-02,23731.41,24255.0,23204.62,23326.84,862874.7095,1444.0584900643953,740.4618615395957,703.5966285247996
2023-02-05,23327.66,23433.33,22628.13,23240.46,782629.67089,1480.1396690536203,888.3974230424005,591.7422460112198
2023-02-08,23242.42,23452.0,21451.0,21625.19,1021542.94514,1362.6872632012564,983.2553910741717,379.4318721270847
2023-02-11,21625.19,22090.0,21351.07,21773.97,677188.00387,1267.005437952812,1040.0054004498998,227.00003750291216
2023-02-14,21774.63,25250.0,21532.77,23517.72,1187708.24586,1316.7048006447403,1095.345280488868,221.35952015587236
2023-02-17,23517.72,25192.0,23339.37,24271.76,1014126.46131,1400.7892038860518,1156.4340651683046,244.3551387177472
2023-02-20,24272.51,25250.0,23574.69,24182.21,1102365.1523,1443.5602981191514,1213.859311758474,229.70098636067746
2023-02-23,24182.21,24599.59,22722.0,23157.07,933294.839,1378.8420352177964,1246.8558564503385,131.9861787674579
2023-02-26,23157.07,23897.99,23020.97,23141.57,750170.82107,1311.1870767028558,1259.722100500842,51.46497620201376
2023-03-01,23141.57,24000.0,21971.13,22354.34,874557.06741,1180.4397778469574,1243.8656359700653,-63.4258581231079
2023-03-04,22354.34,22662.09,22157.08,22410.0,479850.96875,1068.990244237957,1208.8905576236439,-139.9003133856868
2023-03-07,22409.41,22557.91,20042.72,20362.22,1037638.66768,806.1343390544025,1128.3393139097957,-322.2049748553932
2023-03-10,20362.21,22150.0,19549.09,21997.11,1477233.23131,721.4249621834751,1046.9564435645316,-325.53148138105644
2023-03-13,21998.05,26386.87,21813.88,24285.66,1968700.97666,829.3982428437666,1003.4448034203785,-174.0465605766119
2023-03-16,24285.66,27756.84,24123.0,26907.49,1435120.98263,1113.6896935850891,1025.4937814533207,88.19591213176841
2023-03-19,26907.49,28472.0,26827.22,28105.47,1270374.96647,1419.2988963757562,1104.2548044378077,315.04409193794845
2023-03-22,28107.81,28868.05,26601.8,27454.47,439005.08658,1590.630335640515,1201.529910678349,389.100424962166
2023-03-25,27454.46,28194.4,26508.14,27124.91,188555.25353,1680.4478412110184,1297.313496784883,383.1343444261354
2023-03-28,27124.9,29184.68,26631.78,28028.53,266954.03605,1803.750925732511,1398.6009825744086,405.14994315810236
2023-03-31,28028.53,28819.71,27511.71,28171.87,145802.22584,1891.2348702922864,1497.127760117984,394.1071101743023
2023-04-03,28171.87,28775.0,27200.24,28170.01,189640.21828,1938.075512095049,1585.3173105133972,352.75820158165175
2023-04-06,28170.01,28182.05,27711.0,27938.38,84361.01085,1934.210083170201,1655.095865044758,279.1142181254429
2023-04-09,27938.38,30550.0,27800.0,30200.42,168275.29942,2089.5869683923847,1741.9940857142833,347.59288267810143
2023-04-12,30200.43,31000.0,29637.4,30466.93,189967.79634,2208.7680953511626,1835.3488876416593,373.4192077095033
2023-04-15,30466.93,30595.6,29240.65,29430.27,108303.61696,2194.275951568423,1907.134300427012,287.1416511414109
2023-04-18,29430.27,30485.0,28010.0,28243.65,225459.47462,2063.256568814788,1938.3587541045674,124.89781471022047
2023-04-21,28243.65,28374.02,27125.0,27590.6,148520.56057,1884.9980031951054,1927.6866039226752,-42.68860072756979
2023-04-24,27590.59,30036.0,26942.82,28415.29,234665.11914,1789.6425115763195,1900.077785453404,-110.43527387708446
2023-04-27,28415.29,29890.0,28378.86,29230.45,170195.82067,1759.5660151618686,1871.975431395097,-112.40941623322851
2023-04-30,29230.45,29969.39,27666.95,28669.86,155010.71918,1671.2303440091055,1831.826413917899,-160.59606990879342
2023-05-03,28669.85,29677.0,28113.69,29505.61,165607.09762,1649.645640467661,1795.3902592278514,-145.7446187601904
2023-05-06,29505.6,29820.0,27262.0,27668.79,147497.05666,1467.4082158643323,1729.7938505551479,-262.38563469081555
2023-05-09,27668.8,28331.42,26702.05,26968.62,158903.73789,1252.0529890000253,1634.2456782441234,-382.1926892440981
2023-05-12,26968.61,27200.0,25811.46,26917.62,111617.64275,1064.990597707474,1520.3946621367936,-455.40406442931953
2023-05-15,26917.61,27663.59,26544.71,27405.61,116659.51569,945.2230763505504,1405.360344979545,-460.13726862899466
2023-05-18,27405.62,27485.33,26361.2,27102.43,92387.33405,816.4310516253172,1287.5744863086995,-471.14343468338234
2023-05-21,27102.42,27495.83,26538.21,27219.61,86507.54965,715.5692538875956,1173.1734398244787,-457.60418593688314
2023-05-24,27219.61,27219.61,25871.89,26705.92,126889.70178,587.4137228521977,1056.0214964300226,-468.6077735778249
2023-05-27,26705.93,28447.14,26551.0,27736.4,101397.1147,562.5163270512239,957.3204625542629,-394.804135503039
2023-05-30,27736.39,28038.59,26605.05,26817.93,118493.36824,463.33111578776516,858.5225932009635,-395.1914774131983
2023-06-02,26817.93,27455.02,26505.0,27115.21,72234.65435,404.0564218829131,767.6293589373535,-363.57293705444033
2023-06-05,27115.2,27391.77,25351.02,26339.34,193817.65107,291.1187395143497,672.3272350527527,-381.208495538403
2023-06-08,26339.34,26810.0,25358.0,25841.21,123954.82161,159.58034176673755,569.7778563955497,-410.1975146288122
2023-06-11,25841.22,26433.21,25602.11,25934.25,100980.41341,62.12660744292225,468.2476066050243,-406.12099916210207
2023-06-14,25934.24,26518.0,24800.0,26345.0,145339.09333,17.832352830893797,378.1645558501982,-360.3322030193044
2023-06-17,26345.01,27068.09,26181.0,26844.35,85253.18946,22.759847333371,307.0836141468328,-284.3237668134618
2023-06-20,26844.35,30800.0,26652.0,29884.92,237647.92397,268.91364106227775,299.4496195299218,-30.535978467644043
2023-06-23,29884.92,31431.94,29800.0,30462.66,134668.64571,504.7921559090064,340.51812680573875,164.27402910326765
2023-06-26,30462.67,30994.97,29858.8,30077.41,128343.57583,653.1124492400995,403.0369912926109,250.07545794748864
2023-06-29,30077.4,31282.0,29500.0,30585.9,143251.45596,802.4382351919194,482.9172400724726,319.52099511944675
2023-07-02,30585.9,31380.0,30155.0,30766.51,100254.17273,924.6944123884568,571.2726745356695,353.4217378527874
2023-07-05,30766.52,31500.0,29701.02,30344.7,138605.83627,976.2926775721971,652.276675142975,324.0160024292221
2023-07-08,30344.7,31045.78,29950.0,30411.57,69745.9689,1010.9271853079226,724.0067771759645,286.9204081319581
2023-07-11,30411.57,31804.2,30210.0,31454.23,137358.34816,1109.7171023623196,801.1488422132355,308.56826014908404
2023-07-14,31454.23,31630.0,29900.0,30231.99,90628.16563,1076.969634500525,856.3130006706936,220.65663382983143
2023-07-17,30232.0,30336.96,29512.0,29909.21,86543.98986,1013.2907963238977,887.7085598013344,125.58223652256322
2023-07-20,29909.21,30417.46,29570.96,29794.0,76082.49525,942.6619539197163,898.6992386250108,43.962715294705504
2023-07-23,29793.99,30350.0,28861.9,29228.91,79487.53108,831.5049753532512,885.260385970659,-53.75541061740773
2023-07-26,29228.91,29690.0,29083.85,29314.14,80401.72619,741.7393086660995,856.5561705097472,-114.81686184364764
2023-07-29,29314.14,29530.0,29033.24,29232.25,49163.83249,656.4246774021958,816.529871888237,-160.10519448604123
2023-08-01,29232.26,30047.5,28585.7,29193.64,119378.22297,579.0221067264647,769.0283188558826,-190.00621212941792
2023-08-04,29193.65,29333.08,28807.54,29088.42,48375.66955,503.3869062628364,715.9000363372735,-212.51313007443707
2023-08-07,29088.43,30244.0,28701.03,29581.99,114671.29863,477.76506081397747,668.2730412326143,-190.50798041863686
2023-08-10,29581.99,29738.0,29252.45,29430.17,53071.97871,440.1353521481906,622.6455034157296,-182.51015126753907
2023-08-13,29430.18,29695.32,29059.6,29200.0,70048.7017,387.2764595792869,575.5716946484412,-188.29523506915427
2023-08-16,29200.01,29259.85,25166.0,26054.0,203058.89598,90.48642740046853,478.5546411988467,-388.06821379837817
2023-08-19,26054.0,26299.0,25801.09,26126.92,75484.90785,-137.2555798894973,355.3925969811779,-492.64817687067523
2023-08-22,26126.92,26819.27,25300.0,26180.05,108475.98782,-309.88347073047044,222.3373834388483,-532.2208541693187
2023-08-25,26180.05,26314.05,25777.15,26101.77,49875.2031,-447.8463655975538,88.30063363156788,-536.1469992291217
2023-08-28,26101.78,28142.85,25864.5,27299.99,132392.87991,-455.2487890336124,-20.409250901468184,-434.83953813214424
2023-08-31,27299.99,27587.51,25333.75,25869.51,108315.73155,-569.972752819318,-130.32195128503815,-439.6508015342798
2023-09-03,25869.52,26135.0,25562.62,25792.1,60575.46613,-659.5359409383818,-236.1647492157069,-423.3711917226749
2023-09-06,25792.11,26445.5,25372.51,25910.5,83949.78424,-712.7454365765261,-331.4808866878708,-381.2645498886553
2023-09-09,25910.5,26033.66,24901.0,25162.52,71401.21191,-805.9792529702099,-426.38055994433864,-379.5986930258713
2023-09-12,25162.53,26860.49,25131.48,26522.73,126378.3854,-761.3339609371142,-493.37124014289384,-267.96272079422033
2023-09-15,26522.73,26888.0,26224.0,26527.51,53186.32997,-717.2979747466561,-538.1565870636464,-179.14138768300973
2023-09-18,26527.5,27483.57,26377.35,27125.0,113398.1731,-626.9594901273922,-555.9171676763956,-71.04232245099661
2023-09-21,27125.01,27159.6,26377.7,26575.96,62115.75842,-592.8347002960327,-563.300674200323,-29.53402609570969
2023-09-24,26575.97,26738.54,25990.46,26221.67,60468.21227,-587.6052529888875,-568.1615899580358,-19.443663030851667
2023-09-27,26221.68,27308.48,26112.06,26906.96,107768.17688,-522.1447429563486,-558.9582205576985,36.81347760134986
2023-09-30,26906.96,28580.0,26886.31,27494.51,94478.58016,-418.03756566069933,-530.7740895782987,112.73652391759936
2023-10-03,27494.51,28120.39,27160.5,27410.39,89426.60374,-338.41857985173556,-492.3029876329861,153.88440778125056
2023-10-06,27410.39,28295.0,27175.94,27917.05,71025.65023,-231.7650886355732,-440.19540783350357,208.43031919793037
2023-10-09,27917.06,27987.93,26538.66,26875.52,91661.03728,-228.64847769829066,-397.88602180646103,169.23754410817037
2023-10-12,26875.52,27130.0,26555.0,26852.48,57961.66187,-225.43895656282984,-363.39660875773484,137.957652194905
2023-10-15,26852.48,30000.0,26808.25,28395.91,132102.36147,-97.23264847592873,-310.1638167013736,212.93116822544488
2023-10-18,28395.91,30207.55,28100.66,29669.04,127480.0769,105.88218148932356,-226.9546170632342,332.83679855255775
2023-10-21,29669.05,34741.91,29464.77,33069.99,143883.70706,535.1119521858636,-74.54130321341464,609.6532553992782
2023-10-24,33069.99,35280.0,32832.34,34151.66,209896.71202,951.5920066952785,130.68535876832402,820.9066479269545
2023-10-27,34151.66,34750.11,33390.95,34525.89,69896.05426,1296.9027957645303,363.9288461675653,932.973949596965
2023-10-30,34525.88,35582.0,34025.0,35421.43,119869.13963,1624.1050060522466,615.9640781445016,1008.140927907745
2023-11-02,35421.43,35984.99,34120.0,35062.07,105464.33921,1833.2848003682338,859.4282225892482,973.8565777789856
2023-11-05,35062.06,35888.0,34448.0,35399.12,85563.94154,2003.1671486173,1088.1760077948586,914.9911408224414
2023-11-08,35399.13,37972.24,35100.0,37301.63,159353.2792,2265.204918343865,1323.58178990466,941.623128439205
2023-11-11,37301.63,37417.99,36333.0,36462.93,73470.34361,2377.786020912041,1534.4226361061362,843.3633848059046
2023-11-14,36462.93,37980.0,34800.0,36163.51,146563.21367,2415.0079557342688,1710.5397000317628,704.468255702506
2023-11-17,36163.51,37500.0,35861.1,37359.86,76632.19946,2512.0843097319193,1870.8486219717943,641.2356877601251
2023-11-20,37359.85,37861.1,35632.01,37408.34,128720.55792,2563.3808912430977,2009.3550758260549,554.0258154170428
2023-11-23,37408.35,38414.0,36870.0,37780.67,79904.87992,2604.059741244815,2128.296008909807,475.76373233500817
2023-11-26,37780.67,38377.0,36707.0,37818.87,88810.07766,2609.3020340809817,2224.497213944042,384.8048201369397
2023-11-29,37818.88,38999.0,37500.0,38682.52,101150.14578,2652.5687645471407,2310.111524064662,342.45724048247894
2023-12-02,38682.51,42420.0,38641.61,41991.1,132679.90555,2920.170803920373,2432.123380035804,488.04742388456907
2023-12-05,41991.1,44488.0,41414.0,43273.14,166025.11981,3198.8232187692556,2585.4633477824946,613.359870986761
2023-12-08,43273.15,44700.0,43081.1,43789.51,86782.96322,3421.8787207873975,2752.746422383475,669.1322984039225
2023-12-11,43789.5,43804.5,40222.0,42869.03,165252.5935,3484.212932103168,2899.0397243274138,585.1732077757542
2023-12-14,42869.03,43420.0,41400.0,42278.03,99587.70776,3446.1988477254636,3008.471549007024,437.72729871843967
2023-12-17,42278.02,43497.0,40542.93,42275.99,115384.07146,3376.980076800188,3082.173254565657,294.80682223453096
2023-12-20,42275.99,44398.26,42206.0,43969.04,116117.78492,3419.3228622370734,3149.6031760999404,269.71968613713307
2023-12-23,43969.04,43988.68,42500.0,43576.13,68722.70418,3382.1875190638457,3196.1200446927214,186.06747437112426
2023-12-26,43576.12,43787.57,41637.6,42563.76,112351.77903,3233.7905690670013,3203.6541495675774,30.136419499423937
2023-12-29,42563.76,43111.0,41300.0,42283.58,89089.68333,3058.32229691487,3174.5877790370364,-116.2654821221663
2024-01-01,42283.58,45879.63,40750.0,42845.23,173515.25737,2930.7984677710047,3125.8299167838304,-195.03144901282576
2024-01-04,42845.23,44729.58,42450.0,43968.32,113948.37805,2887.0784481537703,3078.0796230578185,-191.00117490404818
2024-01-07,43968.32,47972.0,43175.0,46110.0,165766.09286,2990.7699604405134,3060.6176905343577,-69.84773009384435
2024-01-10,46110.0,48969.48,41500.0,42782.73,263709.6787,2772.5036528538767,3002.994882998262,-230.4912301443851
2024-01-13,42782.74,43400.43,41718.05,42511.1,104616.77661,2548.233313259174,2912.0425690504444,-363.8092557912705
2024-01-16,42511.1,43578.01,40683.28,41327.5,122219.47618,2249.0650037390005,2779.447055988156,-530.3820522491555
2024-01-19,41327.51,42196.86,40280.0,41580.33,75996.90353,2009.212282562352,2625.4001013029956,-616.1878187406437
2024-01-22,41580.32,41689.65,38555.0,40084.88,152676.66123,1679.1013211554455,2436.1403452734858,-757.0390241180403
2024-01-25,40084.89,42246.82,39550.0,42120.63,94631.50246,1563.7283306382888,2261.6579423464464,-697.9296117081576
2024-01-28,42120.63,43882.36,41620.81,42941.1,96456.98591,1520.9667189152897,2113.519697660215,-592.5529787449254
2024-01-31,42941.1,43745.11,41884.28,43200.0,104774.3277,1490.7840690592056,1988.9725719400133,-498.1885028808076
2024-02-03,43199.99,43569.76,42222.0,42708.7,58568.06307,1410.9556787838155,1873.3691933087737,-462.41351452495815
2024-02-06,42708.7,45614.3,42574.0,45288.65,104508.07579,1538.140778382498,1806.3235103235186,-268.1827319410206
2024-02-09,45288.66,48592.66,45242.12,48299.99,128264.64873,1860.4794087987611,1817.1546900185672,43.32471878019396
2024-02-12,48300.0,52043.71,47710.01,51795.17,171607.90812,2370.6396530417114,1927.851682623196,442.78797041851544
2024-02-15,51795.17,52816.62,50625.0,51642.64,117262.28995,2731.154378268613,2088.5122217522794,642.6421565163337
2024-02-18,51642.64,52985.0,50760.37,52258.82,101141.57113,3031.638628765264,2277.1375031548764,754.5011256103876
2024-02-21,52258.82,52366.8,50521.0,50744.15,108934.64167,3111.6837979148913,2444.0467621068797,667.6370358080117
2024-02-24,50744.15,54910.0,50585.0,54476.47,86538.77468,3436.671394280951,2642.571688541694,794.0997057392569
2024-02-27,54476.48,64000.0,54450.13,61130.98,264383.53149,4182.971062154291,2950.6515632642136,1232.3194988900773
2024-03-01,61130.99,63231.88,60777.0,63113.97,102267.58035,4878.196829722809,3336.1606165559324,1542.0362131668762
2024-03-04,63113.97,69000.0,59005.0,66074.04,296270.79626,5603.4283361685375,3789.614160478454,1813.8141756900836
2024-03-07,66074.04,69990.0,65551.0,68313.27,147194.717172,6286.400959894752,4288.971520361714,1997.429439533038
2024-03-10,68313.28,73000.0,67024.96,71452.01,182481.040767,7000.237392046125,4831.224694698597,2169.012697347528
2024-03-13,71452.0,73777.0,65600.0,69499.85,227751.375853,7324.008301657079,5329.7814160902935,1994.2268855667853
2024-03-16,69499.84,70043.0,64533.0,67609.99,161360.25013,7343.4524239829625,5732.515617668828,1610.9368063141346
2024-03-19,67610.0,68240.47,60775.0,65501.27,244783.39081,7106.7833753894665,6007.369169212956,1099.4142061765106
2024-03-22,65501.28,67628.69,62260.0,67209.99,109288.27245,6976.6780709314335,6201.2309495566515,775.447121374782
2024-03-25,67210.0,71769.54,66385.06,69469.99,141484.88588,6975.5223130690865,6356.089222259139,619.4330908099473
2024-03-28,69469.99,71552.06,68903.62,69582.18,74528.72734,6904.073302629135,6465.686038333139,438.3872642959959
2024-03-31,69582.17,71366.0,64550.0,65463.99,132641.49265,6440.899253963886,6460.728681459288,-19.829427495402342
2024-04-03,65463.99,69309.91,64493.07,67820.62,119312.93304,6192.606318354767,6407.104208838384,-214.49789048361708
2024-04-06,67820.63,72797.99,67447.83,71620.0,87392.90976,6230.588248366366,6371.801016743981,-141.21276837761434
2024-04-09,71620.0,71758.19,67518.0,70006.23,113217.18214,6060.608526884105,6309.562518772006,-248.95399188790088
2024-04-12,70006.22,71227.46,60660.57,65661.84,189067.26066,5511.805741940632,6150.011163405732,-638.2054214650998
2024-04-15,65661.85,66867.07,59678.16,61277.37,156435.36909,4669.261158387308,5853.861162402048,-1184.60000401474
2024-04-18,61277.38,65450.0,59600.01,64940.59,136513.34164,4248.159605365334,5532.720850994706,-1284.561245629372
2024-04-21,64940.58,67232.35,64237.5,66414.0,73314.31527,3987.3616409707392,5223.6490089899125,-1236.2873680191733
2024-04-24,66414.0,67070.43,62794.0,63770.01,92022.35321,3526.6761515906837,4884.254437510068,-1357.5782859193841
2024-04-27,63770.0,64370.0,61765.53,63866.0,66032.49004,3133.2075071864747,4534.04505144535,-1400.837544258875
2024-04-30,63866.0,64734.0,56552.82,59060.61,183697.94319,2405.8923298648224,4108.414507129244,-1702.5221772644218
2024-05-03,59060.6,64646.0,58811.32,64012.0,86523.84454,2203.6236031328663,3727.4563263299688,-1523.8327231971025
2024-05-06,64012.0,65500.0,60888.0,61193.03,86394.90425,1795.1633345749797,3340.997727978971,-1545.8343934039913
2024-05-09,61193.03,63469.13,60187.12,60825.99,80564.71571,1425.4073596698,2957.879654317137,-1532.472294647337
2024-05-12,60825.99,63450.0,60610.0,61577.49,74575.27116,1179.417266970071,2602.187176847724,-1422.769909877653
2024-05-15,61577.49,67451.2,61319.47,67024.0,100958.34838,1407.728763949257,2363.295494268031,-955.5667303187738
2024-05-18,67024.0,71515.56,65857.25,71446.62,83283.26293,1923.3643953266874,2275.3092744797623,-351.9448791530749
2024-05-21,71446.62,71979.0,66312.16,67969.65,117793.7876,2028.0686148352033,2225.8611425508507,-197.79252771564734
2024-05-24,67969.66,69610.0,66600.12,68507.67,52098.34879,2129.908916560271,2206.670697352735,-76.76178079246392
2024-05-27,68507.67,70687.56,67124.65,67652.42,78919.72928,2117.200789233073,2188.7767157288026,-71.57592649572962
2024-05-30,67652.41,69500.0,66670.0,67766.85,64006.20157,2092.244953985457,2169.4703633801337,-77.22540939467672
2024-06-02,67766.84,71063.45,67257.47,70537.84,74679.48418,2269.8970494013047,2189.555700584368,80.34134881693672
2024-06-05,70537.83,71997.02,68420.0,69355.6,86143.63576,2288.9056478108687,2209.425690029668,79.47995778120048
2024-06-08,69355.6,70195.94,69130.24,69540.0,36787.06617,2292.4240010057038,2226.0253522248754,66.39864878082835
2024-06-11,69540.0,69999.0,66051.0,66773.01,107690.89515,2048.327508483075,2190.4857834765153,-142.1582749934405
2024-06-14,66773.01,67370.24,65078.0,66676.87,49252.51262,1826.0717663814867,2117.6029800575097,-291.53121367602307
2024-06-17,66676.86,67298.81,64060.0,64974.37,89797.06671,1495.3178742348682,1993.1459588929815,-497.8280846581133
2024-06-20,64974.37,66482.94,63379.35,64262.01,57567.81015,1162.3131111657567,1826.9793893475367,-664.66627818178
2024-06-23,64262.01,64521.0,58402.0,61806.01,91575.05222,692.2459821382072,1600.0327079056708,-907.7867257674636
2024-06-26,61806.01,62487.81,60063.0,60427.84,65651.14349,206.1314396563539,1321.2524542558074,-1115.1210145994535
2024-06-29,60427.84,63861.76,60383.77,62899.99,53382.96578,20.131938399565115,1061.028351084559,-1040.896412684994
2024-07-02,62900.0,63288.83,56771.0,57050.01,105302.00278,-592.4886615981959,730.324948548008,-1322.813610146204
2024-07-05,57050.02,58475.0,53485.93,55857.81,122118.50232,-1160.8143321195384,352.0970924144987,-1512.9114245340372
2024-07-08,55857.81,59470.0,54260.16,57725.85,100774.15077,-1443.8376428457268,-7.089854637546409,-1436.7477882081803
2024-07-11,57725.85,59850.0,56542.47,59204.02,68771.25944,-1531.2088675702835,-311.91365722409387,-1219.2952103461896
2024-07-14,59204.01,65388.97,59194.01,65043.99,102399.84642,-1116.3458799035288,-472.80010175998086,-643.545778143548
2024-07-17,65044.0,67386.0,63238.48,66660.0,87770.97943,-649.6764066044707,-508.17536272887884,-141.50104387559185
2024-07-20,66660.01,68474.55,65777.0,67532.01,57657.07928,-207.08640437182476,-447.95757105746804,240.8711666856433
2024-07-23,67532.0,67750.98,63456.7,65799.95,89615.14527,3.8620749200999853,-357.5936418619545,361.4557167820545
2024-07-26,65799.95,69399.99,65722.63,68249.88,66823.27338,364.52709915257583,-213.1694936590484,577.6965928116242
2024-07-29,68249.88,70079.99,64530.0,64628.0,82224.98979,354.020356324414,-99.73152366235594,453.75187998676995
2024-08-01,64628.01,65659.78,59850.0,60697.99,102397.41358,28.2490865151849,-74.13540162684778,102.38448814203268
2024-08-04,60697.99,61117.63,49000.0,56022.01,249566.88865,-600.3193908170069,-179.37219946487963,-420.94719135212733
2024-08-07,56022.0,62745.14,54558.62,60837.99,123591.3865,-701.7655837032871,-283.8508763125611,-417.914707390726
2024-08-10,60837.99,61858.0,57642.21,59346.64,66194.96876,-892.216981734382,-405.5240973969253,-486.6928843374567
2024-08-13,59346.64,61800.0,56078.54,57541.06,93967.89799,-1175.2981969241591,-559.4789173023721,-615.819279621787
2024-08-16,57541.05,60284.99,57098.62,58427.35,48967.42992,-1312.9905655551847,-710.1812469529348,-602.80931860225
2024-08-19,58427.35,61820.93,57787.3,61156.03,82270.40019,-1188.2338678666129,-805.7917711356704,-382.44209673094247
2024-08-22,61156.03,64955.0,59724.87,64157.01,75216.43293,-837.5544737474629,-812.144311658029,-25.410162089433925
2024-08-25,64157.02,65000.0,58034.01,59415.0,66911.47431,-931.5408803635437,-836.023625399132,-95.51725496441168
2024-08-28,59415.0,61166.99,57701.1,59123.99,92408.77213,-1017.775576369153,-872.3740155931362,-145.40156077601682
2024-08-31,59123.99,59462.38,57128.0,59132.13,52398.58102,-1073.090445588714,-912.5173015922518,-160.57314399646214
2024-09-03,59132.12,59809.65,55606.0,56180.0,86195.92006,-1339.6969049990366,-997.9532222736088,-341.7436827254278
2024-09-06,56180.0,57008.0,52550.0,54869.95,87415.96379,-1637.8148215740948,-1125.9255421337061,-511.8892794403887
2024-09-09,54869.95,58088.0,54591.96,57338.0,89037.8662,-1655.836951978199,-1231.9078241026048,-423.9291278755943
2024-09-12,57338.0,60625.0,57324.0,59993.03,73037.54865,-1439.2896529845166,-1273.3841898789872,-165.9054631055294
2024-09-15,59993.02,61320.0,57493.3,60313.99,73351.74659,-1227.6242802346605,-1264.2322079501218,36.6079277154613
2024-09-18,60313.99,64133.32,59174.8,63201.05,95885.92871,-817.4927855704154,-1174.8843234741805,357.3915379037651
2024-09-21,63201.05,64745.88,62357.93,63339.99,46695.59787,-475.765001596199,-1035.0604590985843,559.2954575023853
2024-09-24,63339.99,65839.0,62670.0,65173.99,69371.4652,-56.30574062954838,-839.3095154047771,783.0037747752287
2024-09-27,65173.99,66498.0,64819.9,65602.01,39513.77914,307.1161389383851,-610.0243845361448,917.1405234745299
2024-09-30,65602.01,65618.8,60000.0,60649.28,105217.26978,193.25890909630107,-449.3677258096556,642.6266349059567
2024-10-03,60649.27,62484.85,59828.11,62058.0,55323.55607,214.22867022747232,-316.6484466022301,530.8771168297023
2024-10-06,62058.01,64478.19,61798.97,62160.49,54575.27068,236.3924583475964,-206.04026561226482,442.4327239598612
2024-10-09,62160.5,63417.56,58946.0,62540.0,67620.43374,281.33762045484036,-108.5646883988438,389.9023088536842
2024-10-12,62539.99,66500.0,62050.0,66083.99,60490.47333,596.0563928128904,32.359527843503045,563.6968649693873
2024-10-15,66084.0,68424.0,64800.01,67421.78,98950.43828,942.5565547137812,214.3989332175587,728.1576214962225
2024-10-18,67421.78,69400.0,67192.36,69031.99,49361.77615,1331.7394558644592,437.86703774693876,893.8724181175204
2024-10-21,69032.0,69519.52,65260.0,66668.65,81503.62522,1432.9497692347722,636.8835840445055,796.0661851902668
2024-10-24,66668.65,68850.0,65596.29,67092.76,68912.45772,1529.747823650432,815.4564319656909,714.2913916847413
2024-10-27,67092.76,73620.12,66913.73,72736.42,87828.55645,2038.3602272678181,1060.0371910261165,978.3230362417016
2024-10-30,72736.41,72961.0,68820.14,69496.01,94539.96108,2155.1223072840876,1279.0542142777108,876.0680930063768
2024-11-02,69496.0,69914.37,66835.0,67850.01,65317.76673,2090.7379277266446,1441.3909569674977,649.3469707591469
2024-11-05,67850.01,76849.99,67476.63,75857.89,182351.486012,2655.27349442408,1684.1674644588143,971.1060299652659
2024-11-08,75857.89,81500.0,75555.0,80370.01,115293.279168,3427.2551094215014,2032.784993451352,1394.4701159701494
2024-11-11,80370.01,93265.64,80216.01,90375.2,266387.407814,4791.161786591329,2584.460352079347,2206.7014345119815
2024-11-14,90375.21,91850.0,86668.21,90586.92,127375.33843,5822.038849484015,3231.9760515602807,2590.0627979237347
2024-11-17,90587.98,93905.51,88722.0,92310.79,114072.63739,6700.874738081024,3925.7557888644296,2775.118949216594
2024-11-20,92310.8,99588.01,91500.0,98892.0,157620.868432,7838.0549386846105,4708.215618828466,3129.8393198561444
2024-11-23,98892.0,98908.85,92600.19,93010.01,106806.27301,8170.466948403264,5400.665884743426,2769.8010636598374
2024-11-26,93010.01,97208.21,90791.1,95643.98,127826.70229,8547.910238656856,6030.114755526112,2517.7954831307434
2024-11-29,95643.99,98619.99,95364.99,97185.18,59144.21989,8869.16056305889,6597.923917032668,2271.236646026221
2024-12-02,97185.17,99000.0,93578.17,98587.32,117636.52992,9131.630981743569,7104.665329974849,2026.96565176872
2024-12-05,98587.32,104088.0,90500.0,99831.99,169903.208662,9332.495942459558,7550.231452471791,1782.2644899877669
2024-12-08,99831.99,101351.0,94150.05,96593.0,120270.80216,9125.134576154887,7865.212077208411,1259.9224989464765
2024-12-11,96593.0,102540.0,95658.24,101424.25,88889.90959,9244.080690005576,8140.985799767845,1103.0948902377313
2024-12-14,101424.24,107793.07,100609.41,106058.66,77723.027775,9601.622965073722,8433.11323282902,1168.5097322447018
2024-12-17,106058.65,108353.0,95700.0,97461.86,134520.332016,9086.543859043668,8563.79935807195,522.7445009717176
2024-12-20,97461.86,99540.61,92232.54,95186.27,105721.50749,8397.912948518206,8530.622076161202,-132.70912764299646
2024-12-23,95186.28,99569.15,92520.0,99429.6,70959.15701,8101.183853963856,8444.734431721734,-343.5505777578783
2024-12-26,99429.61,99963.7,93500.01,95300.0,56079.52446,7446.955829980099,8245.178711373408,-798.2228813933089
2024-12-29,95300.0,96250.0,91530.45,93576.0,60807.46217,6711.991357286475,7938.541240556022,-1226.5498832695466
2025-01-01,93576.0,98976.91,92888.0,98174.18,47597.64497,6426.480942984796,7636.129181041777,-1209.6482380569814
2025-01-04,98174.17,102480.0,97276.79,102235.6,42349.12749,6453.5421176147065,7399.611768356363,-946.0696507416569
2025-01-07,102235.6,102724.38,91203.67,92552.49,100309.39116,5628.757429730831,7045.440900631257,-1416.683470900426
2025-01-10,92552.49,95836.0,92206.02,94545.06,47137.63476,5077.364669369053,6651.825654378817,-1574.4609850097631
2025-01-13,94545.07,100681.94,89256.69,100497.35,100976.17355,5062.326641514446,6333.925851805943,-1271.599210291497
2025-01-16,100497.35,105865.22,97335.13,104556.23,91312.53607,5316.639677907398,6130.468617026234,-813.8289391188355
2025-01-19,104556.23,109588.0,99550.0,106143.82,178867.534732,5581.944653110913,6020.76382424317,-438.819171132257
2025-01-22,106143.82,107120.0,101262.28,104870.5,99811.05302,5624.617386924379,5941.5345367794125,-316.91714985503313
2025-01-25,104870.51,105500.0,97777.77,102082.83,69638.97025,5371.5740030240995,5827.54243002835,-455.96842700425077
2025-01-28,102082.83,106457.44,100272.68,104722.94,64551.49039,5322.713186543537,5726.576581331388,-403.8633947878516
2025-01-31,104722.94,106012.0,96150.0,97700.59,68893.63879,4663.586755551165,5513.978616175344,-850.3918606241787
2025-02-03,97700.59,102500.01,91231.0,96612.43,141666.02991,4007.226084482463,5212.628109836768,-1205.402025354305
2025-02-06,96612.44,100137.99,95620.34,96444.74,65456.66764,3433.940019292102,4856.890491727835,-1422.950472435733
2025-02-09,96444.75,98478.42,94713.0,95778.2,53341.55529,2892.479768566962,4464.008347095661,-1571.5285785286987
2025-02-12,95778.21,98826.0,94088.23,97500.48,67245.96887,2572.6858995536313,4085.7438575872548,-1513.0579580336234
2025-02-15,97500.47,97972.26,95205.0,95780.0,32032.84683,2155.570521841728,3699.7091904381496,-1544.1386685964217
2025-02-18,95780.01,98711.36,93388.09,98305.0,56864.09602,2005.6303196817753,3360.893416286875,-1355.2630966050997
2025-02-21,98305.01,99475.0,94871.95,96258.0,54402.30761,1702.0061690472648,3029.115966838953,-1327.1097977916884
2025-02-24,96258.0,96500.0,82256.01,84250.09,166776.75819,486.8319636322267,2520.6591661976076,-2033.827202565381
2025-02-27,84250.09,87078.46,78258.52,86064.53,151938.54872,-326.0338891987194,1951.3205551183423,-2277.3544443170617
2025-03-02,86064.54,95000.0,81500.0,87281.98,169669.29969,-862.0605956708459,1388.6443249605047,-2250.7049206313504
2025-03-05,87281.98,92810.64,84667.03,86801.75,130586.81778,-1310.5094329846615,848.8135733714715,-2159.323006356133
2025-03-08,86801.74,86897.25,77459.91,78595.86,86738.00804,-2301.524568395951,218.74594501798708,-2520.2705134139383
2025-03-11,78595.86,84539.85,76606.0,81115.78,108250.32865,-2850.7134685797646,-395.1459377015633,-2455.567530878201
2025-03-14,81115.78,85309.71,80818.84,82574.53,55779.38606,-3132.1353878852824,-942.5438277383071,-2189.591560146975
2025-03-17,82574.52,87000.0,81134.66,86845.94,62976.69615,-2976.189536766964,-1349.2729695440385,-1626.9165672229256
2025-03-20,86845.93,87453.67,83175.25,83840.59,39467.5002,-3059.8360689475667,-1691.3855894247442,-1368.4504795228224
2025-03-23,83840.59,88765.43,83809.75,87392.87,61220.85172,-2807.1284110384004,-1914.5341537474756,-892.5942572909248
2025-03-26,87392.88,88275.0,83585.0,84424.38,62689.55551,-2813.9506344880356,-2094.4174498955877,-719.5331845924479
2025-03-29,84424.38,84624.73,81278.52,82550.01,42130.03257,-2936.75026101424,-2262.884012119318,-673.8662488949221
2025-04-01,82550.0,88500.0,81211.24,83213.09,87459.69532,-2946.598284520369,-2399.6268665995285,-546.9714179208404
2025-04-04,83213.09,84720.0,77153.83,78430.0,70218.6588,-3302.2915418596967,-2580.1598016515622,-722.1317402081345
2025-04-07,78430.0,83588.0,74508.0,82615.22,189193.13924,-3209.471939582989,-2706.0222292378476,-503.4497103451413
2025-04-10,82615.22,85905.0,78464.36,85276.9,86190.98952,-2887.8471008809283,-2742.387203566464,-145.45989731446434
2025-04-13,85276.91,86496.42,83034.23,83643.99,74250.13057,-2733.212516702595,-2740.5522661936902,7.339749491095063
2025-04-16,83643.99,85500.0,83111.64,84474.69,41126.05606,-2514.645677056309,-2695.370948366214,180.7252713099051
2025-04-19,84474.7,88465.99,83949.52,87516.23,49531.6314,-2072.116948819952,-2570.720148456962,498.60319963700977
2025-04-22,87516.22,94696.05,87076.03,93980.47,90773.97584,-1186.1266694459482,-2293.801452654759,1107.6747832088108
2025-04-25,93980.47,95758.04,92855.96,93749.3,48078.57623,-496.89853980026965,-1934.4208700838612,1437.5223302835916
2025-04-28,93749.29,95630.0,92800.01,94172.0,56774.14881,82.47732860929682,-1531.0412303452297,1613.5185589545265
2025-05-01,94172.0,97895.68,94130.43,95856.42,46009.54992,669.8340650713944,-1090.866171261905,1760.7002363332995
2025-05-04,95856.42,96920.65,93377.0,96834.02,44410.21044,1200.365592897011,-632.6198184301218,1832.9854113271329
2025-05-07,96834.02,104361.3,95784.61,102971.99,79224.26608,2091.983449821404,-87.69916477981661,2179.682614601221
2025-05-10,102971.99,105819.45,100718.37,102791.32,64584.686,2752.2917599493812,480.299020166023,2271.992739783358
2025-05-13,102791.32,104976.25,101383.07,103763.71,55705.31823,3315.8317549505155,1047.4055671229216,2268.426187827594
2025-05-16,103763.71,106660.0,102612.5,106454.26,48534.76372,3934.195206818069,1624.7634950619513,2309.4317117561177
2025-05-19,106454.27,110797.38,102000.0,109643.99,99496.558335,4628.285259343131,2225.4678479181875,2402.817411424943
2025-05-22,109643.99,111980.0,106800.0,107761.91,80151.02751,4969.206579591075,2774.215594252765,2194.9909853383097
2025-05-25,107761.9,110718.0,106600.64,108938.17,53635.81923,5273.513749818478,3274.075225365908,1999.4385244525697
2025-05-28,108938.17,109284.7,103621.0,103985.48,59174.98744,5056.747643873357,3630.609709067398,1426.1379348059595
2025-05-31,103985.47,105935.63,103068.55,105857.99,34453.04741,4978.663912504679,3900.2205497548543,1078.4433627498242
2025-06-03,105858.0,106794.67,100372.26,101508.68,49615.9227,4513.796784936581,4022.9357967912,490.86098814538127
2025-06-06,101508.69,106488.14,101095.8,105734.0,32232.06896,4435.207932455174,4105.390223923995,329.81770853117905
2025-06-09,105734.01,110530.17,105318.37,108645.12,50163.11928,4555.3178864090005,4195.375756420996,359.9421299880041
2025-06-12,108645.13,108813.55,102664.31,105414.64,52758.42921,4339.806563878126,4224.261917912423,115.54464596570324
2025-06-15,105414.63,108952.38,103371.02,104551.17,39953.19612,4052.6213788311143,4189.933810096161,-137.31243126504705
2025-06-18,104551.17,106524.65,102345.0,103297.99,38066.31187,3681.4662466281006,4088.2402974025495,-406.7740507744488
2025-06-21,103297.98,106074.2,98200.0,105333.93,67567.13013,3511.1323254248564,3972.818703007011,-461.6863775821548
2025-06-24,105333.94,108272.45,104622.02,106947.06,41926.12165,3466.3496541069326,3871.5248932269956,-405.175239120063
2025-06-27,106947.06,108528.5,106356.76,108356.93,22346.35034,3504.229217557484,3798.0657580930933,-293.8365405356094
2025-06-30,108356.93,109730.0,105100.19,108849.6,37951.6452,3533.274012653419,3745.107409005159,-211.8333963517398
2025-07-03,108849.59,110529.18,107245.0,108198.12,28577.9241,3463.7947608037503,3688.844879364877,-225.05011856112696
2025-07-06,108198.12,109700.0,107429.57,108922.98,25069.00381,3427.709594701533,3636.6178224322084,-208.9082277306752
2025-07-09,108922.99,118869.98,108324.53,117527.66,68039.258313,4046.788742687553,3718.6520064832775,328.1367362042756
2025-07-12,117527.66,123218.0,116900.05,119841.18,45266.746194,4670.259314554787,3908.97346809758,761.2858464572073
2025-07-15,119841.17,120998.71,115736.92,119177.56,64786.94585,5052.572733373236,4137.693321152711,914.8794122205245
2025-07-18,119177.56,120820.71,116467.02,117265.12,39523.39461,5141.967546027299,4338.548166127629,803.4193798996703
2025-07-21,117265.11,120247.8,116128.0,118755.99,52625.21184,5272.338096727472,4525.306152247598,747.0319444798733
2025-07-24,118756.0,119450.0,114723.16,117919.99,61204.91122,5247.707182356069,4669.786358269293,577.9208240867765
2025-07-27,117919.99,119800.0,116950.75,117950.76,38427.99118,5171.06111346274,4770.041309307982,401.01980415475737
2025-07-30,117950.75,118922.45,112722.58,113297.93,57083.84567,4680.915377281781,4752.216122902742,-71.3007456209616
2025-08-02,113297.92,115720.0,111920.0,115055.03,28572.7739,4383.721818994323,4678.517262121059,-294.79544312673534
2025-08-05,115055.03,117621.0,112650.0,117472.01,35272.50659,4293.7284406324325,4601.559497823333,-307.83105719090054
2025-08-08,117472.02,119311.11,115878.71,119294.01,33882.21495,4319.634159116627,4545.174430081992,-225.54027096536447
2025-08-11,119294.27,123667.79,118050.11,123306.43,66424.51424,4610.783150417716,4558.296174149137,52.48697626857847
2025-08-14,123306.44,124474.0,116803.99,117380.66,47997.967496,4313.635800007818,4509.364099320874,-195.7282993130557
2025-08-17,117380.66,118575.0,112732.58,112872.94,41710.0557,3672.0796046723553,4341.90720039117,-669.8275957188143
2025-08-20,112872.95,117429.05,111684.79,116935.99,49604.12466,3451.7067495842057,4163.867110229777,-712.160360645571
2025-08-23,116936.0,117030.0,109274.1,110111.98,57688.14038,2695.3487947477843,3870.163447133378,-1174.814652385594
2025-08-26,110111.98,113485.9,108666.66,112566.9,42949.32496,2267.8785019870993,3549.7064581041227,-1281.8279561170234
2025-08-29,112566.9,112638.64,107350.1,108246.35,42778.218,1562.4618509411084,3152.25753667152,-1589.7956857304116
2025-09-01,108246.36,112575.27,107255.0,111705.71,46337.61059,1267.939496407169,2775.39392861865,-1507.4544322114812
2025-09-04,111705.72,113384.62,109329.12,110187.97,38790.84321,901.6656346337841,2400.648269821677,-1498.9826351878928
2025-09-07,110187.98,113293.29,110180.0,111546.39,32642.98403,712.7875305704802,2063.0761219714377,-1350.2885914009576
2025-09-10,111546.38,116665.63,110917.45,116029.42,46518.25661,914.3038019673695,1833.321657970624,-919.0178560032546
2025-09-13,116029.41,116757.99,114384.0,115349.71,28189.5174,1007.5456236946629,1668.166451115432,-660.620827420769
2025-09-16,115349.71,117900.0,114720.81,117073.53,39338.38845,1206.6290381682484,1575.8589685259954,-369.229930357747
2025-09-19,117073.53,117459.99,115100.0,115232.29,18178.54036,1201.9757698706962,1501.0823287949356,-299.1065589242394
2025-09-22,115232.29,115379.25,111042.66,113307.0,45452.29353,1031.0479298099963,1407.0754489979477,-376.0275191879514
2025-09-25,113307.01,113510.23,108620.07,109635.85,40975.95191,592.5250017873914,1244.1653595558366,-651.6403577684453
2025-09-28,109635.85,114792.0,109189.99,114048.93,38127.60798,594.2410553105728,1114.180498706784,-519.9394433962111
2025-10-01,114048.94,123894.99,113966.67,122232.0,63643.55819,1241.5940766713466,1139.6632142996966,101.93086237164994
2025-10-04,122232.21,126199.63,121510.0,124658.54,49745.893126,1928.2004144705716,1297.3706543338717,630.8297601366999
2025-10-07,124658.54,125126.0,119651.47,121662.4,60205.97192,2205.1577399318194,1478.9280714534614,726.229668478358
2025-10-10,121662.41,122550.0,102000.0,114958.8,131875.75851,1862.2569807925465,1555.5938533212786,306.6631274712679
2025-10-13,114958.81,115963.81,109866.0,110763.28,77414.05818,1237.6948819707031,1492.0140590511637,-254.31917708046058
2025-10-16,110763.28,111982.45,103528.23,107185.01,78901.02856,448.8147774012177,1283.3742027211747,-834.559425319957
2025-10-19,107185.0,114000.0,106103.36,108297.67,71902.12242,-85.6091766335885,1009.5775268502221,-1095.1867034838106
2025-10-22,108297.66,112104.98,106666.69,111004.89,61189.04658,-287.3812297761324,750.1857755249513,-1037.5670053010836
2025-10-25,111004.9,116400.0,110672.86,114107.65,41312.67842,-194.67612919236126,561.2133945814888,-755.8895237738501
2025-10-28,114107.65,116086.0,106304.34,108322.88,62591.96471,-581.2885303966177,332.71300958586755,-914.0015399824853
2025-10-31,108322.87,111250.01,108275.28,110540.68,41003.70957,-700.6470950962685,126.04098864944035,-826.6880837457088
2025-11-03,110540.69,110750.0,98944.36,103885.16,112994.83726,-1317.1017301732645,-162.58755511510066,-1154.5141750581638
2025-11-06,103885.16,104200.0,99260.86,102312.94,70264.91066,-1910.4885612999933,-512.1677563520792,-1398.320804947914
2025-11-09,102312.95,107500.0,101400.0,103058.99,63217.73487,-2294.1068641907477,-868.555577919813,-1425.5512862709347
2025-11-12,103059.0,105333.33,94012.45,94594.0,103944.29158,-3243.7887041855865,-1343.6022031729678,-1900.1865010126187
2025-11-15,94594.0,96846.68,91220.0,92215.14,78218.89707,-4140.641784475709,-1903.0101194335161,-2237.6316650421927
2025-11-18,92215.14,93836.01,86100.0,86637.23,111854.97602,-5241.079134737505,-2570.623922494314,-2670.4552122431915
2025-11-21,86637.22,88127.64,80600.0,86830.0,106184.5236,-6028.1400885353505,-3262.127155702521,-2766.0129328328294
2025-11-24,86830.0,90656.08,85272.0,90484.02,65905.99144,-6284.597757880823,-3866.621276138182,-2417.976481742641
2025-11-27,90484.01,93092.0,90089.91,90802.44,43094.25235,-6388.505757990482,-4370.998172508643,-2017.5075854818397
2025-11-30,90802.44,92307.65,83822.76,91277.88,72406.98134,-6359.184837757406,-4768.635505558395,-1590.5493321990107
2025-12-03,91277.88,94150.0,88056.0,89330.04,65309.43862,-6419.126511788374,-5098.733706804391,-1320.3928049839833
2025-12-06,89330.04,92287.15,87719.28,90634.34,37224.25088,-6288.890199285146,-5336.765005300542,-952.1251939846043
2025-12-09,90634.35,94588.99,89260.63,92513.38,60211.69855,-5965.2900091554475,-5462.470006071523,-502.82000308392435
2025-12-12,92513.38,92754.0,87577.36,88172.17,31991.83961,-5990.083934163165,-5567.992791689852,-422.0911424733131
2025-12-15,88172.16,90365.85,85146.64,86243.22,58068.85936,-6095.122662483598,-5673.418765848602,-421.70389663499645
2025-12-18,86243.23,89477.61,84450.01,88360.9,51785.19961,-5939.026137236258,-5726.5402401261335,-212.48589711012482
2025-12-21,88360.91,90588.23,86601.9,87486.0,35716.42132,-5818.839672871691,-5745.000126675245,-73.83954619644555
2025-12-24,87486.0,89567.75,86420.0,87369.56,34582.0406,-5667.653586285509,-5729.530818597298,61.87723231178916
2025-12-27,87369.56,90406.08,86806.5,87237.13,28810.83016,-5495.178520313028,-5682.660358940445,187.48183862741735
2025-12-30,87237.13,89400.0,86845.66,88839.04,30944.10181,-5169.637673521924,-5580.055821856741,410.4181483348175
2026-01-02,88839.05,91810.0,88379.88,91529.73,34880.96987,-4641.029116366233,-5392.25048075864,751.2213643924069
2026-01-05,91529.74,94789.08,90675.52,91364.16,53496.50438,-4187.195755445195,-5151.239535695951,964.0437802507568
2026-01-08,91364.16,92082.55,89311.0,90504.7,34827.18778,-3852.471888564687,-4891.486006269699,1039.0141177050118
2026-01-11,90504.7,96495.0,90128.44,95414.0,44686.73344,-3154.695959942459,-4544.1279970042515,1389.4320370617925
2026-01-14,95413.99,97924.49,94293.46,95550.94,55745.42257,-2561.130477860177,-4147.528493175437,1586.3980153152597
2026-01-17,95550.94,95639.45,91910.2,92631.0,25471.50703,-2299.829311238893,-3777.988656788128,1478.1593455492352
2026-01-20,92630.99,92870.0,87263.53,89559.67,53450.33474,-2313.9036757237773,-3485.171660575258,1171.2679848514808
2026-01-23,89559.68,91224.99,86074.72,86670.36,32571.27675,-2529.0475946139486,-3293.9468473829966,764.899252769048
2026-01-26,86670.36,90600.0,86509.63,89299.99,45224.1038,-2459.015535686136,-3126.9605850436246,667.9450493574886
2026-01-29,89300.0,89348.0,75719.9,78741.09,105119.12127,-3218.429557487034,-3145.2543795323068,-73.17517795472713
2026-02-01,78741.1,79424.0,72945.5,75770.21,106789.18073,-4013.7280696388625,-3318.949117553618,-694.7789520852443
2026-02-04,75770.21,76971.52,60000.0,70580.26,237213.4043,-5005.097809135157,-3656.178855869926,-1348.9189532652313
2026-02-07,70580.26,72271.41,67300.0,70138.0,94828.74046,-5760.053840830136,-4076.953852861968,-1683.0999879681685
2026-02-10,70138.0,70527.59,65118.0,66272.17,73363.75957,-6594.287269185705,-4580.420536126716,-2013.8667330589888
2026-02-13,66272.17,70983.0,65872.46,68832.58,60649.38556,-6968.4911544308125,-5058.034659787536,-1910.4564946432765
2026-02-16,68832.59,70126.67,65870.0,66461.0,47497.27294,-7371.443700939868,-5520.716468018002,-1850.7272329218658
2026-02-19,66461.0,68698.7,65631.83,67975.93,57926.9821,-7482.293089789542,-5913.0317923723105,-1569.2612974172316
2026-02-22,67975.93,68245.0,62510.28,64058.15,64353.88029,-7796.402062936264,-6289.705846485102,-1506.6962164511624
2026-02-25,64058.15,69988.83,63913.27,65872.1,72716.35475,-7808.948385909491,-6593.5543543699805,-1215.3940315395103
2026-02-28,65872.09,70096.0,63030.0,68830.06,77760.95939,-7493.824640251361,-6773.608411546256,-720.2162287051051
2026-03-03,68830.06,74050.0,66158.0,70890.72,96481.83043,-6997.14997182689,-6818.316723602383,-178.83324822450686
2026-03-06,70891.02,71419.98,65618.49,65971.2,56943.06938,-6920.718137912263,-6838.79700646436,-81.92113144790346
2026-03-09,65971.2,71777.0,65821.97,70191.86,88748.57398,-6445.276237974453,-6760.092852766379,314.81661479192644
2026-03-12,70191.86,73913.74,69205.91,71211.95,71011.02465,-5917.953880610352,-6591.665058335174,673.7111777248219
2026-03-15,71211.95,76000.0,70858.82,73909.36,66968.10359,-5222.190507967709,-6317.770148261681,1095.5796402939723
2026-03-18,73909.37,74672.34,68793.35,70510.73,63878.86657,-4888.680395407602,-6031.952197690865,1143.2718022832632
2026-03-21,70510.73,71817.09,67360.66,70906.45,56576.04551,-4540.104433767541,-5733.582644906201,1193.4782111386594
2026-03-24,70906.45,72026.09,68153.0,68820.31,59242.38078,-4381.680253750208,-5463.202166675002,1081.5219129247944
2026-03-27,68820.31,69179.05,65000.0,66010.93,50118.94988,-4431.735152554291,-5256.908763850861,825.17361129657
2026-03-30,66010.93,69310.0,65800.59,68113.92,59478.98627,-4252.687963269127,-5056.064603734514,803.376640465387
2026-04-02,68113.92,68653.38,65712.12,67300.42,39006.1266,-4128.839732766282,-4870.619629540868,741.7798967745857
2026-04-05,67300.42,72761.0,66611.66,71924.22,55765.57457,-3615.905196243926,-4619.67674288148,1003.7715466375539
2026-04-08,71924.22,73434.0,70466.0,72962.7,55333.74074,-3089.9848021452926,-4313.738354734243,1223.7535525889507
2026-04-11,72962.71,74900.0,70505.88,74417.99,46773.628,-2526.6338973427046,-3956.3174632559358,1429.6835659132312
2026-04-14,74418.0,76038.0,73309.85,75154.29,58046.674,-1997.7323748068593,-3564.600445566121,1566.8680707592616
2026-04-17,75154.28,78333.0,73762.9,73801.79,46453.03382,-1668.4763970388158,-3185.37563586066,1516.8992388218444
2026-04-20,73801.8,79472.82,73724.31,78178.23,51643.49391,-1042.3806150605524,-2756.7766317006385,1714.3960166400861
2026-04-23,78178.22,78662.5,76960.0,77625.0,35331.05236,-584.1030580683437,-2322.2419169741797,1738.138858905836
2026-04-26,77625.0,79485.66,75666.6,76342.77,37221.20963,-320.6833987944847,-1921.9302133382407,1601.246814543756
2026-04-29,76342.78,78914.12,74937.52,78231.13,45977.21131,39.99244136361813,-1529.545682397869,1569.5381237614872
2026-05-02,78231.13,80776.99,78040.0,79861.01,39619.63067,452.136390873653,-1133.2092677435646,1585.3456586172176
2026-05-05,79861.01,82850.0,79500.0,80006.0,51900.75729,781.4547970040439,-750.2764547940429,1531.7312517980868
2026-05-08,80006.0,82479.32,79181.48,82210.07,35584.05068,1206.3855733511737,-358.9440491649997,1565.3296225161735
2026-05-11,82210.07,82380.0,78754.65,79313.61,40148.07375,1294.5039243541687,-28.254454461166006,1322.7583788153347
2026-05-14,79313.61,82048.13,77640.0,78148.05,49212.00078,1255.8111916715716,228.55867476538154,1027.25251690619
2026-05-17,78148.05,78599.99,76051.0,76834.36,38213.07876,1106.3893504909502,404.1248099104953,702.2645405804549
2026-05-20,76834.36,78200.0,75359.18,75539.5,33886.88282,873.4188555432484,497.98361903704597,375.4352365062024
2026-05-23,75539.5,77905.52,74289.6,77322.01,31157.21167,823.1331531706383,563.0135258637645,260.1196273068738
2026-05-26,77322.01,78080.0,72582.82,73617.51,55105.27138,478.83941879699705,546.178704450411,-67.33928565341398
2026-05-29,73617.52,74514.1,72512.49,73490.0,17707.70411,193.46501814758813,475.6359671898465,-282.17094904225837
